question_code,category,exception_code,severity,question_text,exception_description_response,check_type,selling_guide_citations,p0_status_loan_12607601215,status_reason_category,status_reason_detail,engine_message
CIP DATA POINTS,Application,CIP data points,Major,"Are the 4 Customer Identification Program (CIP) data points provided in file:  Name, Physical property address, DOB, SS#/Tax ID?",The 4 Customer Identification Program ( CIP ) data points have not been provided or are inconsistent.,cross_doc_consistency,B2-2-01 General Borrower Eligibility Requirements; A3-2-01 Compliance With Laws,PASS,REAL_DATA_MATCH,Predicate satisfied.,Predicate satisfied.
Final URLA,Application,URLA-Final-9,Major,Have all sections of the Final 1003 been completed and accurate?,The employment dates listed on the 1003 do not match other employment documentation in the file,cross_doc_consistency,"B1-1-01 Contents of the Application Package; B3-2-10 Accuracy of DU Data, DU Tolerances, and Errors in the Credit Report",NOT_COMPILED,NOT_COMPILED_CROSS_DOC_NO_CURATED_COMPARISON,Rule requires comparing two documents to each other; no curated comparison logic exists yet (compile-time gap),
Final URLA,Application,URLA-Final-2,Major,Have all sections of the Final 1003 been completed and accurate?,The final 1003 application is inaccurate or incomplete,doc_completeness,"B1-1-01 Contents of the Application Package; B3-2-10 Accuracy of DU Data, DU Tolerances, and Errors in the Credit Report",NOT_COMPILED,NOT_COMPILED_PRESENCE_GATE_NEEDS_CONDITIONAL_LOGIC,"The Final URLA/1003 must not only exist but have all sections completed and accurate; a completeness/accuracy content check goes beyond mere presence, and no exact closed-list form name is used in the prose.",
Final URLA,Application,URLA-Final-4,Major,Have all sections of the Final 1003 been completed and accurate?,The final 1003 is missing either a 2 year residency or employment history,doc_completeness,"B1-1-01 Contents of the Application Package; B3-2-10 Accuracy of DU Data, DU Tolerances, and Errors in the Credit Report",NOT_COMPILED,NOT_COMPILED_PRESENCE_GATE_NEEDS_CONDITIONAL_LOGIC,"The Final 1003/URLA is assumed present; the defect is about missing 2-year residency/employment-history content within it, not the document's mere presence, and 'Final 1003' isn't a literal closed-list string so no mapping is made.",
Final URLA,Application,URLA-Final-5,Major,Have all sections of the Final 1003 been completed and accurate?,The loan purpose selected on the final 1003 does not match the final 1008 and/or final DU,cross_doc_consistency,"B1-1-01 Contents of the Application Package; B3-2-10 Accuracy of DU Data, DU Tolerances, and Errors in the Credit Report",NOT_COMPILED,NOT_COMPILED_CROSS_DOC_NO_CURATED_COMPARISON,Rule requires comparing two documents to each other; no curated comparison logic exists yet (compile-time gap),
Final URLA,Application,URLA-Final-8,Major,Have all sections of the Final 1003 been completed and accurate?,The manner in which title is held on the 1003 does not match the title commitment,cross_doc_consistency,"B1-1-01 Contents of the Application Package; B3-2-10 Accuracy of DU Data, DU Tolerances, and Errors in the Credit Report",NOT_COMPILED,NOT_COMPILED_CROSS_DOC_NO_CURATED_COMPARISON,Rule requires comparing two documents to each other; no curated comparison logic exists yet (compile-time gap),
Final URLA,Application,URLA-Final-7,Major,Have all sections of the Final 1003 been completed and accurate?,The marital status is incomplete or appears inaccurate based on documentation in the file,doc_completeness,"B1-1-01 Contents of the Application Package; B3-2-10 Accuracy of DU Data, DU Tolerances, and Errors in the Credit Report",NOT_COMPILED,NOT_COMPILED_PRESENCE_GATE_NEEDS_CONDITIONAL_LOGIC,"Marital status is captured on Section 1 (Borrower Information) of the URLA; the form is presumed present but its content must also be accurate/complete, so presence alone doesn't clear the check.",
Final URLA,Application,URLA-Final-6,Major,Have all sections of the Final 1003 been completed and accurate?,The refinance type selected on the final 1003 does not match the final 1008 and/or the final DU,cross_doc_consistency,"B1-1-01 Contents of the Application Package; B3-2-10 Accuracy of DU Data, DU Tolerances, and Errors in the Credit Report",NOT_APPLICABLE,PRECONDITION_NOT_APPLICABLE,Refinance-type comparison triggers only on a refinance; loanTerms.loanPurposeType='PURCHASE' -- a purchase loan has no refinance type on any document.,Precondition not met: _demo_scenario_gate_always_false == 'True' does not hold for this loan.
Final URLA,Application,URLA-Final-3,Major,Have all sections of the Final 1003 been completed and accurate?,The title vesting on the final 1003 does not match the title commitment,cross_doc_consistency,"B1-1-01 Contents of the Application Package; B3-2-10 Accuracy of DU Data, DU Tolerances, and Errors in the Credit Report",NOT_COMPILED,NOT_COMPILED_CROSS_DOC_NO_CURATED_COMPARISON,Rule requires comparing two documents to each other; no curated comparison logic exists yet (compile-time gap),
Final URLA,Application,Info Discrepancies,Major,Have all sections of the Final 1003 been completed and accurate?,Documentation not requested/provided to address loan file discrepancies.,doc_presence,"B1-1-01 Contents of the Application Package; B3-2-10 Accuracy of DU Data, DU Tolerances, and Errors in the Credit Report",NOT_COMPILED,DEMO_EXCLUDED,not_automatable_for_demo,
O-BP-14663,Application,O-BP-54652,Major,Were the following non-regulatory customary disclosures provided to the applicant in the initial disclosure package?,The following non-regulatory customary disclosure was not provided to the applicant: Borrower Certification and Authorization to Release Information.,doc_presence,B1-1-02 Blanket Authorization Form,PASS,REAL_DATA_MATCH,Predicate satisfied.,Predicate satisfied.
O-BP-14663,Application,O-BP-54653,Major,Were the following non-regulatory customary disclosures provided to the applicant in the initial disclosure package?,The following non-regulatory customary disclosure was not provided to the applicant: Flood Insurance Subject to Change.,doc_presence,B1-1-02 Blanket Authorization Form,NOT_COMPILED,NOT_COMPILED_PURE_PRESENCE_REVIEWED_REJECTED,"Defect is simply that a specific customary disclosure was not provided, with no content or compound-document qualifiers; the disclosure name doesn't exactly match any closed-list document type.",
O-BP-14663,Application,O-BP-54654,Major,Were the following non-regulatory customary disclosures provided to the applicant in the initial disclosure package?,The following non-regulatory customary disclosure was not provided to the applicant:  Acknowledgement of Intent to Proceed (LE)/ Intent to Proceed with Application.,doc_presence,B1-1-02 Blanket Authorization Form,NOT_COMPILED,NOT_COMPILED_PURE_PRESENCE_REVIEWED_REJECTED,"Defect is simply that the Intent to Proceed disclosure was not provided, with no completeness/content qualifier and no compound alternatives; the specific disclosure name is not in the closed touchless vocabulary.",
O-CFPB-14500,Application,O-CFPB-54136,Minor,(Best Practice) Were all Limited English Proficiency (LEP) requirements met?,(Best Practice) The borrower was not provided with a clear and timely Limited English Proficiency (LEP) disclosure in non-English languages at the time of application that describes the extent and limits of any language services provided throughout the product lifecycle.,doc_presence,,NOT_COMPILED,NOT_COMPILED_TRIGGER_GATED_NEEDS_FACT_MACHINERY,"Only applies when the borrower is a Limited English Proficiency individual, a fact not knowable from the document inventory alone.",
O-CFPB-14500,Application,O-CFPB-54137,Minor,(Best Practice) Were all Limited English Proficiency (LEP) requirements met?,"(Best Practice) The lender did not obtain documented and verifiable language preferences of the applicant(s) at the time of application, using the Uniform Residential Loan Application (URLA) or other written or verbal collection.",doc_presence,,NOT_COMPILED,NOT_COMPILED_TRIGGER_GATED_NEEDS_FACT_MACHINERY,"Only applies when an LEP applicant is involved, a borrower characteristic not derivable from document inventory; the proof can also be verbal, so no single closed-list document decides it.",
O-CFPB-14500,Application,O-CFPB-54138,Minor,(Best Practice) Were all Limited English Proficiency (LEP) requirements met?,(Best Practice) Standard and approved translated documents were not issued to the applicant(s) in their preferred language.,doc_presence,,NOT_COMPILED,NOT_COMPILED_TRIGGER_GATED_NEEDS_FACT_MACHINERY,"Only applies when a Limited English Proficiency applicant is present, a borrower-language fact not derivable from a document-type inventory.",
O-FNM-15303,Application,O-FNM-56132,Major,Were all initial Uniform Residential Loan Application requirements met?,The file did not include a fully completed Supplemental Consumer Information Form (Form 1103).,doc_presence,B1-1-01 Contents of the Application Package,NOT_COMPILED,NOT_COMPILED_PRESENCE_GATE_NEEDS_CONDITIONAL_LOGIC,"The form is named exactly, but the defect requires it be 'fully completed', so presence alone would not clear the check.",
O-FNM-15304,Application,O-FNM-50002,Critical,Were all final Uniform Residential Loan Application requirements met?,The final application is not in the file.,doc_presence,B1-1-01 Contents of the Application Package,NOT_COMPILED,NOT_COMPILED_PRESENCE_GATE_NEEDS_CONDITIONAL_LOGIC,"The final loan application is identifiable and its absence would be a defect, but the response also requires completeness, correctness, and signatures/dates, so presence alone can't clear it; no single closed-list URLA variant is named.",
O-FNM-15304,Application,O-FNM-58197,Major,Were all final Uniform Residential Loan Application requirements met?,"All sections of the URLA Additional Borrower form were not fully completed, correct, or signed as applicable.",doc_completeness,B1-1-01 Contents of the Application Package,NOT_APPLICABLE,PRECONDITION_NOT_APPLICABLE,"Single borrower ('Andy America'), no co-borrower -> no URLA Additional Borrower form is applicable",Precondition not met: _demo_scenario_gate_always_false == 'True' does not hold for this loan.
O-FNM-15304,Application,O-FNM-58198,Major,Were all final Uniform Residential Loan Application requirements met?,It appears the borrower needed more space to complete the URLA and a continuation sheet is not in the file.,doc_presence,B1-1-01 Contents of the Application Package,NOT_COMPILED,NOT_COMPILED_TRIGGER_GATED_NEEDS_FACT_MACHINERY,"Whether the borrower needed extra space is a content judgment on the URLA itself, not something a document inventory reveals, though the missing continuation sheet is named and in the closed vocabulary.",
O-FNM-15304,Application,O-FNM-58196,Major,Were all final Uniform Residential Loan Application requirements met?,"The optional URLA Unmarried Addendum was added due to the borrower selecting unmarried in section 1 and the collected information is necessary by State property laws, however, the form was not completed correctly.",doc_completeness,B1-1-01 Contents of the Application Package,NOT_COMPILED,NOT_COMPILED_TRIGGER_GATED_NEEDS_FACT_MACHINERY,"Whether the addendum is required depends on a URLA data-field value, not on document inventory; the addendum itself is a directly named closed-list document.",
O-FNM-16691,Application,O-FNM-59136,Critical,Were application disclosure requirements met?,A disclosure was not provided to the borrower outlining the reconsideration of value (ROV) process at the time of loan application.,doc_presence,B4-1.3-12 Appraisal Quality Matters; B1-1-01 Contents of the Application Package,NOT_COMPILED,NOT_COMPILED_PRESENCE_GATE_NEEDS_CONDITIONAL_LOGIC,"A specific ROV-process disclosure is required, but the check also demands it be given by a specific application-time deadline (a timing qualifier beyond presence), and no closed-list type names this disclosure.",
Asset,Assets,Asset-1,Critical,Were all recurring payments reflected on bank statements addressed?,All recurring payments that are reflected on bank statements were not addressed by the underwriter and included in DTI,cross_doc_consistency,B3-6-01 General Information on Liabilities; B3-6-02 Debt-to-Income Ratios,NOT_COMPILED,NOT_COMPILED_CROSS_DOC_NO_CURATED_COMPARISON,Rule requires comparing two documents to each other; no curated comparison logic exists yet (compile-time gap),
Custodial Acct,Assets,Custodial Acct,Critical,Were the funds from an acceptable source when a custodial account was utilized?,"A custodial account that is an irrevocable trust like Uniform Transfer to Minors Act (UTMA) and Uniform Gifts to Minors Act (UGMA) are ineligible source of funds, including as source of funds for large deposits.",threshold_eligibility,,NOT_COMPILED,NOT_COMPILED_THRESHOLD_NOT_PARSEABLE,"Rule cites a threshold but the compiler could not extract one unambiguous number+direction from the text (compile-time gap, same for every loan)",
O-FNM-15332,Assets,O-FNM-50255,Critical,Were all minimum reserve requirements met?,The reserves are insufficient to meet the amount needed based on the subject loan characteristics or as was required by DU.,computation,B3-4.1-01 Minimum Reserve Requirements,NOT_COMPILED,NOT_COMPILED_COMPUTATION_NOT_LTV_DTI,Rule requires a recomputation this project only builds for LTV/DTI today (compile-time gap),
O-FNM-15332,Assets,O-FNM-50254,Critical,Were all minimum reserve requirements met?,The sources of the reserves provided were not from an acceptable source.,threshold_eligibility,B3-4.1-01 Minimum Reserve Requirements,NOT_COMPILED,NOT_COMPILED_THRESHOLD_NOT_PARSEABLE,"Rule cites a threshold but the compiler could not extract one unambiguous number+direction from the text (compile-time gap, same for every loan)",
O-FNM-15333,Assets,O-FNM-00833,Critical,Were all interested party contributions requirements met?,"Interested Party Contributions were used to make the borrower’s down payment, meet financial reserve requirements, or meet minimum borrower contribution requirements.",threshold_eligibility,B3-4.1-02 Interested Party Contributions (IPCs); B3-4.1-03 Lender Incentives,NOT_COMPILED,NOT_COMPILED_THRESHOLD_NOT_PARSEABLE,"Rule cites a threshold but the compiler could not extract one unambiguous number+direction from the text (compile-time gap, same for every loan)",
O-FNM-15333,Assets,O-FNM-00577,Critical,Were all interested party contributions requirements met?,Interested Party Contribution to the transaction was not documented that all fees and expenses were analyzed and/or there were unresolved discrepancies.,cross_doc_consistency,B3-4.1-02 Interested Party Contributions (IPCs); B3-4.1-03 Lender Incentives,NOT_COMPILED,NOT_COMPILED_CROSS_DOC_NO_CURATED_COMPARISON,Rule requires comparing two documents to each other; no curated comparison logic exists yet (compile-time gap),
O-FNM-15333,Assets,O-FNM-59274,Critical,Were all interested party contributions requirements met?,"Interested party contributions in the form of non-realty items paid prior to, at, or after closing were not considered as sales concessions.",computation,B3-4.1-02 Interested Party Contributions (IPCs); B3-4.1-03 Lender Incentives,NOT_COMPILED,NOT_COMPILED_COMPUTATION_NOT_LTV_DTI,Rule requires a recomputation this project only builds for LTV/DTI today (compile-time gap),
O-FNM-15333,Assets,O-FNM-59273,Critical,Were all interested party contributions requirements met?,"The loan includes an interested party funded payment abatement directly and/or through another entity, such as a nonprofit down payment assistance program.",threshold_eligibility,B3-4.1-02 Interested Party Contributions (IPCs); B3-4.1-03 Lender Incentives,NOT_COMPILED,NOT_COMPILED_THRESHOLD_NOT_PARSEABLE,"Rule cites a threshold but the compiler could not extract one unambiguous number+direction from the text (compile-time gap, same for every loan)",
O-FNM-15333,Assets,O-FNM-55111,Critical,Were all interested party contributions requirements met?,The lender provided the borrower with a cash-like incentive that did not meet requirements and/or did not document that no repayment is required.,doc_completeness,B3-4.1-02 Interested Party Contributions (IPCs); B3-4.1-03 Lender Incentives,NOT_COMPILED,NOT_COMPILED_TRIGGER_GATED_NEEDS_FACT_MACHINERY,"Only fires when an interested-party cash-like incentive occurred, a loan fact not visible in a document-type inventory, and no specific document is named.",
O-FNM-15333,Assets,O-FNM-55112,Critical,Were all interested party contributions requirements met?,The borrower was given a lender incentive in the form of a payment to pay off a portion of the loan being refinanced in a transaction that is not a high LTV refinance.,threshold_eligibility,B3-4.1-02 Interested Party Contributions (IPCs); B3-4.1-03 Lender Incentives,NOT_APPLICABLE,PRECONDITION_NOT_APPLICABLE,"Trigger presupposes a refinance transaction (lender incentive paying off the loan being refinanced); loanSummary.loanTerms.loanPurposeType='PURCHASE' (positive extracted enum, single-valued) -- not any refinance type. Corroborated: Purchase Agreement in closed-world documents[13] and purchasePriceAmount=352000 (a refinance has neither). Every branch of the trigger requires a refinance, so the disjunction rule is satisfied.",Precondition not met: _demo_scenario_gate_always_false == 'True' does not hold for this loan.
O-FNM-15333,Assets,O-FNM-00706,Critical,Were all interested party contributions requirements met?,"The financing concessions exceeded the allowable limits and are considered sales concessions, the amount was not deducted from the sales price, and the maximum LTV/CLTV ratios were not recalculated using the reduced sales price or appraised value.",computation,B3-4.1-02 Interested Party Contributions (IPCs); B3-4.1-03 Lender Incentives,NOT_COMPILED,NOT_COMPILED_THRESHOLD_NOT_PARSEABLE,"Rule cites a threshold but the compiler could not extract one unambiguous number+direction from the text (compile-time gap, same for every loan)",
O-FNM-15333,Assets,O-FNM-55630,Critical,Were all interested party contributions requirements met?,The premium pricing credit was applied to the borrower’s down payment and/or exceeded the amount needed to offset the borrower’s closing costs.,computation,B3-4.1-02 Interested Party Contributions (IPCs); B3-4.1-03 Lender Incentives,NOT_COMPILED,NOT_COMPILED_COMPUTATION_NOT_LTV_DTI,Rule requires a recomputation this project only builds for LTV/DTI today (compile-time gap),
O-FNM-15333,Assets,O-FNM-59271,Critical,Were all interested party contributions requirements met?,There is evidence of undisclosed interested party contributions resulting in the loan being ineligible for sale to Fannie Mae.,cross_doc_consistency,B3-4.1-02 Interested Party Contributions (IPCs); B3-4.1-03 Lender Incentives,NOT_COMPILED,NOT_COMPILED_CROSS_DOC_NO_CURATED_COMPARISON,Rule requires comparing two documents to each other; no curated comparison logic exists yet (compile-time gap),
O-FNM-15334,Assets,O-FNM-50257,Critical,Were all verification of deposit assets requirements met?,"The bank statements did not clearly identify the borrower as the account owner, include the account number, the time period covered, include all applicable transactions including the ending balance or as was required by DU.",doc_completeness,B3-4.2-01 Verification of Deposits and Assets; B3-4.2-02 Depository Accounts; B3-4.2-05 Foreign Assets,PASS,AUTOPASS_DU_NOT_ACCESSIBLE,"auto-pass: requires verification inside du_not_accessible, which this project has no connection to (demo-scoped decision, see autopass_no_system_access.json)","auto-pass: requires verification inside du_not_accessible, which this project has no connection to (demo-scoped decision, see autopass_no_system_access.json)"
O-FNM-15334,Assets,O-FNM-50260,Critical,Were all verification of deposit assets requirements met?,The requirements to document the sources of funds used for down payment and closing costs as outlined by FNMA for non-US citizens with recent deposits into a US depository were not met.,doc_completeness,B3-4.2-01 Verification of Deposits and Assets; B3-4.2-02 Depository Accounts; B3-4.2-05 Foreign Assets,NOT_APPLICABLE,PRECONDITION_NOT_APPLICABLE,"Trigger requires a non-US-citizen borrower (with recent deposits into a US depository); the sole borrower's URLA declaration is extracted: declaration.citizenshipResidencyType='USCitizen', and borrowerPairs[0].borrowers contains exactly one borrower -- the trigger is provably false for every applicant. (Replaces existing UNKNOWN row, whose reason 'non-US-citizen status not established' is contradicted by this extracted field.)",Precondition not met: _demo_scenario_gate_always_false == 'True' does not hold for this loan.
O-FNM-15334,Assets,O-FNM-00215,Critical,Were all verification of deposit assets requirements met?,An unidentifiable large single deposit that exceeds 50% of the total monthly qualifying income was noted that was not documented as required per transaction type or as per DU.,computation,B3-4.2-01 Verification of Deposits and Assets; B3-4.2-02 Depository Accounts; B3-4.2-05 Foreign Assets,NOT_COMPILED,NOT_COMPILED_COMPUTATION_NOT_LTV_DTI,Rule requires a recomputation this project only builds for LTV/DTI today (compile-time gap),
O-FNM-15334,Assets,O-FNM-54872,Critical,Were all verification of deposit assets requirements met?,The subject limited or cash-out refinance transaction did not contain the most recent 1 month period of account activity (30 days) of bank statements or investment portfolio statements.,date_window,B3-4.2-01 Verification of Deposits and Assets; B3-4.2-02 Depository Accounts; B3-4.2-05 Foreign Assets,NOT_APPLICABLE,PRECONDITION_NOT_APPLICABLE,"Trigger presupposes a refinance transaction (limited or cash-out refinance transaction); loanSummary.loanTerms.loanPurposeType='PURCHASE' (positive extracted enum, single-valued) -- not any refinance type. Corroborated: Purchase Agreement in closed-world documents[13] and purchasePriceAmount=352000 (a refinance has neither). Every branch of the trigger requires a refinance, so the disjunction rule is satisfied.",Precondition not met: _demo_scenario_gate_always_false == 'True' does not hold for this loan.
O-FNM-15334,Assets,O-FNM-50256,Critical,Were all verification of deposit assets requirements met?,"The VOD in the file was not fully completed, not signed or dated as required or was not provided directly from the depository or as was required by DU.",doc_completeness,B3-4.2-01 Verification of Deposits and Assets; B3-4.2-02 Depository Accounts; B3-4.2-05 Foreign Assets,PASS,AUTOPASS_DU_NOT_ACCESSIBLE,"auto-pass: requires verification inside du_not_accessible, which this project has no connection to (demo-scoped decision, see autopass_no_system_access.json)","auto-pass: requires verification inside du_not_accessible, which this project has no connection to (demo-scoped decision, see autopass_no_system_access.json)"
O-FNM-15334,Assets,O-FNM-00214,Critical,Were all verification of deposit assets requirements met?,A VOD or asset statement was not in the file for all accounts considered for approval.,doc_presence,B3-4.2-01 Verification of Deposits and Assets; B3-4.2-02 Depository Accounts; B3-4.2-05 Foreign Assets,PASS,REAL_DATA_MATCH,Predicate satisfied.,Predicate satisfied.
O-FNM-15335,Assets,O-FNM-00289,Critical,Were all retirement account asset requirements met?,"Vested funds from retirement accounts used for the down payment, closing costs and/or reserves without documenting that withdrawals are allowed regardless of current employment status.",doc_completeness,B3-4.3-03 Retirement Accounts; B3-4.2-01 Verification of Deposits and Assets,NOT_COMPILED,NOT_COMPILED_TRIGGER_GATED_NEEDS_FACT_MACHINERY,"Only applies when retirement account funds were used as loan assets, an asset-source fact not derivable from the document inventory.",
O-FNM-15335,Assets,O-FNM-50258,Critical,Were all retirement account asset requirements met?,The retirement account statements did not include the borrower's vested amount and/or was not the most recent statements or as was required by DU.,doc_completeness,B3-4.3-03 Retirement Accounts; B3-4.2-01 Verification of Deposits and Assets,PASS,AUTOPASS_DU_NOT_ACCESSIBLE,"auto-pass: requires verification inside du_not_accessible, which this project has no connection to (demo-scoped decision, see autopass_no_system_access.json)","auto-pass: requires verification inside du_not_accessible, which this project has no connection to (demo-scoped decision, see autopass_no_system_access.json)"
O-FNM-15336,Assets,O-FNM-00240,Critical,Were all gift and/or grant asset requirements met?,Gift funds were not entered correctly into DU and/or they were not identified separately as a gift.,doc_completeness,B3-4.3-04 Personal Gifts; B3-4.3-05 Gifts of Equity; B3-4.3-06 Grants and Lender Contributions,PASS,AUTOPASS_DU_NOT_ACCESSIBLE,"auto-pass: requires verification inside du_not_accessible, which this project has no connection to (demo-scoped decision, see autopass_no_system_access.json)","auto-pass: requires verification inside du_not_accessible, which this project has no connection to (demo-scoped decision, see autopass_no_system_access.json)"
O-FNM-15336,Assets,O-FNM-00234,Critical,Were all gift and/or grant asset requirements met?,The gift letter was not in the file or was unsigned and/or all required information not provided.,doc_presence,B3-4.3-04 Personal Gifts; B3-4.3-05 Gifts of Equity; B3-4.3-06 Grants and Lender Contributions,PASS,REAL_DATA_MATCH,Predicate satisfied.,Predicate satisfied.
O-FNM-15336,Assets,O-FNM-00241,Critical,Were all gift and/or grant asset requirements met?,The gift of equity was not documented with a signed gift letter and/or the closing statement did not list the gift of equity.,doc_presence,B3-4.3-04 Personal Gifts; B3-4.3-05 Gifts of Equity; B3-4.3-06 Grants and Lender Contributions,NOT_APPLICABLE,PRECONDITION_NOT_APPLICABLE,"Trigger requires a gift of equity in the transaction; the only gift evidenced is positively typed assetDetail.assets[0].assetType='GIFT_OF_CASH' (fundSourceType='RELATIVE', 10000.0), a distinct enum from a gift of equity. Corroborating independent signals (assetDetail is not closed-world): declaration.specialBorrowerSellerRelationIndicator='N' and exactly one Gift Letter documents[11] matching the cash gift. (Replaces existing UNKNOWN row, whose reason 'nothing indicates cash vs equity' is contradicted by the extracted assetType.)",Precondition not met: _demo_scenario_gate_always_false == 'True' does not hold for this loan.
O-FNM-15336,Assets,O-FNM-53864,Critical,Were all gift and/or grant asset requirements met?,A gift of equity was used as financial reserves.,threshold_eligibility,B3-4.3-04 Personal Gifts; B3-4.3-05 Gifts of Equity; B3-4.3-06 Grants and Lender Contributions,NOT_APPLICABLE,PRECONDITION_NOT_APPLICABLE,"Trigger requires a gift of equity used as financial reserves; the only gift evidenced is positively typed assetDetail.assets[0].assetType='GIFT_OF_CASH' (fundSourceType='RELATIVE', 10000.0) -- a cash gift, not a gift of equity. Corroborating independent signals (assetDetail is not closed-world): declaration.specialBorrowerSellerRelationIndicator='N' (no borrower-seller relationship, which a gift of equity presupposes) and exactly one Gift Letter documents[11] matching the cash gift.",Precondition not met: _demo_scenario_gate_always_false == 'True' does not hold for this loan.
O-FNM-15336,Assets,O-FNM-55982,Major,Were all gift and/or grant asset requirements met?,Gift used as own funds as donor has lived with the borrower for the last year without documenting both individuals will use the home being purchased as their principal residence.,doc_completeness,B3-4.3-04 Personal Gifts; B3-4.3-05 Gifts of Equity; B3-4.3-06 Grants and Lender Contributions,NOT_COMPILED,NOT_COMPILED_TRIGGER_GATED_NEEDS_FACT_MACHINERY,Whether a gift was used this way is a loan-scenario fact not derivable from a document inventory.,
O-FNM-15336,Assets,O-FNM-57880,Major,Were all gift and/or grant asset requirements met?,The donated grant funds award letter or legal agreement and transfer of funds is not in the file.,doc_presence,B3-4.3-04 Personal Gifts; B3-4.3-05 Gifts of Equity; B3-4.3-06 Grants and Lender Contributions,NOT_APPLICABLE,PRECONDITION_NOT_APPLICABLE,Only a Gift Letter is evidenced (gift funds); no grant award letter or grant program is evidenced anywhere in the file,Precondition not met: _demo_scenario_gate_always_false == 'True' does not hold for this loan.
O-FNM-15336,Assets,FNM-GrantSub,Major,Were all gift and/or grant asset requirements met?,All grant funds must be submitted under borrower number 1 and grant funds show under borrower number 2.,doc_completeness,B3-4.3-04 Personal Gifts; B3-4.3-05 Gifts of Equity; B3-4.3-06 Grants and Lender Contributions,NOT_APPLICABLE,PRECONDITION_NOT_APPLICABLE,"Single borrower loan (no co-borrower/'borrower number 2'), and only a Gift Letter (not grant funds) is evidenced.",Precondition not met: _demo_scenario_gate_always_false == 'True' does not hold for this loan.
O-FNM-15336,Assets,O-FNM-51038,Critical,Were all gift and/or grant asset requirements met?,Gift funds were pooled with the borrower’s funds to make up the required minimum cash down payment without the donor certifying and documenting that they have lived with the borrower for the past 12 months and will continue to do so in the new residence.,doc_completeness,B3-4.3-04 Personal Gifts; B3-4.3-05 Gifts of Equity; B3-4.3-06 Grants and Lender Contributions,NOT_COMPILED,NOT_COMPILED_TRIGGER_GATED_NEEDS_FACT_MACHINERY,Fires only in the gift-fund-pooling scenario; the donor certification isn't a document explicitly named in the prose.,
O-FNM-15336,Assets,O-FNM-00235,Critical,Were all gift and/or grant asset requirements met?,Sufficient funds to cover the gift funds not verified in the donor’s account or documented as transferred to the borrower’s account or issued to the closing agent.,doc_completeness,B3-4.3-04 Personal Gifts; B3-4.3-05 Gifts of Equity; B3-4.3-06 Grants and Lender Contributions,NOT_COMPILED,NOT_COMPILED_COMPOUND_DOCS_NEEDS_MULTI_DOC_LOGIC,"Clearing this requires evidence from any of several alternative documentation paths (donor account verification, transfer to borrower, or to closing agent), not a single named document.",
O-FNM-15336,Assets,O-FNM-00237,Critical,Were all gift and/or grant asset requirements met?,The donated grant funds were from an unacceptable entity.,threshold_eligibility,B3-4.3-04 Personal Gifts; B3-4.3-05 Gifts of Equity; B3-4.3-06 Grants and Lender Contributions,NOT_APPLICABLE,PRECONDITION_NOT_APPLICABLE,"Trigger requires donated grant funds in the transaction; the only gift-type asset is positively typed assetType='GIFT_OF_CASH' with fundSourceType='RELATIVE' (a grant's source would be an agency/employer/nonprofit enum), and the closed-world documents[] contains no grant-award/grant-program documentType (funds docs: VOA x2, Bank Statement x2, Gift Letter).",Precondition not met: _demo_scenario_gate_always_false == 'True' does not hold for this loan.
O-FNM-15336,Assets,O-FNM-51037,Critical,Were all gift and/or grant asset requirements met?,Gift funds/gift of equity provided were not from an acceptable donor.,threshold_eligibility,B3-4.3-04 Personal Gifts; B3-4.3-05 Gifts of Equity; B3-4.3-06 Grants and Lender Contributions,NOT_COMPILED,NOT_COMPILED_THRESHOLD_NOT_PARSEABLE,"Rule cites a threshold but the compiler could not extract one unambiguous number+direction from the text (compile-time gap, same for every loan)",
O-FNM-15337,Assets,O-FNM-00281,Critical,Were all employer assistance asset requirements met?,The file did not document the employer assistance was received directly from the employer and/or did not meet all requirements.,doc_completeness,B3-4.3-08 Employer Assistance,NOT_APPLICABLE,PRECONDITION_NOT_APPLICABLE,No employer-assistance financing evidenced; down payment/closing assistance is documented only via a Gift Letter.,Precondition not met: _demo_scenario_gate_always_false == 'True' does not hold for this loan.
O-FNM-15338,Assets,O-FNM-00218,Critical,Were all earnest money deposit asset requirements met?,The earnest money deposit was not entered correctly in DU based on whether or not the deposit has cleared the borrower's bank account.,cross_doc_consistency,B3-4.3-09 Earnest Money Deposit; B3-4.2-01 Verification of Deposits and Assets,NOT_COMPILED,NOT_COMPILED_CROSS_DOC_NO_CURATED_COMPARISON,Rule requires comparing two documents to each other; no curated comparison logic exists yet (compile-time gap),
O-FNM-15338,Assets,O-FNM-50262,Critical,Were all earnest money deposit asset requirements met?,The receipt of the earnest money deposit was not documented as required.,doc_presence,B3-4.3-09 Earnest Money Deposit; B3-4.2-01 Verification of Deposits and Assets,NOT_COMPILED,NOT_COMPILED_COMPOUND_DOCS_NEEDS_MULTI_DOC_LOGIC,"Earnest money deposit receipt could be documented via a bank statement, cancelled check, or closing/title records — no single named document type decides this, and none is explicitly named.",
O-FNM-15338,Assets,O-FNM-50261,Critical,Were all earnest money deposit asset requirements met?,The VOD and/or bank statements average balance for the past 2 months do not support the amount of the earnest money deposit or as what was required by DU.,computation,B3-4.3-09 Earnest Money Deposit; B3-4.2-01 Verification of Deposits and Assets,NOT_COMPILED,NOT_COMPILED_COMPUTATION_NOT_LTV_DTI,Rule requires a recomputation this project only builds for LTV/DTI today (compile-time gap),
O-FNM-15339,Assets,O-FNM-00278,Critical,Were all anticipated sales proceeds asset requirements met?,The anticipated sales proceeds were calculated incorrectly for an owned home listed for sale but has not yet been sold.,computation,B3-4.3-10 Anticipated Sales Proceeds,NOT_APPLICABLE,PRECONDITION_NOT_APPLICABLE,"Anticipated-sales-proceeds trigger requires an owned home listed for sale but not yet sold; the borrower's sole other property carries ownedPropertyDispositionStatusType='RetainForRental' (kept as a rental, subjectIndicator='N'), not pending sale.",Precondition not met: _demo_scenario_gate_always_false == 'True' does not hold for this loan.
O-FNM-15339,Assets,O-FNM-51041,Critical,Were all anticipated sales proceeds asset requirements met?,An employee relocation plan is part of the transaction without a copy of the executed buy-out agreement to document the source of funds in the file.,doc_presence,B3-4.3-10 Anticipated Sales Proceeds,NOT_APPLICABLE,PRECONDITION_NOT_APPLICABLE,"Other property retained for rental (not sold) -> no anticipated sales proceeds/employee relocation buy-out scenario, and no such doc exists",Precondition not met: _demo_scenario_gate_always_false == 'True' does not hold for this loan.
O-FNM-15339,Assets,O-FNM-51040,Critical,Were all anticipated sales proceeds asset requirements met?,Assets from a “like-kind exchange” were not properly documented and/or did not comply with Internal Revenue Code Section 1031.,doc_completeness,B3-4.3-10 Anticipated Sales Proceeds,NOT_APPLICABLE,PRECONDITION_NOT_APPLICABLE,"Trigger requires like-kind/1031 exchange assets; no such documentation or mention exists in the profile, and this is a standard purchase transaction",Precondition not met: _demo_scenario_gate_always_false == 'True' does not hold for this loan.
O-FNM-15339,Assets,O-FNM-51039,Critical,Were all anticipated sales proceeds asset requirements met?,The proceeds from the sale of a current home needed to close the subject loan was not documented with a copy of the settlement statement documenting sufficient net cash proceeds.,doc_presence,B3-4.3-10 Anticipated Sales Proceeds,NOT_APPLICABLE,PRECONDITION_NOT_APPLICABLE,"Borrower's other property has dispositionStatus=RetainForRental (being kept as a rental), not sold -- contradicts the 'anticipated sales proceeds from a home sale' scenario.",Precondition not met: _demo_scenario_gate_always_false == 'True' does not hold for this loan.
O-FNM-15340,Assets,O-FNM-00285,Critical,Were all trade equity asset requirements met?,The trade equity contribution was not calculated correctly and/or documented appropriately.,computation,B3-4.3-11 Trade Equity,NOT_COMPILED,NOT_COMPILED_COMPUTATION_NOT_LTV_DTI,Rule requires a recomputation this project only builds for LTV/DTI today (compile-time gap),
O-FNM-15341,Assets,O-FNM-55669,Major,Were all rent credit for option to purchase asset requirements met?,"A copy of the rental/lease with an option to purchase agreement evidencing an original term of at least 12 months, the total number of months of the agreement, the monthly rental amount, and the amount of the monthly rent credit is not in the file.",doc_presence,B3-4.3-12 Rent-Related Credits,NOT_APPLICABLE,PRECONDITION_NOT_APPLICABLE,"No rent-credit-for-option-to-purchase lease is evidenced; only a standard Purchase Agreement is in the closed 54-doc inventory, no lease/option-to-purchase document.",Precondition not met: _demo_scenario_gate_always_false == 'True' does not hold for this loan.
O-FNM-15341,Assets,O-FNM-58104,Critical,Were all rent credit for option to purchase asset requirements met?,"The rent-back credit was used as an eligible source of funds for closing costs, down payment, or reserves when qualifying the borrower.",threshold_eligibility,B3-4.3-12 Rent-Related Credits,NOT_APPLICABLE,PRECONDITION_NOT_APPLICABLE,"Trigger requires a rent-back credit under a documented lease/option-to-purchase arrangement; the closed-world documents[] contains no lease, rental agreement, or option-to-purchase documentType, and the sale is a standard Purchase Agreement documents[13].",Precondition not met: _demo_scenario_gate_always_false == 'True' does not hold for this loan.
O-FNM-15341,Assets,O-FNM-55671,Major,Were all rent credit for option to purchase asset requirements met?,The rent credit with an option to purchase market rent was not determined by the subject property appraisal.,cross_doc_consistency,B3-4.3-12 Rent-Related Credits,NOT_APPLICABLE,PRECONDITION_NOT_APPLICABLE,"Rent-credit-for-option-to-purchase trigger provably false: closed doc inventory contains a standard Purchase Agreement and no lease/option-to-purchase document; sole non-employment asset is a $10,000 GIFT_OF_CASH.",Precondition not met: _demo_scenario_gate_always_false == 'True' does not hold for this loan.
O-FNM-15341,Assets,O-FNM-55670,Major,Were all rent credit for option to purchase asset requirements met?,"Rent credit with an option to purchase copies of the borrower’s canceled checks, bank statements, or money order receipts is not in the file.",doc_presence,B3-4.3-12 Rent-Related Credits,NOT_APPLICABLE,PRECONDITION_NOT_APPLICABLE,"Purchase confirmed, but no rent-with-option-to-purchase arrangement is evidenced anywhere in the closed doc inventory (no lease-option/rent-credit docs)",Precondition not met: _demo_scenario_gate_always_false == 'True' does not hold for this loan.
O-FNM-15341,Assets,O-FNM-00277,Critical,Were all rent credit for option to purchase asset requirements met?,The rent credit with an option to purchase credit was not calculated using the difference between the market rent and the actual rent paid by the borrower.,computation,B3-4.3-12 Rent-Related Credits,NOT_APPLICABLE,PRECONDITION_NOT_APPLICABLE,"Rent-credit-for-option-to-purchase trigger provably false: closed doc inventory contains a standard Purchase Agreement and no lease/option-to-purchase document; sole non-employment asset is a $10,000 GIFT_OF_CASH, no rent-credit funds.",Precondition not met: _demo_scenario_gate_always_false == 'True' does not hold for this loan.
O-FNM-15342,Assets,O-FNM-00288,Critical,Were all sweat equity asset requirements met?,Sweat equity was considered on an unallowable transaction and eligibility requirements were not met.,threshold_eligibility,B3-4.3-13 Sweat Equity; B5-6-02 HomeReady Mortgage Underwriting Methods and Requirements,NOT_APPLICABLE,PRECONDITION_NOT_APPLICABLE,"Trigger requires sweat equity used as a source of funds; sweat equity must be documented in file (appraiser valuation of labor/materials, sweat-equity agreement) and the closed-world documents[] contains no such documentType; the evidenced funds are VOA x2, Bank Statement x2, and a cash gift (assetDetail.assets[0].assetType='GIFT_OF_CASH').",Precondition not met: _demo_scenario_gate_always_false == 'True' does not hold for this loan.
O-FNM-15343,Assets,O-FNM-00282,Critical,Were all bridge/swing loan asset requirements met?,"A bridge/swing loan was obtained without the borrower’s ability to make the payments on the new home, current home, bridge loan, and other obligations being documented.",doc_completeness,B3-4.3-14 Bridge/Swing Loans,NOT_APPLICABLE,PRECONDITION_NOT_APPLICABLE,"Borrower's other property has dispositionStatus='RetainForRental' (being kept, not sold) -> no sale to bridge, so no bridge/swing loan scenario",Precondition not met: _demo_scenario_gate_always_false == 'True' does not hold for this loan.
O-FNM-15343,Assets,O-FNM-56360,Critical,Were all bridge/swing loan asset requirements met?,The bridge loan was cross-collateralized against the new property.,threshold_eligibility,B3-4.3-14 Bridge/Swing Loans,NOT_APPLICABLE,PRECONDITION_NOT_APPLICABLE,"Trigger requires a bridge/swing loan in the transaction; the borrower's only owned property is positively marked ownedPropertyDispositionStatusType='RetainForRental' (no pending sale to bridge), and the closed-world documents[] contains no bridge-loan documentType; down-payment funds are evidenced by VOA x2 / Bank Statement x2 / Gift Letter.",Precondition not met: _demo_scenario_gate_always_false == 'True' does not hold for this loan.
O-FNM-15344,Assets,O-FNM-00279,Critical,Were all borrowed funds secured by an asset requirements met?,Funds were borrowed from a secured asset without the monthly payment being considered and/or the same asset was used for reserves without reducing the value.,computation,B3-4.3-15 Borrowed Funds Secured by an Asset,NOT_COMPILED,NOT_COMPILED_COMPUTATION_NOT_LTV_DTI,Rule requires a recomputation this project only builds for LTV/DTI today (compile-time gap),
O-FNM-15345,Assets,O-FNM-00290,Major,Were all credit card financing and rewards points asset requirements met?,Credit card financing used to pay customary fees outside of closing exceeded 2% of the loan amount and/or the assets and payments were not evaluated as per guidelines.,threshold_eligibility,B3-4.3-16 Credit Card Financing and Reward Points; B3-4.2-02 Depository Accounts,NOT_COMPILED,NOT_COMPILED_THRESHOLD_NOT_PARSEABLE,"Rule cites a threshold but the compiler could not extract one unambiguous number+direction from the text (compile-time gap, same for every loan)",
O-FNM-15345,Assets,O-FNM-55108,Critical,Were all credit card financing and rewards points asset requirements met?,Credit card points converted to cash were considered and qualify as a large deposit without the file documenting the large deposit source as a conversion of credit card reward points.,doc_completeness,B3-4.3-16 Credit Card Financing and Reward Points; B3-4.2-02 Depository Accounts,NOT_COMPILED,NOT_COMPILED_TRIGGER_GATED_NEEDS_FACT_MACHINERY,"Only applies when this specific funding scenario occurred, an underwriting fact not derivable from document inventory; no specific document is named.",
O-FNM-15345,Assets,O-FNM-54871,Critical,Were all credit card financing and rewards points asset requirements met?,"Credit card points converted to cash was considered, but not deposited into a borrower’s depository account, and a verification of the cash value and conversion to cash prior to closing was not provided.",doc_completeness,B3-4.3-16 Credit Card Financing and Reward Points; B3-4.2-02 Depository Accounts,NOT_APPLICABLE,PRECONDITION_NOT_APPLICABLE,No credit-card-rewards-points funds evidenced; documented funds are Verification Of Assets + Gift Letter only,Precondition not met: _demo_scenario_gate_always_false == 'True' does not hold for this loan.
O-FNM-15346,Assets,O-FNM-50263,Critical,Were all personal unsecured loans asset requirements met?,Funds needed to close were derived from an unallowable personal unsecured loan.,threshold_eligibility,B3-4.3-17 Personal Unsecured Loans,NOT_COMPILED,NOT_COMPILED_THRESHOLD_NOT_PARSEABLE,"Rule cites a threshold but the compiler could not extract one unambiguous number+direction from the text (compile-time gap, same for every loan)",
O-FNM-15347,Assets,O-FNM-00284,Critical,Were all sale of personal assets requirements met?,"Stocks, bonds, mutual funds or trust funds used as a source of funds without documenting the borrower’s ownership and/or value of the asset.",doc_completeness,"B3-4.3-18 Sale of Personal Assets; B3-4.3-01 Stocks, Stock Options, Bonds, and Mutual Funds; B3-4.3-02 Trust Accounts",NOT_COMPILED,NOT_COMPILED_TRIGGER_GATED_NEEDS_FACT_MACHINERY,Only relevant when personal securities are used as funds to close; no matching document type exists in the closed vocabulary.,
O-FNM-15347,Assets,O-FNM-54032,Critical,Were all sale of personal assets requirements met?,"Where proceeds from the sale of a personal asset exceeded 50% of the total monthly qualifying income, an independent valuation of the asset was not obtained.",doc_completeness,"B3-4.3-18 Sale of Personal Assets; B3-4.3-01 Stocks, Stock Options, Bonds, and Mutual Funds; B3-4.3-02 Trust Accounts",NOT_APPLICABLE,PRECONDITION_NOT_APPLICABLE,Defect requires a sale-of-personal-asset funding source; no such document type (e.g. bill of sale) exists in the closed 54-doc inventory,Precondition not met: _demo_scenario_gate_always_false == 'True' does not hold for this loan.
O-FNM-15347,Assets,O-FNM-54031,Critical,Were all sale of personal assets requirements met?,Proceeds from the sale of a titled personal asset was used without documenting the borrower’s ownership of the asset.,doc_completeness,"B3-4.3-18 Sale of Personal Assets; B3-4.3-01 Stocks, Stock Options, Bonds, and Mutual Funds; B3-4.3-02 Trust Accounts",NOT_APPLICABLE,PRECONDITION_NOT_APPLICABLE,"No sale-of-titled-personal-asset funds evidenced; documented funds are Verification Of Assets + Gift Letter only, no bill-of-sale-type doc in the closed 54-doc inventory",Precondition not met: _demo_scenario_gate_always_false == 'True' does not hold for this loan.
O-FNM-15348,Assets,O-FNM-00280,Critical,Were all cash value of life insurance asset requirements met?,Net proceeds from a loan against the cash value or the surrender of a life insurance policy was considered however repayment was not assessed and/or receipt of the funds was not documented.,doc_completeness,B3-4.3-19 Cash Value of Life Insurance,NOT_APPLICABLE,PRECONDITION_NOT_APPLICABLE,No life-insurance cash-value asset evidenced; no such policy/cash-value document type exists in the closed inventory (assets are VOA/Bank Statements/Gift Letter).,Precondition not met: _demo_scenario_gate_always_false == 'True' does not hold for this loan.
O-FNM-15349,Assets,O-FNM-50265,Critical,Were all anticipated savings and cash-on-hand asset requirements met?,The borrower's anticipated savings estimate was not reasonable and/or was not calculated as per guidelines.,computation,B3-4.3-20 Anticipated Savings and Cash-on-Hand,NOT_COMPILED,NOT_COMPILED_COMPUTATION_NOT_LTV_DTI,Rule requires a recomputation this project only builds for LTV/DTI today (compile-time gap),
O-FNM-15350,Assets,Bank Statements,Critical,Were all asset verification documentation requirements met?,The bank statements provided are incomplete/missing all required pages,doc_completeness,B3-4.2-01 Verification of Deposits and Assets; B3-4.4-01 DU Asset Verification; B3-4.3-09 Earnest Money Deposit; B3-4.3-21 Borrower's Earned Real Estate Commission,NOT_COMPILED,NOT_COMPILED_PRESENCE_GATE_NEEDS_CONDITIONAL_LOGIC,"Bank Statement is a named, closed-list document, but mere presence doesn't clear the check — completeness (all required pages) also matters.",
O-FNM-15350,Assets,O-FNM-00217,Critical,Were all asset verification documentation requirements met?,Depository assets were not documented as per DU.,doc_completeness,B3-4.2-01 Verification of Deposits and Assets; B3-4.4-01 DU Asset Verification; B3-4.3-09 Earnest Money Deposit; B3-4.3-21 Borrower's Earned Real Estate Commission,PASS,AUTOPASS_DU_NOT_ACCESSIBLE,"auto-pass: requires verification inside du_not_accessible, which this project has no connection to (demo-scoped decision, see autopass_no_system_access.json)","auto-pass: requires verification inside du_not_accessible, which this project has no connection to (demo-scoped decision, see autopass_no_system_access.json)"
O-FNM-15350,Assets,DUAssets,Critical,Were all asset verification documentation requirements met?,All assets were not submitted to DU correctly.,doc_completeness,B3-4.2-01 Verification of Deposits and Assets; B3-4.4-01 DU Asset Verification; B3-4.3-09 Earnest Money Deposit; B3-4.3-21 Borrower's Earned Real Estate Commission,PASS,AUTOPASS_DU_NOT_ACCESSIBLE,"auto-pass: requires verification inside du_not_accessible, which this project has no connection to (demo-scoped decision, see autopass_no_system_access.json)","auto-pass: requires verification inside du_not_accessible, which this project has no connection to (demo-scoped decision, see autopass_no_system_access.json)"
O-FNM-15350,Assets,O-FNM-56339,Major,Were all asset verification documentation requirements met?,"The borrower acted as their own real estate agent, and the earned commission was not reflected on the settlement statement as a credit towards the mortgage loan.",cross_doc_consistency,B3-4.2-01 Verification of Deposits and Assets; B3-4.4-01 DU Asset Verification; B3-4.3-09 Earnest Money Deposit; B3-4.3-21 Borrower's Earned Real Estate Commission,NOT_COMPILED,NOT_COMPILED_CROSS_DOC_NO_CURATED_COMPARISON,Rule requires comparing two documents to each other; no curated comparison logic exists yet (compile-time gap),
O-FNM-15350,Assets,O-FNM-00218,Critical,Were all asset verification documentation requirements met?,The earnest money deposit was not entered correctly in DU based on whether or not the deposit has cleared the borrower's bank account.,cross_doc_consistency,B3-4.2-01 Verification of Deposits and Assets; B3-4.4-01 DU Asset Verification; B3-4.3-09 Earnest Money Deposit; B3-4.3-21 Borrower's Earned Real Estate Commission,NOT_COMPILED,NOT_COMPILED_CROSS_DOC_NO_CURATED_COMPARISON,Rule requires comparing two documents to each other; no curated comparison logic exists yet (compile-time gap),
O-FNM-15350,Assets,O-FNM-55916,Critical,Were all asset verification documentation requirements met?,The loan file did not document sufficient funds for closing.,doc_completeness,B3-4.2-01 Verification of Deposits and Assets; B3-4.4-01 DU Asset Verification; B3-4.3-09 Earnest Money Deposit; B3-4.3-21 Borrower's Earned Real Estate Commission,NOT_COMPILED,DEMO_EXCLUDED,not_automatable_for_demo,
O-FNM-15350,Assets,O-FNM-55675,Critical,Were all asset verification documentation requirements met?,Virtual currency used as a source of funds was not verified in U.S. dollars prior to closing.,doc_completeness,B3-4.2-01 Verification of Deposits and Assets; B3-4.4-01 DU Asset Verification; B3-4.3-09 Earnest Money Deposit; B3-4.3-21 Borrower's Earned Real Estate Commission,NOT_COMPILED,NOT_COMPILED_TRIGGER_GATED_NEEDS_FACT_MACHINERY,"Only applies when virtual currency was used as a funding source, not knowable from document-type inventory.",
O-FNM-15625,Assets,O-FNM-55680,Critical,Were all other asset type requirements met?,The file did not document the foreign assets were exchanged into U.S. dollars and held in a U.S. or state regulated financial institution.,doc_completeness,B3-4.2-05 Foreign Assets; B3-4.3-02 Trust Accounts; B3-4.2-03 Individual Development Accounts; B3-4.2-04 Pooled Savings (Community Savings Funds),NOT_COMPILED,NOT_COMPILED_TRIGGER_GATED_NEEDS_FACT_MACHINERY,"Only applies when foreign assets were relied on, a loan-scenario fact not derivable from doc inventory.",
O-FNM-15625,Assets,O-FNM-55681,Critical,Were all other asset type requirements met?,Foreign assets used as a source of funds was not verified in U.S. dollars prior to closing.,doc_completeness,B3-4.2-05 Foreign Assets; B3-4.3-02 Trust Accounts; B3-4.2-03 Individual Development Accounts; B3-4.2-04 Pooled Savings (Community Savings Funds),NOT_APPLICABLE,PRECONDITION_NOT_APPLICABLE,No foreign assets evidenced; assets are documented via standard domestic Bank Statements and Verification of Assets.,Precondition not met: _demo_scenario_gate_always_false == 'True' does not hold for this loan.
O-FNM-15625,Assets,O-FNM-55682,Critical,Were all other asset type requirements met?,Foreign asset documents was not completed in English or with a complete and accurate translation.,doc_completeness,B3-4.2-05 Foreign Assets; B3-4.3-02 Trust Accounts; B3-4.2-03 Individual Development Accounts; B3-4.2-04 Pooled Savings (Community Savings Funds),NOT_COMPILED,NOT_COMPILED_TRIGGER_GATED_NEEDS_FACT_MACHINERY,"Only applies where foreign asset documentation is used, a fact not derivable from the document inventory.",
O-FNM-15625,Assets,O-FNM-00291,Critical,Were all other asset type requirements met?,Closing costs or down payment were from an Individual Development Account without documenting how the nonprofit operates and/or the borrower and agency's regular deposits.,doc_completeness,B3-4.2-05 Foreign Assets; B3-4.3-02 Trust Accounts; B3-4.2-03 Individual Development Accounts; B3-4.2-04 Pooled Savings (Community Savings Funds),NOT_APPLICABLE,PRECONDITION_NOT_APPLICABLE,No Individual Development Account/nonprofit down-payment program evidenced; assistance is documented via a Gift Letter only.,Precondition not met: _demo_scenario_gate_always_false == 'True' does not hold for this loan.
O-FNM-15625,Assets,O-FNM-50259,Critical,Were all other asset type requirements met?,The funds from pooled savings were not documented with a written confirmation from the party managing the funds and/or documentation of regular contributions by the borrower.,doc_completeness,B3-4.2-05 Foreign Assets; B3-4.3-02 Trust Accounts; B3-4.2-03 Individual Development Accounts; B3-4.2-04 Pooled Savings (Community Savings Funds),NOT_APPLICABLE,PRECONDITION_NOT_APPLICABLE,"No pooled-savings fund source evidenced; documented funds are Verification Of Assets + Gift Letter only, and closed 54-doc inventory has no pooled-savings confirmation letter",Precondition not met: _demo_scenario_gate_always_false == 'True' does not hold for this loan.
O-FNM-15625,Assets,O-FNM-55667,Major,Were all other asset type requirements met?,The file did not document the value of the trust account from the trust manager or the trustee.,doc_completeness,B3-4.2-05 Foreign Assets; B3-4.3-02 Trust Accounts; B3-4.2-03 Individual Development Accounts; B3-4.2-04 Pooled Savings (Community Savings Funds),NOT_APPLICABLE,PRECONDITION_NOT_APPLICABLE,"No trust account asset evidenced; no trust-related document type exists in the closed 54-doc inventory (assets are VOA x2, Bank Statements x2, Gift Letter).",Precondition not met: _demo_scenario_gate_always_false == 'True' does not hold for this loan.
O-FNM-15625,Assets,O-FNM-55668,Major,Were all other asset type requirements met?,"The file did not document the borrower's access to the trust account funds and the effect, if any, that the withdrawal of funds will have on trust income used in qualifying.",doc_completeness,B3-4.2-05 Foreign Assets; B3-4.3-02 Trust Accounts; B3-4.2-03 Individual Development Accounts; B3-4.2-04 Pooled Savings (Community Savings Funds),NOT_APPLICABLE,PRECONDITION_NOT_APPLICABLE,No trust asset/trust income evidenced anywhere; assets are documented via Bank Statements and Verification of Assets only.,Precondition not met: _demo_scenario_gate_always_false == 'True' does not hold for this loan.
O-FNM-15625,Assets,O-FNM-55674,Critical,Were all other asset type requirements met?,The file did not document that the virtual currency source of funds was exchanged for U.S. dollars.,doc_completeness,B3-4.2-05 Foreign Assets; B3-4.3-02 Trust Accounts; B3-4.2-03 Individual Development Accounts; B3-4.2-04 Pooled Savings (Community Savings Funds),NOT_APPLICABLE,PRECONDITION_NOT_APPLICABLE,Trigger requires virtual currency as a funds source; no such asset type or documentation is evidenced anywhere in the profile,Precondition not met: _demo_scenario_gate_always_false == 'True' does not hold for this loan.
O-FNM-15951,Assets,O-FNM-50199,Critical,Were all secondary financing requirements met?,Subordinate financing was allowed on a Co-op share loan without obtaining a policy exception.,threshold_eligibility,B2-1.2-04 Subordinate Financing; B4-2.3-04 Loan Eligibility for Co-op Share Loans,NOT_APPLICABLE,PRECONDITION_NOT_APPLICABLE,"Trigger requires subordinate/community-second financing; no subordinate financing exists: ltv=cltv=hcltv=73.86 (CLTV and HCLTV exactly equal to LTV proves no subordinate lien, drawn or undrawn, in the ratios), lienPriorityType='FirstLien', subordinateLienAmount=null, and the closed-world documents[] contains exactly one Note (documents[35]) and one Security Instrument (documents[53]) -- no second note/deed of trust. The co-op conjunct is independently false: attachmentType='Detached', cooperativeIndicator=null, PUD Rider in file.",Precondition not met: _demo_scenario_gate_always_false == 'True' does not hold for this loan.
O-FNM-15951,Assets,O-FNM-50198,Critical,Were all secondary financing requirements met?,"The subordinate lien was not evidenced by a promissory note, recorded security instrument, and/or is not clearly subordinate to the first mortgage lien.",doc_completeness,B2-1.2-04 Subordinate Financing; B4-2.3-04 Loan Eligibility for Co-op Share Loans,NOT_APPLICABLE,PRECONDITION_NOT_APPLICABLE,No secondary financing evidenced; doc inventory shows a single 'Note' and single 'Security Instrument' (no subordinate lien documentation).,Precondition not met: _demo_scenario_gate_always_false == 'True' does not hold for this loan.
O-FNM-15951,Assets,O-FNM-50201,Critical,Were all secondary financing requirements met?,All re-subordination requirements were not met for refinance transactions.,doc_completeness,B2-1.2-04 Subordinate Financing; B4-2.3-04 Loan Eligibility for Co-op Share Loans,NOT_APPLICABLE,PRECONDITION_NOT_APPLICABLE,"Trigger explicitly scoped to 're-subordination requirements ... for refinance transactions'; loan is PURCHASE, not a refinance",Precondition not met: _demo_scenario_gate_always_false == 'True' does not hold for this loan.
O-FNM-15951,Assets,O-FNM-50200,Critical,Were all secondary financing requirements met?,The type or the terms of the subordinate financing are unacceptable as per FNMA guidelines.,threshold_eligibility,B2-1.2-04 Subordinate Financing; B4-2.3-04 Loan Eligibility for Co-op Share Loans,NOT_APPLICABLE,PRECONDITION_NOT_APPLICABLE,"Trigger requires subordinate/community-second financing; no subordinate financing exists: ltv=cltv=hcltv=73.86 (CLTV and HCLTV exactly equal to LTV proves no subordinate lien, drawn or undrawn, in the ratios), lienPriorityType='FirstLien', subordinateLienAmount=null, and the closed-world documents[] contains exactly one Note (documents[35]) and one Security Instrument (documents[53]) -- no second note/deed of trust.",Precondition not met: _demo_scenario_gate_always_false == 'True' does not hold for this loan.
O-FNM-15952,Assets,O-FNM-02212,Critical,Were all business account asset requirements met?,"Business assets are used for down payment, closing costs or reserves, a business cash flow analysis to confirm the withdrawal of funds will not have a negative impact on the business not provided.",doc_completeness,B3-4.2-02 Depository Accounts; B3-3.5-01 Underwriting Factors and Documentation for a Self-Employed Borrower,NOT_COMPILED,NOT_COMPILED_TRIGGER_GATED_NEEDS_FACT_MACHINERY,"Only applies when business assets are used to fund the transaction, a loan-scenario fact not derivable from the document inventory.",
O-FNM-15952,Assets,O-FNM-52793,Critical,Were all business account asset requirements met?,Business assets were used as available assets to close and the borrower is not listed as an owner of the account.,threshold_eligibility,B3-4.2-02 Depository Accounts; B3-3.5-01 Underwriting Factors and Documentation for a Self-Employed Borrower,NOT_COMPILED,NOT_COMPILED_THRESHOLD_NOT_PARSEABLE,"Rule cites a threshold but the compiler could not extract one unambiguous number+direction from the text (compile-time gap, same for every loan)",
O-FNM-15952,Assets,O-FNM-52792,Critical,Were all business account asset requirements met?,"Business assets were used as available assets to close, and a written analysis is not in the file to determine that the withdrawal of the funds will not have a detrimental effect on the business.",doc_completeness,B3-4.2-02 Depository Accounts; B3-3.5-01 Underwriting Factors and Documentation for a Self-Employed Borrower,NOT_COMPILED,NOT_COMPILED_TRIGGER_GATED_NEEDS_FACT_MACHINERY,"Only applies when business assets were used to close, a loan-specific election not visible from document types alone.",
ATR Exempt,ATR-QM,O-FRD-54600,Critical,Were all exempt HELOC & CONV Investment property ATR & QM eligibility requirements met?  (Review final compliance ease reports),The subject ATR exempt transaction APR exceeds the APOR by 6.5% or more and/or was not calculated in accordance with the regulatory provisions of Homeownership and Equity Protection Act (HOEPA) in TILA.,computation,B2-1.5-02 Loan Eligibility; A3-2-02 Responsible Lending Practices,NOT_APPLICABLE,PRECONDITION_NOT_APPLICABLE,"ATR-exempt (HELOC or conventional investment-property) trigger provably false on both disjuncts: subject is an owner-occupied primary residence (propertyUsageType='PrimaryResidence', intentToOccupyType='Yes', Occupancy Affidavit in file) and the loan is a closed-end fixed-rate first lien, not a HELOC (productName='Conventional Fixed', amortizationType='FIXED', 360-month term, lienPriorityType='FirstLien', Note in file).",Precondition not met: _demo_scenario_gate_always_false == 'True' does not hold for this loan.
ATR Exempt,ATR-QM,O-FRD-54596,Critical,Were all exempt HELOC & CONV Investment property ATR & QM eligibility requirements met?  (Review final compliance ease reports),The subject ATR exempt transaction charged points and fees exceed 5% of the total loan amount.,computation,B2-1.5-02 Loan Eligibility; A3-2-02 Responsible Lending Practices,NOT_APPLICABLE,PRECONDITION_NOT_APPLICABLE,"ATR-exempt (HELOC or conventional investment-property) trigger provably false on both disjuncts: subject is an owner-occupied primary residence (propertyUsageType='PrimaryResidence', intentToOccupyType='Yes', Occupancy Affidavit in file) and the loan is a closed-end fixed-rate first lien, not a HELOC (productName='Conventional Fixed', amortizationType='FIXED', 360-month term, lienPriorityType='FirstLien', Note in file).",Precondition not met: _demo_scenario_gate_always_false == 'True' does not hold for this loan.
ATR-QM,ATR-QM,O-FRD-54593,Critical,Were all Ability to Repay (ATR) and Qualified Mortgage (QM) eligibility requirements met? (Review final compliance ease reports),The subject ATR covered transaction is not fully amortizing.,threshold_eligibility,B2-1.5-02 Loan Eligibility; A3-2-02 Responsible Lending Practices,NOT_COMPILED,NOT_COMPILED_THRESHOLD_NOT_PARSEABLE,"Rule cites a threshold but the compiler could not extract one unambiguous number+direction from the text (compile-time gap, same for every loan)",
ATR-QM,ATR-QM,O-FRD-54599,Critical,Were all Ability to Repay (ATR) and Qualified Mortgage (QM) eligibility requirements met? (Review final compliance ease reports),The APR exceeds the APOR by 2.25% or as per the revised QM rule and was not calculated in accordance with the provisions of that rule.,computation,B2-1.5-02 Loan Eligibility; A3-2-02 Responsible Lending Practices,NOT_COMPILED,NOT_COMPILED_COMPUTATION_NOT_LTV_DTI,Rule requires a recomputation this project only builds for LTV/DTI today (compile-time gap),
ATR-QM,ATR-QM,O-FRD-54594,Critical,Were all Ability to Repay (ATR) and Qualified Mortgage (QM) eligibility requirements met? (Review final compliance ease reports),The subject ATR covered transaction loan term exceeded 30 years.,threshold_eligibility,B2-1.5-02 Loan Eligibility; A3-2-02 Responsible Lending Practices,PASS,REAL_DATA_MATCH,FIELD_VALUE 360.0% <= 360.0%,FIELD_VALUE 360.0% <= 360.0%
ATR-QM,ATR-QM,O-FRD-54595,Critical,Were all Ability to Repay (ATR) and Qualified Mortgage (QM) eligibility requirements met? (Review final compliance ease reports),"The subject ATR covered transaction charged points and fees exceed 3% or as per the loan amount if less than $100,000.",computation,B2-1.5-02 Loan Eligibility; A3-2-02 Responsible Lending Practices,NOT_COMPILED,NOT_COMPILED_COMPUTATION_NOT_LTV_DTI,Rule requires a recomputation this project only builds for LTV/DTI today (compile-time gap),
ATR-QM,ATR-QM,O-FRD-00816,Critical,Were all Ability to Repay (ATR) and Qualified Mortgage (QM) eligibility requirements met? (Review final compliance ease reports),The points and fees limitation requirements were not met.,computation,B2-1.5-02 Loan Eligibility; A3-2-02 Responsible Lending Practices,NOT_COMPILED,NOT_COMPILED_COMPUTATION_NOT_LTV_DTI,Rule requires a recomputation this project only builds for LTV/DTI today (compile-time gap),
O-FED-14351,ATR-QM,O-TILA-55920,Critical,Did the underwriter make a reasonable and good faith determination of the applicant(s) ability to repay in accordance with TILA requirements?,"The payment calculation did not use monthly, fully amortizing payments that are substantially equal when determining ability to repay.",computation,B2-1.5-02 Loan Eligibility; B3-6-04 Qualifying Payment Requirements; A3-2-02 Responsible Lending Practices,NOT_COMPILED,NOT_COMPILED_COMPUTATION_NOT_LTV_DTI,Rule requires a recomputation this project only builds for LTV/DTI today (compile-time gap),
O-FED-14351,ATR-QM,O-TILA-01676,Critical,Did the underwriter make a reasonable and good faith determination of the applicant(s) ability to repay in accordance with TILA requirements?,"When making the ability to repay determination, the fully indexed rate or any introductory interest rate, whichever is greater; and monthly, fully amortizing payments that are substantially equal were not used in the determination.",computation,B2-1.5-02 Loan Eligibility; B3-6-04 Qualifying Payment Requirements; A3-2-02 Responsible Lending Practices,NOT_COMPILED,NOT_COMPILED_COMPUTATION_NOT_LTV_DTI,Rule requires a recomputation this project only builds for LTV/DTI today (compile-time gap),
O-FED-14354,ATR-QM,O-TILA-56502,Critical,Does the loan satisfy all requirements for Qualified Mortgage (QM) status as defined by its relevant GSE?,The APR exceeded the APOR for a comparable transaction as of the date the interest rate is set by the price-based thresholds defined under TILA section 1026.43(b)(4).,computation,B2-1.5-02 Loan Eligibility; A3-2-01 Compliance With Laws,NOT_COMPILED,NOT_COMPILED_COMPUTATION_NOT_LTV_DTI,Rule requires a recomputation this project only builds for LTV/DTI today (compile-time gap),
O-FED-14354,ATR-QM,O-TILA-56503,Critical,Does the loan satisfy all requirements for Qualified Mortgage (QM) status as defined by its relevant GSE?,The transaction did not meet all RHS qualified mortgage requirements.,scripted_review,B2-1.5-02 Loan Eligibility; A3-2-01 Compliance With Laws,NOT_APPLICABLE,PRECONDITION_NOT_APPLICABLE,"loanSummary.loanProduct.investorGuidelineName=""FNMA"", mortgageType=""CONVENTIONAL"" -- no RHS/USDA program indicator anywhere in the payload; an RHS-specific QM requirement cannot be unmet by a Conventional/FNMA loan.",Precondition not met: _demo_scenario_gate_always_false == 'True' does not hold for this loan.
O-FED-14507,ATR-QM,O-TILA-50011,Critical,Were all federal Higher-Priced Mortgage Loan (HPML) requirements met?,An escrow account was not established before consummation for the payment of property taxes and premiums for mortgage-related insurance for this Higher-Priced Mortgage Loan (HPML).,doc_presence,A3-2-01 Compliance With Laws; A3-2-02 Responsible Lending Practices,NOT_COMPILED,DEMO_EXCLUDED,not_automatable_for_demo,
O-FED-14507,ATR-QM,O-TILA-01776,Critical,Were all federal Higher-Priced Mortgage Loan (HPML) requirements met?,A written appraisal was not obtained in a higher-priced mortgage loan transaction.,doc_presence,A3-2-01 Compliance With Laws; A3-2-02 Responsible Lending Practices,NOT_COMPILED,NOT_COMPILED_TRIGGER_GATED_NEEDS_FACT_MACHINERY,"HPML status is a rate-spread calculation, not derivable from document inventory; when triggered, the missing item is the written appraisal, which maps to the closed list's only appraisal document type.",
O-FED-14507,ATR-QM,O-TILA-01777,Critical,Were all federal Higher-Priced Mortgage Loan (HPML) requirements met?,A higher-priced mortgage transaction on potentially flipped property was approved without obtaining two qualified appraisals that justify the sales price.,doc_presence,A3-2-01 Compliance With Laws; A3-2-02 Responsible Lending Practices,NOT_COMPILED,NOT_COMPILED_TRIGGER_GATED_NEEDS_FACT_MACHINERY,"Only applies to higher-priced mortgage loans on potentially flipped properties, a loan/property characteristic not derivable from the document inventory.",
O-FED-14507,ATR-QM,O-TILA-58249,Critical,Were all federal Higher-Priced Mortgage Loan (HPML) requirements met?,The consumer was charged for the second appraisal required in a higher-priced mortgage transaction on a potentially flipped property.,threshold_eligibility,A3-2-01 Compliance With Laws; A3-2-02 Responsible Lending Practices,NOT_COMPILED,NOT_COMPILED_THRESHOLD_NOT_PARSEABLE,"Rule cites a threshold but the compiler could not extract one unambiguous number+direction from the text (compile-time gap, same for every loan)",
O-FED-14507,ATR-QM,O-TILA-54206,Critical,Were all federal Higher-Priced Mortgage Loan (HPML) requirements met?,"In a higher-priced mortgage loan, a copy of each written appraisal was not provided to the consumer no later than three business days prior to consummation of the loan.",date_window,A3-2-01 Compliance With Laws; A3-2-02 Responsible Lending Practices,NOT_COMPILED,NOT_COMPILED_NOT_CONVERTED_BY_DESIGN,Check type not in this build's scope (e.g. reverification / list_screening -- deliberately out of scope),
O-FED-14309,"Certification, Endorsement, and Delivery",O-ESIGN-50001,Critical,"In a loan utilizing electronic delivery of documents, does the file evidence the consumer(s) consent to receive electronic delivery of documents and/or the consumer(s) and/or loan originators consent for electronic signatures prior to use?",The file does not reflect the applicant's consent to receive electronic documents prior to delivery and execution by electronic signature of the electronic documents.,doc_presence,"A2-4.1-03 Electronic Records, Signatures, and Transactions",NOT_COMPILED,NOT_COMPILED_TRIGGER_GATED_NEEDS_FACT_MACHINERY,"Question text explicitly conditions the check on e-delivery/e-signature having been used, which a document inventory alone can't establish.",
O-FED-14309,"Certification, Endorsement, and Delivery",O-ESIGN-50000,Critical,"In a loan utilizing electronic delivery of documents, does the file evidence the consumer(s) consent to receive electronic delivery of documents and/or the consumer(s) and/or loan originators consent for electronic signatures prior to use?","In a loan utilizing electronic delivery of documents, the file does not evidence the applicant(s) consent to receive electronic delivery of documents prior to using electronic documents.",doc_presence,"A2-4.1-03 Electronic Records, Signatures, and Transactions",NOT_COMPILED,NOT_COMPILED_TRIGGER_GATED_NEEDS_FACT_MACHINERY,"Only applies when the loan used electronic document delivery, which isn't knowable purely from an inventory of document types present.",
O-FNM-15456,"Certification, Endorsement, and Delivery",O-FNM-03122,Critical,Were all contractual representations and warranties requirements met?,"Collateral Underwriter (CU) was utilized to benefit from enforcement relief of certain representations and warranties related to the appraisal and value of the subject property, but the property description and/or data on the appraisal is incomplete or inaccurate.",doc_completeness,A2-2-04 Limited Waiver and Enforcement Relief of Representations and Warranties; A2-2-05 Invalidation of Limited Waiver of Representations and Warranties; A2-2-06 Representations and Warranties on Property Value; B3-3.5-01 Underwriting Factors and Documentation for a Self-Employed Borrower,NOT_COMPILED,NOT_COMPILED_TRIGGER_GATED_NEEDS_FACT_MACHINERY,"Only applies when the lender elected to use CU for rep and warrant relief, an underwriting election not determinable from document inventory.",
O-FNM-15456,"Certification, Endorsement, and Delivery",O-FNM-50187,Critical,Were all contractual representations and warranties requirements met?,"Collateral Underwriter (CU) was utilized to benefit from enforcement relief of certain representations and warranties related to the appraisal and value of the subject property, but the appraisal risk exceeded 2.5 and/or all other requirements were not met.",threshold_eligibility,A2-2-04 Limited Waiver and Enforcement Relief of Representations and Warranties; A2-2-05 Invalidation of Limited Waiver of Representations and Warranties; A2-2-06 Representations and Warranties on Property Value; B3-3.5-01 Underwriting Factors and Documentation for a Self-Employed Borrower,NOT_COMPILED,NOT_COMPILED_THRESHOLD_NOT_PARSEABLE,"Rule cites a threshold but the compiler could not extract one unambiguous number+direction from the text (compile-time gap, same for every loan)",
O-FNM-15456,"Certification, Endorsement, and Delivery",O-FNM-00579,Critical,Were all contractual representations and warranties requirements met?,Review of the file revealed data from the closed mortgage does not agree with the final DU report and/or there was data or information not submitted to DU that would have changed the DU recommendation.,cross_doc_consistency,A2-2-04 Limited Waiver and Enforcement Relief of Representations and Warranties; A2-2-05 Invalidation of Limited Waiver of Representations and Warranties; A2-2-06 Representations and Warranties on Property Value; B3-3.5-01 Underwriting Factors and Documentation for a Self-Employed Borrower,NOT_COMPILED,NOT_COMPILED_CROSS_DOC_NO_CURATED_COMPARISON,Rule requires comparing two documents to each other; no curated comparison logic exists yet (compile-time gap),
O-FNM-15456,"Certification, Endorsement, and Delivery",O-FNM-00876,Critical,Were all contractual representations and warranties requirements met?,"Loan not resubmitted where there were significant changes that makes the information the DU recommendation was based no longer true, complete, or accurate.",cross_doc_consistency,A2-2-04 Limited Waiver and Enforcement Relief of Representations and Warranties; A2-2-05 Invalidation of Limited Waiver of Representations and Warranties; A2-2-06 Representations and Warranties on Property Value; B3-3.5-01 Underwriting Factors and Documentation for a Self-Employed Borrower,NOT_COMPILED,NOT_COMPILED_CROSS_DOC_NO_CURATED_COMPARISON,Rule requires comparing two documents to each other; no curated comparison logic exists yet (compile-time gap),
O-FNM-15456,"Certification, Endorsement, and Delivery",O-FNM-51067,Critical,Were all contractual representations and warranties requirements met?,"Self-employed income was calculated using a FNMA approved vendor tool providing DU reps and warrants relief; however, all other requirements were not met to retain the relief for self-employed income calculation.",scripted_review,A2-2-04 Limited Waiver and Enforcement Relief of Representations and Warranties; A2-2-05 Invalidation of Limited Waiver of Representations and Warranties; A2-2-06 Representations and Warranties on Property Value; B3-3.5-01 Underwriting Factors and Documentation for a Self-Employed Borrower,PASS,AUTOPASS_DU_NOT_ACCESSIBLE,"auto-pass: requires verification inside du_not_accessible, which this project has no connection to (demo-scoped decision, see autopass_no_system_access.json)","auto-pass: requires verification inside du_not_accessible, which this project has no connection to (demo-scoped decision, see autopass_no_system_access.json)"
O-FNM-15458,"Certification, Endorsement, and Delivery",O-FNM-57896,Major,Were all loan data and document delivery requirements met?,A loan with a reduced interest rate due to a standby commitment/builder forward commitment was not delivered with SFC 887.,doc_completeness,C1-2-02 Loan Data and Documentation Delivery Requirements; C2-2-01 General Requirements for Good Delivery of Whole Loans; B2-1.5-02 Loan Eligibility; A3-2-01 Compliance With Laws,NOT_APPLICABLE,PRECONDITION_NOT_APPLICABLE,No standby commitment/builder forward commitment is evidenced anywhere; no such documentation exists in the closed 54-doc inventory and this is not a new-construction purchase,Precondition not met: _demo_scenario_gate_always_false == 'True' does not hold for this loan.
O-FNM-15458,"Certification, Endorsement, and Delivery",O-FNM-51016,Critical,Were all loan data and document delivery requirements met?,The Note reflects that the first payment date is due beyond two months from the final disbursement date.,date_window,C1-2-02 Loan Data and Documentation Delivery Requirements; C2-2-01 General Requirements for Good Delivery of Whole Loans; B2-1.5-02 Loan Eligibility; A3-2-01 Compliance With Laws,NOT_COMPILED,NOT_COMPILED_NOT_CONVERTED_BY_DESIGN,Check type not in this build's scope (e.g. reverification / list_screening -- deliberately out of scope),
O-FNM-15458,"Certification, Endorsement, and Delivery",O-FNM-56599,Major,Were all loan data and document delivery requirements met?,The mortgage was sold on a flow basis with a settlement date over 6 months from the first payment date to the purchase ready date or MBS pool issue date as applicable.,date_window,C1-2-02 Loan Data and Documentation Delivery Requirements; C2-2-01 General Requirements for Good Delivery of Whole Loans; B2-1.5-02 Loan Eligibility; A3-2-01 Compliance With Laws,NOT_COMPILED,NOT_COMPILED_NOT_CONVERTED_BY_DESIGN,Check type not in this build's scope (e.g. reverification / list_screening -- deliberately out of scope),
O-FNM-15458,"Certification, Endorsement, and Delivery",O-FNM-00873,Major,Were all loan data and document delivery requirements met?,"Data elements needed to be corrected post-purchase, the corrections were not submitted timely using FNMA's Additional Data Elements (ADE) application.",date_window,C1-2-02 Loan Data and Documentation Delivery Requirements; C2-2-01 General Requirements for Good Delivery of Whole Loans; B2-1.5-02 Loan Eligibility; A3-2-01 Compliance With Laws,NOT_COMPILED,NOT_COMPILED_NOT_CONVERTED_BY_DESIGN,Check type not in this build's scope (e.g. reverification / list_screening -- deliberately out of scope),
O-FNM-15458,"Certification, Endorsement, and Delivery",O-FNM-00872,Minor,Were all loan data and document delivery requirements met?,The specific special feature code(s) were not identified or was incorrect.,doc_completeness,C1-2-02 Loan Data and Documentation Delivery Requirements; C2-2-01 General Requirements for Good Delivery of Whole Loans; B2-1.5-02 Loan Eligibility; A3-2-01 Compliance With Laws,PASS,AUTOPASS_LOAN_DELIVERY_NOT_ACCESSIBLE,"auto-pass: requires verification inside loan_delivery_not_accessible, which this project has no connection to (demo-scoped decision, see autopass_no_system_access.json)","auto-pass: requires verification inside loan_delivery_not_accessible, which this project has no connection to (demo-scoped decision, see autopass_no_system_access.json)"
O-FNM-15458,"Certification, Endorsement, and Delivery",O-FNM-55893,Major,Were all loan data and document delivery requirements met?,The borrower is enrolled in a state Address Confidentiality Program and both a property address and separate mailing address was not included at loan delivery.,doc_completeness,C1-2-02 Loan Data and Documentation Delivery Requirements; C2-2-01 General Requirements for Good Delivery of Whole Loans; B2-1.5-02 Loan Eligibility; A3-2-01 Compliance With Laws,PASS,AUTOPASS_LOAN_DELIVERY_NOT_ACCESSIBLE,"auto-pass: requires verification inside loan_delivery_not_accessible, which this project has no connection to (demo-scoped decision, see autopass_no_system_access.json)","auto-pass: requires verification inside loan_delivery_not_accessible, which this project has no connection to (demo-scoped decision, see autopass_no_system_access.json)"
O-FNM-15458,"Certification, Endorsement, and Delivery",O-UCD-54699,Critical,Were all loan data and document delivery requirements met?,All critical/fatal feedback messages returned by the UCD collection systems were not reviewed and resolved.,scripted_review,C1-2-02 Loan Data and Documentation Delivery Requirements; C2-2-01 General Requirements for Good Delivery of Whole Loans; B2-1.5-02 Loan Eligibility; A3-2-01 Compliance With Laws,PASS,AUTOPASS_UCD_NOT_ACCESSIBLE,"auto-pass: requires verification inside ucd_not_accessible, which this project has no connection to (demo-scoped decision, see autopass_no_system_access.json)","auto-pass: requires verification inside ucd_not_accessible, which this project has no connection to (demo-scoped decision, see autopass_no_system_access.json)"
O-FNM-15458,"Certification, Endorsement, and Delivery",O-ULDD-51108,Critical,Were all loan data and document delivery requirements met?,"For loans with an application received date on or after January 1, 2019, all specific new data points were not collected as required for ULDD.",doc_completeness,C1-2-02 Loan Data and Documentation Delivery Requirements; C2-2-01 General Requirements for Good Delivery of Whole Loans; B2-1.5-02 Loan Eligibility; A3-2-01 Compliance With Laws,PASS,AUTOPASS_LOAN_DELIVERY_NOT_ACCESSIBLE,"auto-pass: requires verification inside loan_delivery_not_accessible, which this project has no connection to (demo-scoped decision, see autopass_no_system_access.json)","auto-pass: requires verification inside loan_delivery_not_accessible, which this project has no connection to (demo-scoped decision, see autopass_no_system_access.json)"
O-FNM-15458,"Certification, Endorsement, and Delivery",O-FNM-00871,Minor,Were all loan data and document delivery requirements met?,The Uniform Loan Delivery Dataset (ULDD) and the data delivery requirements not met for electronic submission via Loan Delivery.,doc_presence,C1-2-02 Loan Data and Documentation Delivery Requirements; C2-2-01 General Requirements for Good Delivery of Whole Loans; B2-1.5-02 Loan Eligibility; A3-2-01 Compliance With Laws,PASS,AUTOPASS_LOAN_DELIVERY_NOT_ACCESSIBLE,"auto-pass: requires verification inside loan_delivery_not_accessible, which this project has no connection to (demo-scoped decision, see autopass_no_system_access.json)","auto-pass: requires verification inside loan_delivery_not_accessible, which this project has no connection to (demo-scoped decision, see autopass_no_system_access.json)"
Closing Conditions,Closing,UW Condition-A,Major,Have all underwriting closing conditions been met?,"No, all required underwriting conditions have not been met",scripted_review,"D1-3-02 Lender Post-Closing Quality Control Review of Approval Conditions, Underwriting Decisions, Data, and Documentation; B3-3.1-02 Tax Return and Transcript Documentation Requirements",NEEDS_REVIEW,VENDOR_DATA_TRUST,"loanConditions all OPEN (PTA) on a closed loan -- matches known mid-pipeline-snapshot pattern; vendor question filed; all-OPEN is also consistent with a genuine defect, so cannot clear meanwhile",No data present for scripted_review_checklist__no_all_required_underwriting_conditions_have_not_b__a8f22ecf -- cannot determine whether this condition is true or false; needs SME review.
Closing Conditions,Closing,UW-Conditions-2,Major,Have all underwriting closing conditions been met?,The closing condition for the 4506C is missing and/or incomplete,doc_presence,"D1-3-02 Lender Post-Closing Quality Control Review of Approval Conditions, Underwriting Decisions, Data, and Documentation; B3-3.1-02 Tax Return and Transcript Documentation Requirements",NOT_COMPILED,NOT_COMPILED_PRESENCE_GATE_NEEDS_CONDITIONAL_LOGIC,"The 4506-C closing condition document must be present and complete/correct; a missing-and/or-incomplete compound defect on a single identifiable doc, not just presence, and 4506-C is not a closed-list entry.",
Closing Conditions,Closing,UW-Conditions-1,Major,Have all underwriting closing conditions been met?,The required condition for the borrower to sign and date letter(s) of explanation at closing is missing,doc_presence,"D1-3-02 Lender Post-Closing Quality Control Review of Approval Conditions, Underwriting Decisions, Data, and Documentation; B3-3.1-02 Tax Return and Transcript Documentation Requirements",NOT_COMPILED,NOT_COMPILED_TRIGGER_GATED_NEEDS_FACT_MACHINERY,Which closing conditions underwriting imposed varies per loan and isn't derivable from a generic document inventory.,
ICPL,Closing,ICPL,Major,Is the ICPL contained in the loan file accurate & complete?,An ICPL is not contained in the loan file.,doc_presence,"B7-2-01 Provision of Title Insurance; B7-2-02 Title Insurer Requirements; B7-3-07 Evidence of Property Insurance; D1-3-02 Lender Post-Closing Quality Control Review of Approval Conditions, Underwriting Decisions, Data, and Documentation",PASS,REAL_DATA_MATCH,Predicate satisfied.,Predicate satisfied.
ICPL,Closing,ICPLInsure,Major,Is the ICPL contained in the loan file accurate & complete?,The ICPL insurer does not match the title policy insurer.,cross_doc_consistency,"B7-2-01 Provision of Title Insurance; B7-2-02 Title Insurer Requirements; B7-3-07 Evidence of Property Insurance; D1-3-02 Lender Post-Closing Quality Control Review of Approval Conditions, Underwriting Decisions, Data, and Documentation",NOT_COMPILED,NOT_COMPILED_CROSS_DOC_NO_CURATED_COMPARISON,Rule requires comparing two documents to each other; no curated comparison logic exists yet (compile-time gap),
ICPL,Closing,ICPLMatch,Major,Is the ICPL contained in the loan file accurate & complete?,The borrower information on the ICPL does not match the 1003 or LOS.,cross_doc_consistency,"B7-2-01 Provision of Title Insurance; B7-2-02 Title Insurer Requirements; B7-3-07 Evidence of Property Insurance; D1-3-02 Lender Post-Closing Quality Control Review of Approval Conditions, Underwriting Decisions, Data, and Documentation",NOT_COMPILED,NOT_COMPILED_CROSS_DOC_NO_CURATED_COMPARISON,Rule requires comparing two documents to each other; no curated comparison logic exists yet (compile-time gap),
ICPL,Closing,ICPLMTGCLS,Major,Is the ICPL contained in the loan file accurate & complete?,The mortgagee clause listed on the ICPL is incomplete or inaccurate,doc_completeness,"B7-2-01 Provision of Title Insurance; B7-2-02 Title Insurer Requirements; B7-3-07 Evidence of Property Insurance; D1-3-02 Lender Post-Closing Quality Control Review of Approval Conditions, Underwriting Decisions, Data, and Documentation",NOT_COMPILED,NOT_COMPILED_PRESENCE_GATE_NEEDS_CONDITIONAL_LOGIC,"The ICPL document is explicitly named, but the defect is about the accuracy/completeness of its mortgagee clause, not mere presence.",
MaxCash,Closing,MaxCash,Major,Is the max cash out condition present and accurate for the product?,Maximum Cash Back to Borrower was not conditioned for correctly.,computation,B2-1.3-02 Limited Cash-Out Refinance Transactions; B2-1.5-05 Principal Curtailments,NOT_COMPILED,NOT_COMPILED_COMPUTATION_NOT_LTV_DTI,Rule requires a recomputation this project only builds for LTV/DTI today (compile-time gap),
O-BP-14664,Closing,O-BP-54659,Major,Were the following non-regulatory customary disclosures provided to the applicant at closing?,The following non-regulatory customary disclosure was not provided to the applicant: Occupancy Statement.,doc_presence,,PASS,REAL_DATA_MATCH,Predicate satisfied.,Predicate satisfied.
O-BP-14664,Closing,O-BP-54660,Major,Were the following non-regulatory customary disclosures provided to the applicant at closing?,The following non-regulatory customary disclosure was not provided to the applicant: Signature/Name Affidavit or AKA Notice.,doc_presence,,PASS,REAL_DATA_MATCH,Predicate satisfied.,Predicate satisfied.
O-CFPB-14501,Closing,O-CFPB-54139,Critical,(Best Practice) Were all Limited English Proficiency (LEP) requirements met?,(Best Practice) Standard and approved translated documents were not issued to the applicant(s) in their preferred language.,doc_presence,,NOT_COMPILED,NOT_COMPILED_TRIGGER_GATED_NEEDS_FACT_MACHINERY,"Only applies when the applicant expressed an LEP preference, a borrower characteristic not derivable from doc-type inventory.",
O-FED-14466,Closing,O-ECOA-00440,Critical,Were all ECOA closing requirements met?,"Copies of each appraisal or written valuation were not provided to the applicant promptly upon completion, or three business days prior to consummation of the transaction (for closed-end credit) or account opening (for open-end credit), whichever is earlier.",date_window,A3-2-01 Compliance With Laws,NOT_COMPILED,NOT_COMPILED_NOT_CONVERTED_BY_DESIGN,Check type not in this build's scope (e.g. reverification / list_screening -- deliberately out of scope),
O-FED-14466,Closing,O-ECOA-51099,Critical,Were all ECOA closing requirements met?,The applicant's waiver of appraisal delivery was not obtained at least three business days prior to consummation.,date_window,A3-2-01 Compliance With Laws,NOT_COMPILED,NOT_COMPILED_NOT_CONVERTED_BY_DESIGN,Check type not in this build's scope (e.g. reverification / list_screening -- deliberately out of scope),
O-FNM-15396,Closing,O-FNM-50230,Critical,Were all escrow requirements met?,An escrow account was not established as required or an escrow waiver was utilized when not allowable.,doc_presence,B2-1.5-04 Escrow Accounts,NOT_COMPILED,NOT_COMPILED_COMPOUND_DOCS_NEEDS_MULTI_DOC_LOGIC,Passes if either an escrow account was established (not a document fact) or a valid Escrow Waiver is present in the file — no single document alone decides it.,
O-FNM-15454,Closing,O-FNM-50231,Critical,Were all principal curtailment requirements met?,A principal curtailment was applied that was not used to refund overpayment of fees or charges paid by the borrower or to reduce cash received by the borrower at closing.,threshold_eligibility,B2-1.5-05 Principal Curtailments; B2-1.5-01 Loan Limits,NOT_COMPILED,NOT_COMPILED_THRESHOLD_NOT_PARSEABLE,"Rule cites a threshold but the compiler could not extract one unambiguous number+direction from the text (compile-time gap, same for every loan)",
O-FNM-15454,Closing,O-FNM-50232,Critical,Were all principal curtailment requirements met?,A principal curtailment was applied at or after closing that was not documented as required on the settlement statement or loan file.,doc_completeness,B2-1.5-05 Principal Curtailments; B2-1.5-01 Loan Limits,NOT_COMPILED,NOT_COMPILED_TRIGGER_GATED_NEEDS_FACT_MACHINERY,"Only applies when a curtailment occurred, a loan-event fact not visible from doc inventory; 'settlement statement' is too generic to map confidently to a single closed-list document.",
O-FNM-15454,Closing,O-FNM-55393,Critical,Were all principal curtailment requirements met?,The loan was modified due to a principal curtailment and the principal balance was recast over the remaining loan term and the original note amount prior to modification and the reduced loan amount after modification do comply with loan limits.,threshold_eligibility,B2-1.5-05 Principal Curtailments; B2-1.5-01 Loan Limits,NOT_APPLICABLE,PRECONDITION_NOT_APPLICABLE,Trigger requires the loan to have been modified due to a principal curtailment with the balance recast; the closed-world 62-entry documents[] contains no loan modification/recast agreement documentType -- a modification must be documented in the closed file.,Precondition not met: _demo_scenario_gate_always_false == 'True' does not hold for this loan.
O-FNM-15455,Closing,O-FNM-58308,Critical,Is the electronic closing documentation complete and accurate in accordance with agency/GSE requirements?,The file did not document who has the right to enforce the Authoritative Copy of the eNote.,doc_completeness,"B8-8-01 General Information on eMortgages; B8-8-02 Requirements for Creating, Closing, and Correcting eNotes; B8-7-01 Mortgage Electronic Registration Systems (MERS), Inc.; C1-2-04 Delivering eMortgages to Fannie Mae",NOT_COMPILED,NOT_COMPILED_TRIGGER_GATED_NEEDS_FACT_MACHINERY,"Only applies to electronically-closed loans using an eNote, a closing-method fact not derivable from the document-type inventory.",
O-FNM-15455,Closing,O-FNM-58312,Critical,Is the electronic closing documentation complete and accurate in accordance with agency/GSE requirements?,The eNote did not contain a valid unique 18-digit Mortgage Identification Number (MIN).,doc_completeness,"B8-8-01 General Information on eMortgages; B8-8-02 Requirements for Creating, Closing, and Correcting eNotes; B8-7-01 Mortgage Electronic Registration Systems (MERS), Inc.; C1-2-04 Delivering eMortgages to Fannie Mae",NOT_COMPILED,NOT_COMPILED_PRESENCE_GATE_NEEDS_CONDITIONAL_LOGIC,"The eNote is presumed present (electronic closing); the defect is that its embedded MIN data is invalid, a content/accuracy issue beyond mere presence.",
O-FNM-15455,Closing,O-FNM-58306,Critical,Is the electronic closing documentation complete and accurate in accordance with agency/GSE requirements?,The subject loan had an eMortgage component without tamper-evident security.,doc_completeness,"B8-8-01 General Information on eMortgages; B8-8-02 Requirements for Creating, Closing, and Correcting eNotes; B8-7-01 Mortgage Electronic Registration Systems (MERS), Inc.; C1-2-04 Delivering eMortgages to Fannie Mae",NOT_COMPILED,DEMO_EXCLUDED,no_system_verification_path,
O-FNM-15455,Closing,O-FNM-58310,Critical,Is the electronic closing documentation complete and accurate in accordance with agency/GSE requirements?,The subject eNote did not contain an eNote clause.,doc_completeness,"B8-8-01 General Information on eMortgages; B8-8-02 Requirements for Creating, Closing, and Correcting eNotes; B8-7-01 Mortgage Electronic Registration Systems (MERS), Inc.; C1-2-04 Delivering eMortgages to Fannie Mae",NOT_COMPILED,NOT_COMPILED_TRIGGER_GATED_NEEDS_FACT_MACHINERY,"Only applies to electronically closed loans using an eNote; the closing method is not inferable from doc inventory, and 'eNote' is not a verbatim closed-list entry (distinct from 'Note').",
O-FNM-15455,Closing,O-FNM-58314,Critical,Is the electronic closing documentation complete and accurate in accordance with agency/GSE requirements?,"The eNote Vault System used to originate the eMortgage did not meet the legal, technological, and operational requirements.",scripted_review,"B8-8-01 General Information on eMortgages; B8-8-02 Requirements for Creating, Closing, and Correcting eNotes; B8-7-01 Mortgage Electronic Registration Systems (MERS), Inc.; C1-2-04 Delivering eMortgages to Fannie Mae",NEEDS_REVIEW,DATA_NEVER_CAPTURED,eVault legal/tech/operational compliance -- zero electronic/eNote/eVault tokens in payload,No data present for scripted_review_checklist__the_enote_vault_system_used_to_originate_the_emort__014c0109 -- cannot determine whether this condition is true or false; needs SME review.
O-FNM-15455,Closing,O-FNM-58316,Critical,Is the electronic closing documentation complete and accurate in accordance with agency/GSE requirements?,The eNote was not registered with the MERS® eRegistry immediately upon execution by the borrower.,date_window,"B8-8-01 General Information on eMortgages; B8-8-02 Requirements for Creating, Closing, and Correcting eNotes; B8-7-01 Mortgage Electronic Registration Systems (MERS), Inc.; C1-2-04 Delivering eMortgages to Fannie Mae",NOT_COMPILED,NOT_COMPILED_NOT_CONVERTED_BY_DESIGN,Check type not in this build's scope (e.g. reverification / list_screening -- deliberately out of scope),
DebtsPaid,Credit - Liabilities,DEBTS-PAID,Critical,Were all the requirements met for debts paid off at or prior to closing?,All debts required to be paid at closing were not satisfied,cross_doc_consistency,B3-6-07 Debts Paid Off At or Prior to Closing,NOT_COMPILED,NOT_COMPILED_CROSS_DOC_NO_CURATED_COMPARISON,Rule requires comparing two documents to each other; no curated comparison logic exists yet (compile-time gap),
O-FED-15842,Credit - Liabilities,O-FCRA-51725,Critical,Were all FCRA underwriting requirements met?,"The consumer was not contacted using the specified telephone number designated in the active duty alert or, if no phone number was available, reasonable steps were not taken to confirm the consumer's identity to ensure that the application is not the result of identity theft.",scripted_review,,NEEDS_REVIEW,DATA_NEVER_CAPTURED,requires phone-contact/call log; none exists,No data present for scripted_review_checklist__the_consumer_was_not_contacted_using_the_specified__425b3af1 -- cannot determine whether this condition is true or false; needs SME review.
O-FED-15842,Credit - Liabilities,O-FCRA-52834,Critical,Were all FCRA underwriting requirements met?,The consumer was not contacted using the specified telephone number designated in the extended identity theft/fraud alert or otherwise reasonable steps were not taken to confirm the consumer's identity to ensure that the application is not the result of identity theft.,scripted_review,,NEEDS_REVIEW,DATA_NEVER_CAPTURED,call log; none exists,No data present for scripted_review_checklist__the_consumer_was_not_contacted_using_the_specified__de4dd6ac -- cannot determine whether this condition is true or false; needs SME review.
O-FED-15842,Credit - Liabilities,O-FCRA-51724,Critical,Were all FCRA underwriting requirements met?,"The consumer was not contacted using the specified telephone number designated in the initial fraud alert or, if no phone number was available, reasonable steps were not taken to confirm the consumer's identity to ensure that the application is not the result of identity theft.",scripted_review,,NEEDS_REVIEW,DATA_NEVER_CAPTURED,call log; none exists,No data present for scripted_review_checklist__the_consumer_was_not_contacted_using_the_specified__412d2e8b -- cannot determine whether this condition is true or false; needs SME review.
O-FNM-14152,Credit - Liabilities,O-FNM-00179,Critical,(Fannie Mae) Was a credit report in the loan file for each applicant responsible for loan repayment?,A credit report was not obtained for each borrower on the loan application who has an individual credit record.,doc_presence,B3-5.2-01 Requirements for Credit Reports,NOT_COMPILED,NOT_COMPILED_PURE_PRESENCE_REVIEWED_REJECTED,Decidable purely by whether a Credit Report document exists for each borrower with an individual credit record; no content/completeness/compound qualifiers.,
O-FNM-14152,Credit - Liabilities,O-FNM-58076,Critical,(Fannie Mae) Was a credit report in the loan file for each applicant responsible for loan repayment?,There are no credit report(s) in the file.,doc_presence,B3-5.2-01 Requirements for Credit Reports,PASS,REAL_DATA_MATCH,Predicate satisfied.,Predicate satisfied.
O-FNM-15305,Credit - Liabilities,O-FNM-55988,Major,Were all credit score requirements met?,The representative credit score or average median score was not used as required per number of borrowers in a manually underwritten loan.,computation,B3-5.1-01 General Requirements for Credit Scores; B3-5.1-02 Determining the Credit Score for a Mortgage Loan,NOT_COMPILED,NOT_COMPILED_COMPUTATION_NOT_LTV_DTI,Rule requires a recomputation this project only builds for LTV/DTI today (compile-time gap),
O-FNM-15305,Credit - Liabilities,O-FNM-51042,Critical,Were all credit score requirements met?,Minimum credit score requirements not met.,threshold_eligibility,B3-5.1-01 General Requirements for Credit Scores; B3-5.1-02 Determining the Credit Score for a Mortgage Loan,NOT_COMPILED,NOT_COMPILED_THRESHOLD_NOT_PARSEABLE,"Rule cites a threshold but the compiler could not extract one unambiguous number+direction from the text (compile-time gap, same for every loan)",
O-FNM-15305,Credit - Liabilities,O-FNM-00192,Critical,Were all credit score requirements met?,The incorrect representative credit score was used in a manually underwritten loan.,computation,B3-5.1-01 General Requirements for Credit Scores; B3-5.1-02 Determining the Credit Score for a Mortgage Loan,NOT_COMPILED,NOT_COMPILED_COMPUTATION_NOT_LTV_DTI,Rule requires a recomputation this project only builds for LTV/DTI today (compile-time gap),
O-FNM-15306,Credit - Liabilities,O-FNM-00199,Critical,Were all credit report requirements met?,Evidence that the credit report and all credit information was reviewed to determine that the credit report meets requirements and the data evaluated by DU was accurate not documented.,cross_doc_consistency,B3-5.2-01 Requirements for Credit Reports; B3-5.2-02 Types of Credit Reports; B3-5.3-09 DU Credit Report Analysis; B3-5.4-01 Eligibility Requirements for Loans with Nontraditional Credit,NOT_COMPILED,NOT_COMPILED_CROSS_DOC_NO_CURATED_COMPARISON,Rule requires comparing two documents to each other; no curated comparison logic exists yet (compile-time gap),
O-FNM-15306,Credit - Liabilities,O-FNM-56945,Major,Were all credit report requirements met?,"The borrower’s present address is not within the U.S. or U.S. territories, with the exception of an Army Post Office (APO), Fleet Post Office (FPO), or Diplomatic Post Office (DPO) military address and was not manually underwritten.",threshold_eligibility,B3-5.2-01 Requirements for Credit Reports; B3-5.2-02 Types of Credit Reports; B3-5.3-09 DU Credit Report Analysis; B3-5.4-01 Eligibility Requirements for Loans with Nontraditional Credit,NOT_APPLICABLE,PRECONDITION_NOT_APPLICABLE,"Trigger requires the borrower's present address be outside the U.S./territories; residences[0].propertyInformation countryCode='US', stateCode='CO' (Crystal Hills, CO) -- provably a U.S. address.",Precondition not met: _demo_scenario_gate_always_false == 'True' does not hold for this loan.
O-FNM-15306,Credit - Liabilities,O-FNM-00189,Major,Were all credit report requirements met?,Each account with a balance did not indicate they were updated with the creditors within 90 days of the report.,date_window,B3-5.2-01 Requirements for Credit Reports; B3-5.2-02 Types of Credit Reports; B3-5.3-09 DU Credit Report Analysis; B3-5.4-01 Eligibility Requirements for Loans with Nontraditional Credit,NOT_COMPILED,NOT_COMPILED_NOT_CONVERTED_BY_DESIGN,Check type not in this build's scope (e.g. reverification / list_screening -- deliberately out of scope),
O-FNM-15306,Credit - Liabilities,O-FNM-00185,Critical,Were all credit report requirements met?,The credit report was not an original with all required identifying information and/or alterations were noted.,doc_completeness,B3-5.2-01 Requirements for Credit Reports; B3-5.2-02 Types of Credit Reports; B3-5.3-09 DU Credit Report Analysis; B3-5.4-01 Eligibility Requirements for Loans with Nontraditional Credit,NOT_COMPILED,NOT_COMPILED_PRESENCE_GATE_NEEDS_CONDITIONAL_LOGIC,"Credit Report is a named, closed-list document, but presence alone is insufficient — it must also be an original with required identifying info and no unexplained alterations.",
O-FNM-15306,Credit - Liabilities,O-FNM-50010,Critical,Were all credit report requirements met?,"The credit report reflects a disputed account, evidence the lender investigated and resolved the disputed issues accordingly or as per DU not in the file.",doc_presence,B3-5.2-01 Requirements for Credit Reports; B3-5.2-02 Types of Credit Reports; B3-5.3-09 DU Credit Report Analysis; B3-5.4-01 Eligibility Requirements for Loans with Nontraditional Credit,PASS,AUTOPASS_DU_NOT_ACCESSIBLE,"auto-pass: requires verification inside du_not_accessible, which this project has no connection to (demo-scoped decision, see autopass_no_system_access.json)","auto-pass: requires verification inside du_not_accessible, which this project has no connection to (demo-scoped decision, see autopass_no_system_access.json)"
O-FNM-15306,Credit - Liabilities,O-FNM-00182,Critical,Were all credit report requirements met?,A three in-file merged credit report not in the file for a DU underwritten loan.,doc_presence,B3-5.2-01 Requirements for Credit Reports; B3-5.2-02 Types of Credit Reports; B3-5.3-09 DU Credit Report Analysis; B3-5.4-01 Eligibility Requirements for Loans with Nontraditional Credit,PASS,AUTOPASS_DU_NOT_ACCESSIBLE,"auto-pass: requires verification inside du_not_accessible, which this project has no connection to (demo-scoped decision, see autopass_no_system_access.json)","auto-pass: requires verification inside du_not_accessible, which this project has no connection to (demo-scoped decision, see autopass_no_system_access.json)"
O-FNM-15306,Credit - Liabilities,O-FNM-00181,Critical,Were all credit report requirements met?,A nontraditional credit report or other form of alternative credit verification was used while the applicant appears to have sufficient credit to enable the development of a credit score.,scripted_review,B3-5.2-01 Requirements for Credit Reports; B3-5.2-02 Types of Credit Reports; B3-5.3-09 DU Credit Report Analysis; B3-5.4-01 Eligibility Requirements for Loans with Nontraditional Credit,NEEDS_REVIEW,EXTRACTION_GAP_DOC_PRESENT,Credit Report doc present; creditReportVendorName/type fields null,No data present for scripted_review_checklist__a_nontraditional_credit_report_or_other_form_of_al__9b968b83 -- cannot determine whether this condition is true or false; needs SME review.
O-FNM-15307,Credit - Liabilities,O-FNM-00188,Critical,Were all traditional credit history requirements met?,The credit report reflects recent inquiries without documenting if a new debt was incurred or if new credit was obtained and the debt was not included in qualifying.,doc_presence,B3-5.3-03 Previous Mortgage Payment History; B3-5.3-04 Inquiries: Recent Attempts to Obtain New Credit; B3-5.3-07 Significant Derogatory Credit Events — Waiting Periods and Re-establishing Credit; B3-5.3-08 Extenuating Circumstances for Derogatory Credit,NOT_COMPILED,DEMO_EXCLUDED,not_automatable_for_demo,
O-FNM-15307,Credit - Liabilities,O-FNM-00200,Critical,Were all traditional credit history requirements met?,A written explanation and supporting documentation were not provided to support that derogatory information is the result of extenuating circumstances.,doc_presence,B3-5.3-03 Previous Mortgage Payment History; B3-5.3-04 Inquiries: Recent Attempts to Obtain New Credit; B3-5.3-07 Significant Derogatory Credit Events — Waiting Periods and Re-establishing Credit; B3-5.3-08 Extenuating Circumstances for Derogatory Credit,NOT_COMPILED,NOT_COMPILED_TRIGGER_GATED_NEEDS_FACT_MACHINERY,"Only applies when serious adverse credit was reported, a content-level fact within the credit report not decidable from mere document-type presence.",
O-FNM-15307,Credit - Liabilities,O-FNM-50015,Critical,Were all traditional credit history requirements met?,The borrower has a late housing obligation payment or mortgage payment in the credit history or separate verification and the existence of the late payment(s) did not meet guidelines.,threshold_eligibility,B3-5.3-03 Previous Mortgage Payment History; B3-5.3-04 Inquiries: Recent Attempts to Obtain New Credit; B3-5.3-07 Significant Derogatory Credit Events — Waiting Periods and Re-establishing Credit; B3-5.3-08 Extenuating Circumstances for Derogatory Credit,NOT_COMPILED,NOT_COMPILED_THRESHOLD_NOT_PARSEABLE,"Rule cites a threshold but the compiler could not extract one unambiguous number+direction from the text (compile-time gap, same for every loan)",
O-FNM-15307,Credit - Liabilities,O-FNM-50267,Critical,Were all traditional credit history requirements met?,"In a manual underwrite, authorized user accounts were included without supporting documentation evidencing the borrower was the sole payer of the account for at least 12 months.",doc_presence,B3-5.3-03 Previous Mortgage Payment History; B3-5.3-04 Inquiries: Recent Attempts to Obtain New Credit; B3-5.3-07 Significant Derogatory Credit Events — Waiting Periods and Re-establishing Credit; B3-5.3-08 Extenuating Circumstances for Derogatory Credit,NOT_COMPILED,NOT_COMPILED_TRIGGER_GATED_NEEDS_FACT_MACHINERY,"Requires knowing the underwrite was manual and that authorized-user tradelines were included, facts requiring credit report content review, not just inventory presence.",
O-FNM-15307,Credit - Liabilities,O-FNM-50266,Critical,Were all traditional credit history requirements met?,The use of revolving credit was not evaluated by comparing the current balance on each open account to determine if the borrower has a pattern of using revolving accounts up to the credit limit to determine credit management risk.,scripted_review,B3-5.3-03 Previous Mortgage Payment History; B3-5.3-04 Inquiries: Recent Attempts to Obtain New Credit; B3-5.3-07 Significant Derogatory Credit Events — Waiting Periods and Re-establishing Credit; B3-5.3-08 Extenuating Circumstances for Derogatory Credit,NEEDS_REVIEW,EXTRACTION_GAP_DOC_PRESENT,creditLimitAmount null on every liability -- revolving utilization uncomputable,No data present for scripted_review_checklist__the_use_of_revolving_credit_was_not_evaluated_by_c__53051d7b -- cannot determine whether this condition is true or false; needs SME review.
O-FNM-15307,Credit - Liabilities,O-FNM-00195,Critical,Were all traditional credit history requirements met?,The credit report does not provide a 12-month previous mortgage payment history and the history was not verified with acceptable alternate documentation.,doc_presence,B3-5.3-03 Previous Mortgage Payment History; B3-5.3-04 Inquiries: Recent Attempts to Obtain New Credit; B3-5.3-07 Significant Derogatory Credit Events — Waiting Periods and Re-establishing Credit; B3-5.3-08 Extenuating Circumstances for Derogatory Credit,NOT_COMPILED,NOT_COMPILED_COMPOUND_DOCS_NEEDS_MULTI_DOC_LOGIC,"Payment history can be satisfied either by the credit report's own data or by acceptable alternate documentation — a disjunctive requirement, so no single document decides it.",
O-FNM-15307,Credit - Liabilities,O-FNM-00201,Critical,Were all traditional credit history requirements met?,"Requirements for re-establishing credit were not met where there has been a foreclosure, deed-in-lieu, preforeclosure/short sale, mortgage charge-off and/or bankruptcy.",doc_presence,B3-5.3-03 Previous Mortgage Payment History; B3-5.3-04 Inquiries: Recent Attempts to Obtain New Credit; B3-5.3-07 Significant Derogatory Credit Events — Waiting Periods and Re-establishing Credit; B3-5.3-08 Extenuating Circumstances for Derogatory Credit,NOT_COMPILED,DEMO_EXCLUDED,not_automatable_for_demo,
O-FNM-15307,Credit - Liabilities,O-FNM-00198,Critical,Were all traditional credit history requirements met?,"A previous foreclosure, deed-in-lieu, preforeclosure/short sale, mortgage charge-off and/or bankruptcy has occurred without all waiting period requirements being met as applicable.",date_window,B3-5.3-03 Previous Mortgage Payment History; B3-5.3-04 Inquiries: Recent Attempts to Obtain New Credit; B3-5.3-07 Significant Derogatory Credit Events — Waiting Periods and Re-establishing Credit; B3-5.3-08 Extenuating Circumstances for Derogatory Credit,NOT_COMPILED,NOT_COMPILED_NOT_CONVERTED_BY_DESIGN,Check type not in this build's scope (e.g. reverification / list_screening -- deliberately out of scope),
O-FNM-15308,Credit - Liabilities,O-FNM-58788,Critical,Were all nontraditional credit history requirements met?,The borrower(s) with a credit score was/were contributing 50% or less of the qualifying income and nontraditional credit history was not documented for each borrower without a credit score.,computation,B3-5.4-01 Eligibility Requirements for Loans with Nontraditional Credit; B3-5.4-02 Number and Types of Nontraditional Credit References; B3-5.4-03 Documentation and Assessment of a Nontraditional Credit History; B3-5.1-01 General Requirements for Credit Scores,NOT_APPLICABLE,PRECONDITION_NOT_APPLICABLE,"Nontraditional-credit trigger requires a borrower WITHOUT a credit score; the sole borrower has all three bureau scores extracted (Experian 742, TransUnion 740, Equifax 724).",Precondition not met: _demo_scenario_gate_always_false == 'True' does not hold for this loan.
O-FNM-15308,Credit - Liabilities,O-FNM-58787,Critical,Were all nontraditional credit history requirements met?,"The DU underwritten loan was not a purchase or limited cash-out refinance of a 1–4 unit principal residence with all borrowers occupying as required when no borrower on the loan had a credit score, and no borrower had at least one credit account or installment account reported on their credit report.",threshold_eligibility,B3-5.4-01 Eligibility Requirements for Loans with Nontraditional Credit; B3-5.4-02 Number and Types of Nontraditional Credit References; B3-5.4-03 Documentation and Assessment of a Nontraditional Credit History; B3-5.1-01 General Requirements for Credit Scores,NOT_APPLICABLE,PRECONDITION_NOT_APPLICABLE,"Trigger requires nontraditional credit (a borrower without a usable credit score); the sole borrower has all three bureau scores extracted: experian=742, transunion=740, equifax=724, with a traditional Credit Report documents[0] in the closed doc inventory. Nontraditional-credit provisions provably cannot attach.",Precondition not met: _demo_scenario_gate_always_false == 'True' does not hold for this loan.
O-FNM-15308,Credit - Liabilities,O-FNM-56149,Critical,Were all nontraditional credit history requirements met?,"Nontraditional credit was used, but the loan was not a fixed rate meeting baseline loan limits for conforming loans.",threshold_eligibility,B3-5.4-01 Eligibility Requirements for Loans with Nontraditional Credit; B3-5.4-02 Number and Types of Nontraditional Credit References; B3-5.4-03 Documentation and Assessment of a Nontraditional Credit History; B3-5.1-01 General Requirements for Credit Scores,NOT_APPLICABLE,PRECONDITION_NOT_APPLICABLE,"Trigger requires nontraditional credit (a borrower without a usable credit score); the sole borrower has all three bureau scores extracted: experian=742, transunion=740, equifax=724, with a traditional Credit Report documents[0] in the closed doc inventory. Nontraditional-credit provisions provably cannot attach.",Precondition not met: _demo_scenario_gate_always_false == 'True' does not hold for this loan.
O-FNM-15308,Credit - Liabilities,O-FNM-56147,Critical,Were all nontraditional credit history requirements met?,Nontraditional credit was used for a subject property that is not a 1-4 unit principal residence.,threshold_eligibility,B3-5.4-01 Eligibility Requirements for Loans with Nontraditional Credit; B3-5.4-02 Number and Types of Nontraditional Credit References; B3-5.4-03 Documentation and Assessment of a Nontraditional Credit History; B3-5.1-01 General Requirements for Credit Scores,NOT_APPLICABLE,PRECONDITION_NOT_APPLICABLE,"Trigger requires nontraditional credit (a borrower without a usable credit score); the sole borrower has all three bureau scores extracted: experian=742, transunion=740, equifax=724, with a traditional Credit Report documents[0] in the closed doc inventory. Nontraditional-credit provisions provably cannot attach.",Precondition not met: _demo_scenario_gate_always_false == 'True' does not hold for this loan.
O-FNM-15308,Credit - Liabilities,O-FNM-56148,Critical,Were all nontraditional credit history requirements met?,Nontraditional credit was used in a transaction other than a purchase or limited cash-out refinance.,threshold_eligibility,B3-5.4-01 Eligibility Requirements for Loans with Nontraditional Credit; B3-5.4-02 Number and Types of Nontraditional Credit References; B3-5.4-03 Documentation and Assessment of a Nontraditional Credit History; B3-5.1-01 General Requirements for Credit Scores,NOT_APPLICABLE,PRECONDITION_NOT_APPLICABLE,"Trigger requires nontraditional credit (a borrower without a usable credit score); the sole borrower has all three bureau scores extracted: experian=742, transunion=740, equifax=724, with a traditional Credit Report documents[0] in the closed doc inventory. Nontraditional-credit provisions provably cannot attach.",Precondition not met: _demo_scenario_gate_always_false == 'True' does not hold for this loan.
O-FNM-15308,Credit - Liabilities,O-FNM-57520,Critical,Were all nontraditional credit history requirements met?,A minimum of 12 months of reserves was not documented where nontraditional credit was used for borrowers who do not have a housing history.,computation,B3-5.4-01 Eligibility Requirements for Loans with Nontraditional Credit; B3-5.4-02 Number and Types of Nontraditional Credit References; B3-5.4-03 Documentation and Assessment of a Nontraditional Credit History; B3-5.1-01 General Requirements for Credit Scores,NOT_APPLICABLE,PRECONDITION_NOT_APPLICABLE,12-months-reserves requirement triggers only where nontraditional credit was used for a borrower without a credit score; the sole borrower has all three bureau scores extracted (742/740/724).,Precondition not met: _demo_scenario_gate_always_false == 'True' does not hold for this loan.
O-FNM-15308,Credit - Liabilities,O-FNM-50269,Critical,Were all nontraditional credit history requirements met?,The number of non-traditional credit sources provided does not meet requirements or as was required per DU and/or was not from an eligible source.,threshold_eligibility,B3-5.4-01 Eligibility Requirements for Loans with Nontraditional Credit; B3-5.4-02 Number and Types of Nontraditional Credit References; B3-5.4-03 Documentation and Assessment of a Nontraditional Credit History; B3-5.1-01 General Requirements for Credit Scores,NOT_APPLICABLE,PRECONDITION_NOT_APPLICABLE,"Trigger requires nontraditional credit (a borrower without a usable credit score); the sole borrower has all three bureau scores extracted: experian=742, transunion=740, equifax=724, with a traditional Credit Report documents[0] in the closed doc inventory. Nontraditional-credit provisions provably cannot attach.",Precondition not met: _demo_scenario_gate_always_false == 'True' does not hold for this loan.
O-FNM-15308,Credit - Liabilities,O-FNM-57519,Critical,Were all nontraditional credit history requirements met?,An unacceptable source was used to verify the nontraditional housing payments.,threshold_eligibility,B3-5.4-01 Eligibility Requirements for Loans with Nontraditional Credit; B3-5.4-02 Number and Types of Nontraditional Credit References; B3-5.4-03 Documentation and Assessment of a Nontraditional Credit History; B3-5.1-01 General Requirements for Credit Scores,NOT_APPLICABLE,PRECONDITION_NOT_APPLICABLE,"Trigger requires nontraditional credit (a borrower without a usable credit score); the sole borrower has all three bureau scores extracted: experian=742, transunion=740, equifax=724, with a traditional Credit Report documents[0] in the closed doc inventory. Nontraditional-credit provisions provably cannot attach.",Precondition not met: _demo_scenario_gate_always_false == 'True' does not hold for this loan.
O-FNM-15308,Credit - Liabilities,O-FNM-56150,Critical,Were all nontraditional credit history requirements met?,"Nontraditional credit references were not verified, and DU did not conduct a cash flow assessment allowing a third-party asset verification report.",doc_presence,B3-5.4-01 Eligibility Requirements for Loans with Nontraditional Credit; B3-5.4-02 Number and Types of Nontraditional Credit References; B3-5.4-03 Documentation and Assessment of a Nontraditional Credit History; B3-5.1-01 General Requirements for Credit Scores,PASS,AUTOPASS_DU_NOT_ACCESSIBLE,"auto-pass: requires verification inside du_not_accessible, which this project has no connection to (demo-scoped decision, see autopass_no_system_access.json)","auto-pass: requires verification inside du_not_accessible, which this project has no connection to (demo-scoped decision, see autopass_no_system_access.json)"
O-FNM-15309,Credit - Liabilities,O-FNM-00722,Critical,Were all debt-to-income (DTI) ratio requirements met?,The loan was not re-underwritten where additional debt or reduced income caused the DTI to increase beyond tolerance levels.,computation,"B3-6-02 Debt-to-Income Ratios; B3-2-10 Accuracy of DU Data, DU Tolerances, and Errors in the Credit Report",NOT_COMPILED,NOT_COMPILED_THRESHOLD_NOT_PARSEABLE,"Rule cites a threshold but the compiler could not extract one unambiguous number+direction from the text (compile-time gap, same for every loan)",
O-FNM-15309,Credit - Liabilities,O-FNM-00724,Critical,Were all debt-to-income (DTI) ratio requirements met?,The maximum DTI ratio was exceeded without the borrower meeting the credit score and reserve requirements.,computation,"B3-6-02 Debt-to-Income Ratios; B3-2-10 Accuracy of DU Data, DU Tolerances, and Errors in the Credit Report",NOT_COMPILED,NOT_COMPILED_THRESHOLD_NOT_PARSEABLE,"Rule cites a threshold but the compiler could not extract one unambiguous number+direction from the text (compile-time gap, same for every loan)",
O-FNM-15310,Credit - Liabilities,O-FNM-56073,Critical,Were all monthly housing requirements met?,All applicable PITIA payments for other properties owned by the borrower were not included as required.,computation,B3-6-03 Monthly Housing Expense for the Subject Property; B3-6-06 Qualifying Impact of Other Real Estate Owned; B3-6-05 Monthly Debt Obligations,NOT_COMPILED,NOT_COMPILED_COMPUTATION_NOT_LTV_DTI,Rule requires a recomputation this project only builds for LTV/DTI today (compile-time gap),
O-FNM-15310,Credit - Liabilities,O-FNM-51043,Critical,Were all monthly housing requirements met?,"The monthly housing expense, PITIA, was not calculated correctly and/or all the applicable housing components were not included.",computation,B3-6-03 Monthly Housing Expense for the Subject Property; B3-6-06 Qualifying Impact of Other Real Estate Owned; B3-6-05 Monthly Debt Obligations,NOT_COMPILED,NOT_COMPILED_COMPUTATION_NOT_LTV_DTI,Rule requires a recomputation this project only builds for LTV/DTI today (compile-time gap),
O-FNM-15310,Credit - Liabilities,O-FNM-55880,Critical,Were all monthly housing requirements met?,The subject is a 2nd home or investment property for a borrower that does not own their current residence and the rent was not documented and/or included in the housing ratio.,computation,B3-6-03 Monthly Housing Expense for the Subject Property; B3-6-06 Qualifying Impact of Other Real Estate Owned; B3-6-05 Monthly Debt Obligations,NOT_APPLICABLE,PRECONDITION_NOT_APPLICABLE,Trigger requires subject to be a 2nd home/investment AND a borrower who does not own their current residence -- both provably false: propertyUsageType='PrimaryResidence' (intentToOccupyType='Yes') and residences[0].residenceBasisType='Own'.,Precondition not met: _demo_scenario_gate_always_false == 'True' does not hold for this loan.
O-FNM-15311,Credit - Liabilities,O-FNM-51834,Major,Were all monthly debt obligations requirements met?,In an AUS underwritten loan the alimony payments were included as a reduction to income in lieu of including it in the DTI without being entered in DU as its own line item as a negative amount.,doc_completeness,B3-6-05 Monthly Debt Obligations; B3-6-02 Debt-to-Income Ratios,PASS,AUTOPASS_DU_NOT_ACCESSIBLE,"auto-pass: requires verification inside du_not_accessible, which this project has no connection to (demo-scoped decision, see autopass_no_system_access.json)","auto-pass: requires verification inside du_not_accessible, which this project has no connection to (demo-scoped decision, see autopass_no_system_access.json)"
O-FNM-15311,Credit - Liabilities,O-FNM-50005,Critical,Were all monthly debt obligations requirements met?,"The borrower is required to pay alimony, child support, or maintenance payments and the file did not contain the divorce decree, separation agreement, or other legal agreement.",doc_presence,B3-6-05 Monthly Debt Obligations; B3-6-02 Debt-to-Income Ratios,NOT_COMPILED,NOT_COMPILED_TRIGGER_GATED_NEEDS_FACT_MACHINERY,"Only applies when the borrower has such an obligation; the required evidence is also a compound/alternative set (decree, separation agreement, or other legal agreement) with no exact closed-vocabulary match.",
O-FNM-15311,Credit - Liabilities,O-FNM-51833,Critical,Were all monthly debt obligations requirements met?,"The borrower is required to pay alimony, child support, or maintenance payments and has more than ten months remaining without the payment being considered as part of the recurring monthly debt obligations.",computation,B3-6-05 Monthly Debt Obligations; B3-6-02 Debt-to-Income Ratios,NOT_COMPILED,NOT_COMPILED_COMPUTATION_NOT_LTV_DTI,Rule requires a recomputation this project only builds for LTV/DTI today (compile-time gap),
O-FNM-15311,Credit - Liabilities,O-FNM-50006,Critical,Were all monthly debt obligations requirements met?,Business debt is reported on the borrower’s personal credit report that is not documented as paid by the borrower's business and the debt is not included in the DTI calculation.,computation,B3-6-05 Monthly Debt Obligations; B3-6-02 Debt-to-Income Ratios,NOT_COMPILED,NOT_COMPILED_THRESHOLD_NOT_PARSEABLE,"Rule cites a threshold but the compiler could not extract one unambiguous number+direction from the text (compile-time gap, same for every loan)",
O-FNM-15311,Credit - Liabilities,O-FNM-03139,Critical,Were all monthly debt obligations requirements met?,A non-mortgage or mortgage debt was excluded from the borrower’s DTI ratio without documenting a 12-month history of another party making the payments with no delinquencies.,doc_presence,B3-6-05 Monthly Debt Obligations; B3-6-02 Debt-to-Income Ratios,NOT_COMPILED,NOT_COMPILED_TRIGGER_GATED_NEEDS_FACT_MACHINERY,"Requires knowing a specific debt was excluded and paid by someone else without a 12-month history, a credit-analysis fact not derivable from doc inventory.",
O-FNM-15311,Credit - Liabilities,O-FNM-50018,Critical,Were all monthly debt obligations requirements met?,"The credit report does not provide a monthly payment for the student loan, or the credit report shows $0 as the monthly payment, and 1% of the balance or documented payment was not used.",computation,B3-6-05 Monthly Debt Obligations; B3-6-02 Debt-to-Income Ratios,NOT_COMPILED,NOT_COMPILED_COMPUTATION_NOT_LTV_DTI,Rule requires a recomputation this project only builds for LTV/DTI today (compile-time gap),
O-FNM-15311,Credit - Liabilities,O-FNM-50009,Critical,Were all monthly debt obligations requirements met?,"The applicant has a deferred installment debt, other than a student loan, and the credit report does not indicate a monthly amount; the lender did not obtain copies of the borrower's payment letters or forbearance agreements and utilize the verified payment in calculating the borrower's total monthly obligations.",computation,B3-6-05 Monthly Debt Obligations; B3-6-02 Debt-to-Income Ratios,NOT_COMPILED,NOT_COMPILED_COMPUTATION_NOT_LTV_DTI,Rule requires a recomputation this project only builds for LTV/DTI today (compile-time gap),
O-FNM-15311,Credit - Liabilities,Tax Liability,Critical,Were all monthly debt obligations requirements met?,There are federal income taxes due on the current year tax return and proof paid has not been obtained,doc_presence,B3-6-05 Monthly Debt Obligations; B3-6-02 Debt-to-Income Ratios,NOT_COMPILED,NOT_COMPILED_TRIGGER_GATED_NEEDS_FACT_MACHINERY,"Applicability depends on a value read from inside the tax return (balance due), not on document inventory; the actually-missing item is proof of payment, which has no closed-list match.",
O-FNM-15311,Credit - Liabilities,O-FNM-50016,Critical,Were all monthly debt obligations requirements met?,"Lease payment exists and the monthly payment was not included in the total monthly debt, regardless of the number of months remaining on the lease.",computation,B3-6-05 Monthly Debt Obligations; B3-6-02 Debt-to-Income Ratios,NOT_COMPILED,NOT_COMPILED_COMPUTATION_NOT_LTV_DTI,Rule requires a recomputation this project only builds for LTV/DTI today (compile-time gap),
O-FNM-15311,Credit - Liabilities,Paystub Loans,Critical,Were all monthly debt obligations requirements met?,Loans listed on the paystubs were not included in the liabilities / DTI calculations.,cross_doc_consistency,B3-6-05 Monthly Debt Obligations; B3-6-02 Debt-to-Income Ratios,NOT_COMPILED,NOT_COMPILED_CROSS_DOC_NO_CURATED_COMPARISON,Rule requires comparing two documents to each other; no curated comparison logic exists yet (compile-time gap),
O-FNM-15311,Credit - Liabilities,O-FNM-50017,Critical,Were all monthly debt obligations requirements met?,The borrower has a loan secured by a financial asset and the lender did not obtain a copy of the applicable loan instrument reflecting the borrower's financial asset as collateral for the loan and/or the loan payment was not included in the debt calculation.,computation,B3-6-05 Monthly Debt Obligations; B3-6-02 Debt-to-Income Ratios,NOT_COMPILED,NOT_COMPILED_COMPUTATION_NOT_LTV_DTI,Rule requires a recomputation this project only builds for LTV/DTI today (compile-time gap),
O-FNM-15312,Credit - Liabilities,O-FNM-50004,Critical,Were all debts paid off at or prior to closing requirements met?,An open 30-day charge account is reflected on the credit report and the loan file does not include evidence the borrower has sufficient assets to cover the account in excess of the funds required to close and any reserves required to close the mortgage.,computation,B3-6-07 Debts Paid Off At or Prior to Closing; B3-6-05 Monthly Debt Obligations,NOT_COMPILED,NOT_COMPILED_COMPUTATION_NOT_LTV_DTI,Rule requires a recomputation this project only builds for LTV/DTI today (compile-time gap),
O-FNM-15312,Credit - Liabilities,O-FNM-50007,Critical,Were all debts paid off at or prior to closing requirements met?,"Charge-off accounts on non-mortgage accounts with a balance of $250 or more, or where the total balance of all accounts exceeds $1,000, were not paid in full.",threshold_eligibility,B3-6-07 Debts Paid Off At or Prior to Closing; B3-6-05 Monthly Debt Obligations,NOT_COMPILED,NOT_COMPILED_THRESHOLD_NOT_PARSEABLE,"Rule cites a threshold but the compiler could not extract one unambiguous number+direction from the text (compile-time gap, same for every loan)",
O-FNM-15312,Credit - Liabilities,O-FNM-50008,Critical,Were all debts paid off at or prior to closing requirements met?,"Collection accounts on non-mortgage accounts with a balance of $250 or more, or where the total balance of all accounts exceeds $1,000, were not paid in full.",threshold_eligibility,B3-6-07 Debts Paid Off At or Prior to Closing; B3-6-05 Monthly Debt Obligations,NOT_COMPILED,NOT_COMPILED_THRESHOLD_NOT_PARSEABLE,"Rule cites a threshold but the compiler could not extract one unambiguous number+direction from the text (compile-time gap, same for every loan)",
O-FNM-15312,Credit - Liabilities,DEBTS-PAID,Critical,Were all debts paid off at or prior to closing requirements met?,All debts required to be paid at closing were not satisfied,cross_doc_consistency,B3-6-07 Debts Paid Off At or Prior to Closing; B3-6-05 Monthly Debt Obligations,NOT_COMPILED,NOT_COMPILED_CROSS_DOC_NO_CURATED_COMPARISON,Rule requires comparing two documents to each other; no curated comparison logic exists yet (compile-time gap),
O-FNM-15312,Credit - Liabilities,O-FNM-50014,Critical,Were all debts paid off at or prior to closing requirements met?,The borrower has an outstanding judgment and the lender did not require the debt to be paid off at or prior to closing.,cross_doc_consistency,B3-6-07 Debts Paid Off At or Prior to Closing; B3-6-05 Monthly Debt Obligations,NOT_COMPILED,NOT_COMPILED_CROSS_DOC_NO_CURATED_COMPARISON,Rule requires comparing two documents to each other; no curated comparison logic exists yet (compile-time gap),
O-FNM-15312,Credit - Liabilities,O-FNM-57256,Critical,Were all debts paid off at or prior to closing requirements met?,The borrower paid off or paid down debt solely to qualify and documentation identifying the source of funds and confirmation sufficient assets remain for the transaction was not provided.,doc_presence,B3-6-07 Debts Paid Off At or Prior to Closing; B3-6-05 Monthly Debt Obligations,NOT_COMPILED,NOT_COMPILED_TRIGGER_GATED_NEEDS_FACT_MACHINERY,"Only applies when debt was paid down specifically to qualify, an underwriting fact not derivable from the document inventory.",
O-FNM-15405,Credit - Liabilities,CBR-Fraud Alerts-2,Major,Were all erroneous credit report data requirements met?,There are Hawk Alerts or Other Credit Alerts on the credit report that have not been addressed and/or documented per guidelines,doc_presence,"B3-2-09 Erroneous Credit Report Data; B3-2-10 Accuracy of DU Data, DU Tolerances, and Errors in the Credit Report; B3-5.2-03 Accuracy of Credit Information in a Credit Report",NOT_COMPILED,DEMO_EXCLUDED,not_automatable_for_demo,
O-FNM-15405,Credit - Liabilities,CBR-Fraud Alerts-1,Major,Were all erroneous credit report data requirements met?,There is a Date of Birth ( DOB ) discrepancy between credit report and 1003,cross_doc_consistency,"B3-2-09 Erroneous Credit Report Data; B3-2-10 Accuracy of DU Data, DU Tolerances, and Errors in the Credit Report; B3-5.2-03 Accuracy of Credit Information in a Credit Report",NOT_COMPILED,NOT_COMPILED_CROSS_DOC_NO_CURATED_COMPARISON,Rule requires comparing two documents to each other; no curated comparison logic exists yet (compile-time gap),
O-FNM-15405,Credit - Liabilities,O-FNM-00183,Critical,Were all erroneous credit report data requirements met?,"The loan was underwritten through DU and erroneous credit report data was identified, evidence the credit repository corrected the data was not documented and/or the loan not resubmitted to DU or manually underwritten.",doc_presence,"B3-2-09 Erroneous Credit Report Data; B3-2-10 Accuracy of DU Data, DU Tolerances, and Errors in the Credit Report; B3-5.2-03 Accuracy of Credit Information in a Credit Report",PASS,AUTOPASS_DU_NOT_ACCESSIBLE,"auto-pass: requires verification inside du_not_accessible, which this project has no connection to (demo-scoped decision, see autopass_no_system_access.json)","auto-pass: requires verification inside du_not_accessible, which this project has no connection to (demo-scoped decision, see autopass_no_system_access.json)"
O-FNM-15405,Credit - Liabilities,O-FNM-50245,Critical,Were all erroneous credit report data requirements met?,"It was determined that significant derogatory credit was reporting in error but was not supported with a credit supplement, new credit report or statement from the credit provider reporting incorrect data.",doc_presence,"B3-2-09 Erroneous Credit Report Data; B3-2-10 Accuracy of DU Data, DU Tolerances, and Errors in the Credit Report; B3-5.2-03 Accuracy of Credit Information in a Credit Report",NOT_COMPILED,NOT_COMPILED_TRIGGER_GATED_NEEDS_FACT_MACHINERY,"Only applies when a credit-reporting error was identified, a content-level determination not decidable from doc-type inventory; required evidence is also a disjunctive set.",
O-FNM-16087,Credit - Liabilities,O-FNM-00191,Critical,Were all other monthly debt obligations requirements met?,"The credit report does not include a reference for each significant open debt listed on the application, and a separate written verification for each unreported debt was not obtained.",cross_doc_consistency,B3-6-05 Monthly Debt Obligations; B3-5.2-01 Requirements for Credit Reports,NOT_COMPILED,NOT_COMPILED_CROSS_DOC_NO_CURATED_COMPARISON,Rule requires comparing two documents to each other; no curated comparison logic exists yet (compile-time gap),
O-FNM-16087,Credit - Liabilities,O-FNM-00194,Critical,Were all other monthly debt obligations requirements met?,Accounts listed on the credit report as “will rate by mail only” or “need written authorization” were not verified separately.,doc_presence,B3-6-05 Monthly Debt Obligations; B3-5.2-01 Requirements for Credit Reports,NOT_COMPILED,NOT_COMPILED_TRIGGER_GATED_NEEDS_FACT_MACHINERY,"Requires reading credit report content for these specific account notations, not just knowing a Credit Report exists.",
O-FNM-16087,Credit - Liabilities,O-FNM-57257,Critical,Were all other monthly debt obligations requirements met?,"The credit report does not provide a monthly payment for the student loan or shows $0 as the monthly payment, and the qualifying monthly payment amount was not determined as required.",computation,B3-6-05 Monthly Debt Obligations; B3-5.2-01 Requirements for Credit Reports,NOT_COMPILED,NOT_COMPILED_COMPUTATION_NOT_LTV_DTI,Rule requires a recomputation this project only builds for LTV/DTI today (compile-time gap),
O-FNM-16087,Credit - Liabilities,O-FNM-55676,Critical,Were all other monthly debt obligations requirements met?,Monthly payments on debts secured by virtual currency was not included in the debt payment-to-income ratio.,computation,B3-6-05 Monthly Debt Obligations; B3-5.2-01 Requirements for Credit Reports,NOT_COMPILED,NOT_COMPILED_COMPUTATION_NOT_LTV_DTI,Rule requires a recomputation this project only builds for LTV/DTI today (compile-time gap),
O-FNM-14387,Data Validation Svc-DVS,O-FNM-50822,Critical,Were all general requirements met where components of the loan received DU Validation Reps & Warrants Relief?,Authorization from the borrower to receive the information from the vendor was not obtained.,doc_presence,B3-2-02 DU Validation Service; A2-2-04 Limited Waiver and Enforcement Relief of Representations and Warranties,PASS,AUTOPASS_DU_NOT_ACCESSIBLE,"auto-pass: requires verification inside du_not_accessible, which this project has no connection to (demo-scoped decision, see autopass_no_system_access.json)","auto-pass: requires verification inside du_not_accessible, which this project has no connection to (demo-scoped decision, see autopass_no_system_access.json)"
O-FNM-14387,Data Validation Svc-DVS,O-FNM-50823,Critical,Were all general requirements met where components of the loan received DU Validation Reps & Warrants Relief?,The vendor report did not match the borrower information provided.,cross_doc_consistency,B3-2-02 DU Validation Service; A2-2-04 Limited Waiver and Enforcement Relief of Representations and Warranties,PASS,AUTOPASS_DU_RELIEF_PRECONDITION_NOT_ACCESSIBLE,"auto-pass: requires verification inside du_relief_precondition_not_accessible, which this project has no connection to (demo-scoped decision, see autopass_no_system_access.json)","auto-pass: requires verification inside du_relief_precondition_not_accessible, which this project has no connection to (demo-scoped decision, see autopass_no_system_access.json)"
O-FNM-14387,Data Validation Svc-DVS,O-FNM-50824,Critical,Were all general requirements met where components of the loan received DU Validation Reps & Warrants Relief?,The information entered by the lender in DU was not properly documented.,doc_completeness,B3-2-02 DU Validation Service; A2-2-04 Limited Waiver and Enforcement Relief of Representations and Warranties,PASS,AUTOPASS_DU_NOT_ACCESSIBLE,"auto-pass: requires verification inside du_not_accessible, which this project has no connection to (demo-scoped decision, see autopass_no_system_access.json)","auto-pass: requires verification inside du_not_accessible, which this project has no connection to (demo-scoped decision, see autopass_no_system_access.json)"
O-FNM-14387,Data Validation Svc-DVS,O-FNM-50820,Critical,Were all general requirements met where components of the loan received DU Validation Reps & Warrants Relief?,The vendor report was not in the file.,doc_presence,B3-2-02 DU Validation Service; A2-2-04 Limited Waiver and Enforcement Relief of Representations and Warranties,PASS,AUTOPASS_DU_NOT_ACCESSIBLE,"auto-pass: requires verification inside du_not_accessible, which this project has no connection to (demo-scoped decision, see autopass_no_system_access.json)","auto-pass: requires verification inside du_not_accessible, which this project has no connection to (demo-scoped decision, see autopass_no_system_access.json)"
O-FNM-14387,Data Validation Svc-DVS,O-FNM-50821,Critical,Were all general requirements met where components of the loan received DU Validation Reps & Warrants Relief?,The vendor report supplier/distributor was not on FNMA's listing of authorized suppliers.,list_screening,B3-2-02 DU Validation Service; A2-2-04 Limited Waiver and Enforcement Relief of Representations and Warranties,PASS,AUTOPASS_DU_RELIEF_PRECONDITION_NOT_ACCESSIBLE,"auto-pass: requires verification inside du_relief_precondition_not_accessible, which this project has no connection to (demo-scoped decision, see autopass_no_system_access.json)","auto-pass: requires verification inside du_relief_precondition_not_accessible, which this project has no connection to (demo-scoped decision, see autopass_no_system_access.json)"
O-FNM-14387,Data Validation Svc-DVS,O-FNM-50825,Critical,Were all general requirements met where components of the loan received DU Validation Reps & Warrants Relief?,All conflicting or contradictory information was not investigated and resolved.,scripted_review,B3-2-02 DU Validation Service; A2-2-04 Limited Waiver and Enforcement Relief of Representations and Warranties,PASS,AUTOPASS_DU_RELIEF_PRECONDITION_NOT_ACCESSIBLE,"auto-pass: requires verification inside du_relief_precondition_not_accessible, which this project has no connection to (demo-scoped decision, see autopass_no_system_access.json)","auto-pass: requires verification inside du_relief_precondition_not_accessible, which this project has no connection to (demo-scoped decision, see autopass_no_system_access.json)"
O-FNM-14387,Data Validation Svc-DVS,O-FNM-50828,Critical,Were all general requirements met where components of the loan received DU Validation Reps & Warrants Relief?,An updated verification report was obtained and the lender did not resubmit the loan to DU and/or receive a message that the component has been validated in order for the representation and warranty enforcement relief to apply.,doc_completeness,B3-2-02 DU Validation Service; A2-2-04 Limited Waiver and Enforcement Relief of Representations and Warranties,PASS,AUTOPASS_DU_NOT_ACCESSIBLE,"auto-pass: requires verification inside du_not_accessible, which this project has no connection to (demo-scoped decision, see autopass_no_system_access.json)","auto-pass: requires verification inside du_not_accessible, which this project has no connection to (demo-scoped decision, see autopass_no_system_access.json)"
O-FNM-14387,Data Validation Svc-DVS,O-FNM-50826,Critical,Were all general requirements met where components of the loan received DU Validation Reps & Warrants Relief?,It was not ensured that the most current version of the verification report is used by the DU validation service.,cross_doc_consistency,B3-2-02 DU Validation Service; A2-2-04 Limited Waiver and Enforcement Relief of Representations and Warranties,PASS,AUTOPASS_DU_RELIEF_PRECONDITION_NOT_ACCESSIBLE,"auto-pass: requires verification inside du_relief_precondition_not_accessible, which this project has no connection to (demo-scoped decision, see autopass_no_system_access.json)","auto-pass: requires verification inside du_relief_precondition_not_accessible, which this project has no connection to (demo-scoped decision, see autopass_no_system_access.json)"
O-FNM-14388,Data Validation Svc-DVS,O-FNM-57667,Critical,Were all income DU Validation requirements met to maintain Reps & Warrants Relief?,An asset verification report was used to validate income/employment that did not contain at least 12 months of data from the borrower’s checking and/or savings account(s) from an approved third-party vendor.,doc_completeness,B3-2-02 DU Validation Service; B1-1-03 Allowable Age of Credit Documents and Federal Income Tax Returns,PASS,AUTOPASS_DU_NOT_ACCESSIBLE,"auto-pass: requires verification inside du_not_accessible, which this project has no connection to (demo-scoped decision, see autopass_no_system_access.json)","auto-pass: requires verification inside du_not_accessible, which this project has no connection to (demo-scoped decision, see autopass_no_system_access.json)"
O-FNM-14388,Data Validation Svc-DVS,O-FNM-50836,Critical,Were all income DU Validation requirements met to maintain Reps & Warrants Relief?,The difference between the income amounts calculated by DU and the amounts provided by the lender exceeded the allowable tolerance.,computation,B3-2-02 DU Validation Service; B1-1-03 Allowable Age of Credit Documents and Federal Income Tax Returns,PASS,AUTOPASS_DU_RELIEF_PRECONDITION_NOT_ACCESSIBLE,"auto-pass: requires verification inside du_relief_precondition_not_accessible, which this project has no connection to (demo-scoped decision, see autopass_no_system_access.json)","auto-pass: requires verification inside du_relief_precondition_not_accessible, which this project has no connection to (demo-scoped decision, see autopass_no_system_access.json)"
O-FNM-14388,Data Validation Svc-DVS,O-FNM-50830,Critical,Were all income DU Validation requirements met to maintain Reps & Warrants Relief?,The file did not contain the Employment and Income Verification Report for validated commission income.,doc_presence,B3-2-02 DU Validation Service; B1-1-03 Allowable Age of Credit Documents and Federal Income Tax Returns,PASS,AUTOPASS_DU_NOT_ACCESSIBLE,"auto-pass: requires verification inside du_not_accessible, which this project has no connection to (demo-scoped decision, see autopass_no_system_access.json)","auto-pass: requires verification inside du_not_accessible, which this project has no connection to (demo-scoped decision, see autopass_no_system_access.json)"
O-FNM-14388,Data Validation Svc-DVS,O-FNM-50829,Critical,Were all income DU Validation requirements met to maintain Reps & Warrants Relief?,"The file did not contain the Employment and Income Verification Report where validated income is base, bonus, overtime or commission less than 25%.",doc_presence,B3-2-02 DU Validation Service; B1-1-03 Allowable Age of Credit Documents and Federal Income Tax Returns,PASS,AUTOPASS_DU_NOT_ACCESSIBLE,"auto-pass: requires verification inside du_not_accessible, which this project has no connection to (demo-scoped decision, see autopass_no_system_access.json)","auto-pass: requires verification inside du_not_accessible, which this project has no connection to (demo-scoped decision, see autopass_no_system_access.json)"
O-FNM-14388,Data Validation Svc-DVS,O-FNM-50831,Critical,Were all income DU Validation requirements met to maintain Reps & Warrants Relief?,The file did not contain a tax return transcript where the validated income is from retirement (annuities and pension).,doc_presence,B3-2-02 DU Validation Service; B1-1-03 Allowable Age of Credit Documents and Federal Income Tax Returns,PASS,AUTOPASS_DU_NOT_ACCESSIBLE,"auto-pass: requires verification inside du_not_accessible, which this project has no connection to (demo-scoped decision, see autopass_no_system_access.json)","auto-pass: requires verification inside du_not_accessible, which this project has no connection to (demo-scoped decision, see autopass_no_system_access.json)"
O-FNM-14388,Data Validation Svc-DVS,O-FNM-50833,Critical,Were all income DU Validation requirements met to maintain Reps & Warrants Relief?,The file did not contain a tax return transcript where the validated income is from self-employed income (IRS Form 1040 Schedules C or C-EZ for sole proprietorships only).,doc_presence,B3-2-02 DU Validation Service; B1-1-03 Allowable Age of Credit Documents and Federal Income Tax Returns,PASS,AUTOPASS_DU_NOT_ACCESSIBLE,"auto-pass: requires verification inside du_not_accessible, which this project has no connection to (demo-scoped decision, see autopass_no_system_access.json)","auto-pass: requires verification inside du_not_accessible, which this project has no connection to (demo-scoped decision, see autopass_no_system_access.json)"
O-FNM-14388,Data Validation Svc-DVS,O-FNM-50832,Critical,Were all income DU Validation requirements met to maintain Reps & Warrants Relief?,"Where the validated income is from Social Security (retirement, disability, supplemental, survivor benefits), the file did not contain a tax return transcript and any additional documentation required based on the type of Social Security income as applicable.",doc_presence,B3-2-02 DU Validation Service; B1-1-03 Allowable Age of Credit Documents and Federal Income Tax Returns,PASS,AUTOPASS_DU_NOT_ACCESSIBLE,"auto-pass: requires verification inside du_not_accessible, which this project has no connection to (demo-scoped decision, see autopass_no_system_access.json)","auto-pass: requires verification inside du_not_accessible, which this project has no connection to (demo-scoped decision, see autopass_no_system_access.json)"
O-FNM-14388,Data Validation Svc-DVS,O-FNM-50835,Critical,Were all income DU Validation requirements met to maintain Reps & Warrants Relief?,"Where the income (VOI) was validated but the employment (VOE) was not, the lender did not document the associated income in accordance with the selling guide.",doc_presence,B3-2-02 DU Validation Service; B1-1-03 Allowable Age of Credit Documents and Federal Income Tax Returns,PASS,AUTOPASS_DU_NOT_ACCESSIBLE,"auto-pass: requires verification inside du_not_accessible, which this project has no connection to (demo-scoped decision, see autopass_no_system_access.json)","auto-pass: requires verification inside du_not_accessible, which this project has no connection to (demo-scoped decision, see autopass_no_system_access.json)"
O-FNM-14388,Data Validation Svc-DVS,O-FNM-55909,Critical,Were all income DU Validation requirements met to maintain Reps & Warrants Relief?,All income shown on the Income Verification Report was not reflected in U.S. dollars.,doc_completeness,B3-2-02 DU Validation Service; B1-1-03 Allowable Age of Credit Documents and Federal Income Tax Returns,PASS,AUTOPASS_DU_NOT_ACCESSIBLE,"auto-pass: requires verification inside du_not_accessible, which this project has no connection to (demo-scoped decision, see autopass_no_system_access.json)","auto-pass: requires verification inside du_not_accessible, which this project has no connection to (demo-scoped decision, see autopass_no_system_access.json)"
O-FNM-14388,Data Validation Svc-DVS,O-FNM-57668,Critical,Were all income DU Validation requirements met to maintain Reps & Warrants Relief?,"The full asset verification report used to validate income/employment, containing the entirety of the data provided to DU, is not in the file.",doc_presence,B3-2-02 DU Validation Service; B1-1-03 Allowable Age of Credit Documents and Federal Income Tax Returns,PASS,AUTOPASS_DU_NOT_ACCESSIBLE,"auto-pass: requires verification inside du_not_accessible, which this project has no connection to (demo-scoped decision, see autopass_no_system_access.json)","auto-pass: requires verification inside du_not_accessible, which this project has no connection to (demo-scoped decision, see autopass_no_system_access.json)"
O-FNM-14389,Data Validation Svc-DVS,O-FNM-50837,Critical,Were all employment DU requirements met to maintain Reps & Warrants Relief?,The employment and income verification reports did not meet the standard age of credit document requirements.,date_window,B3-2-02 DU Validation Service; B3-3.1-04 Verbal Verification of Employment; B1-1-03 Allowable Age of Credit Documents and Federal Income Tax Returns,PASS,AUTOPASS_DU_RELIEF_PRECONDITION_NOT_ACCESSIBLE,"auto-pass: requires verification inside du_relief_precondition_not_accessible, which this project has no connection to (demo-scoped decision, see autopass_no_system_access.json)","auto-pass: requires verification inside du_relief_precondition_not_accessible, which this project has no connection to (demo-scoped decision, see autopass_no_system_access.json)"
O-FNM-14389,Data Validation Svc-DVS,O-FNM-51716,Critical,Were all employment DU requirements met to maintain Reps & Warrants Relief?,The LoanBeam SEI 1084 was not in the file and/or all DU related messages were not complied with for self-employed income calculation reps and warrants relief.,doc_presence,B3-2-02 DU Validation Service; B3-3.1-04 Verbal Verification of Employment; B1-1-03 Allowable Age of Credit Documents and Federal Income Tax Returns,PASS,AUTOPASS_DU_NOT_ACCESSIBLE,"auto-pass: requires verification inside du_not_accessible, which this project has no connection to (demo-scoped decision, see autopass_no_system_access.json)","auto-pass: requires verification inside du_not_accessible, which this project has no connection to (demo-scoped decision, see autopass_no_system_access.json)"
O-FNM-14389,Data Validation Svc-DVS,O-FNM-53786,Critical,Were all employment DU requirements met to maintain Reps & Warrants Relief?,A manual verification report was used to achieve employment and income validation.,doc_completeness,B3-2-02 DU Validation Service; B3-3.1-04 Verbal Verification of Employment; B1-1-03 Allowable Age of Credit Documents and Federal Income Tax Returns,PASS,AUTOPASS_DU_NOT_ACCESSIBLE,"auto-pass: requires verification inside du_not_accessible, which this project has no connection to (demo-scoped decision, see autopass_no_system_access.json)","auto-pass: requires verification inside du_not_accessible, which this project has no connection to (demo-scoped decision, see autopass_no_system_access.json)"
O-FNM-14389,Data Validation Svc-DVS,O-FNM-50947,Critical,Were all employment DU requirements met to maintain Reps & Warrants Relief?,All requirements were not met to retain income validation where the employment was reverified and not re-validated through DU.,scripted_review,B3-2-02 DU Validation Service; B3-3.1-04 Verbal Verification of Employment; B1-1-03 Allowable Age of Credit Documents and Federal Income Tax Returns,PASS,AUTOPASS_DU_RELIEF_PRECONDITION_NOT_ACCESSIBLE,"auto-pass: requires verification inside du_relief_precondition_not_accessible, which this project has no connection to (demo-scoped decision, see autopass_no_system_access.json)","auto-pass: requires verification inside du_relief_precondition_not_accessible, which this project has no connection to (demo-scoped decision, see autopass_no_system_access.json)"
O-FNM-14389,Data Validation Svc-DVS,O-FNM-50834,Critical,Were all employment DU requirements met to maintain Reps & Warrants Relief?,"The file did not contain a verbal verification of employment within 10 business days of closing or if employment was validated through DU, the loan did not close within the ""Close by Date"" stated in the DU employment validation message.",date_window,B3-2-02 DU Validation Service; B3-3.1-04 Verbal Verification of Employment; B1-1-03 Allowable Age of Credit Documents and Federal Income Tax Returns,PASS,AUTOPASS_DU_RELIEF_PRECONDITION_NOT_ACCESSIBLE,"auto-pass: requires verification inside du_relief_precondition_not_accessible, which this project has no connection to (demo-scoped decision, see autopass_no_system_access.json)","auto-pass: requires verification inside du_relief_precondition_not_accessible, which this project has no connection to (demo-scoped decision, see autopass_no_system_access.json)"
O-FNM-14389,Data Validation Svc-DVS,O-FNM-58123,Critical,Were all employment DU requirements met to maintain Reps & Warrants Relief?,Not all required information was confirmed in the manual review of the supplemental asset employment report.,doc_completeness,B3-2-02 DU Validation Service; B3-3.1-04 Verbal Verification of Employment; B1-1-03 Allowable Age of Credit Documents and Federal Income Tax Returns,PASS,AUTOPASS_DU_NOT_ACCESSIBLE,"auto-pass: requires verification inside du_not_accessible, which this project has no connection to (demo-scoped decision, see autopass_no_system_access.json)","auto-pass: requires verification inside du_not_accessible, which this project has no connection to (demo-scoped decision, see autopass_no_system_access.json)"
O-FNM-14389,Data Validation Svc-DVS,O-FNM-58122,Critical,Were all employment DU requirements met to maintain Reps & Warrants Relief?,A manual review of the supplemental asset employment report was not obtained within the same timeframe required for the verbal verification of employment.,date_window,B3-2-02 DU Validation Service; B3-3.1-04 Verbal Verification of Employment; B1-1-03 Allowable Age of Credit Documents and Federal Income Tax Returns,PASS,AUTOPASS_DU_RELIEF_PRECONDITION_NOT_ACCESSIBLE,"auto-pass: requires verification inside du_relief_precondition_not_accessible, which this project has no connection to (demo-scoped decision, see autopass_no_system_access.json)","auto-pass: requires verification inside du_relief_precondition_not_accessible, which this project has no connection to (demo-scoped decision, see autopass_no_system_access.json)"
O-FNM-14389,Data Validation Svc-DVS,O-FNM-58120,Critical,Were all employment DU requirements met to maintain Reps & Warrants Relief?,"Where employment was initially validated using an asset verification report, not closing by the ""Close by Date,"" the supplemental asset report obtained did not contain all the required information.",doc_completeness,B3-2-02 DU Validation Service; B3-3.1-04 Verbal Verification of Employment; B1-1-03 Allowable Age of Credit Documents and Federal Income Tax Returns,PASS,AUTOPASS_DU_NOT_ACCESSIBLE,"auto-pass: requires verification inside du_not_accessible, which this project has no connection to (demo-scoped decision, see autopass_no_system_access.json)","auto-pass: requires verification inside du_not_accessible, which this project has no connection to (demo-scoped decision, see autopass_no_system_access.json)"
O-FNM-14389,Data Validation Svc-DVS,O-FNM-58121,Critical,Were all employment DU requirements met to maintain Reps & Warrants Relief?,Where a supplemental asset employment verification report was obtained with contradictory or conflicting information that was not resolved.,scripted_review,B3-2-02 DU Validation Service; B3-3.1-04 Verbal Verification of Employment; B1-1-03 Allowable Age of Credit Documents and Federal Income Tax Returns,PASS,AUTOPASS_DU_RELIEF_PRECONDITION_NOT_ACCESSIBLE,"auto-pass: requires verification inside du_relief_precondition_not_accessible, which this project has no connection to (demo-scoped decision, see autopass_no_system_access.json)","auto-pass: requires verification inside du_relief_precondition_not_accessible, which this project has no connection to (demo-scoped decision, see autopass_no_system_access.json)"
O-FNM-14390,Data Validation Svc-DVS,O-FNM-50843,Critical,Were all asset DU requirements met to maintain Reps & Warrants Relief?,The actual amount of funds required to complete the transaction is higher than the funds required to close as specified in DU without the liquid assets being documented to cover the additional amount and/or was not resubmitted to DU if applicable.,computation,B3-2-02 DU Validation Service; B3-4.4-02 Requirements for Certain Assets in DU; B3-4.3-04 Personal Gifts,PASS,AUTOPASS_DU_RELIEF_PRECONDITION_NOT_ACCESSIBLE,"auto-pass: requires verification inside du_relief_precondition_not_accessible, which this project has no connection to (demo-scoped decision, see autopass_no_system_access.json)","auto-pass: requires verification inside du_relief_precondition_not_accessible, which this project has no connection to (demo-scoped decision, see autopass_no_system_access.json)"
O-FNM-14390,Data Validation Svc-DVS,O-FNM-50844,Critical,Were all asset DU requirements met to maintain Reps & Warrants Relief?,The lender did not perform a business cash flow analysis to confirm that the withdrawal of funds for this transaction will not have a negative impact on the business where the borrower is self-employed and an eligible asset account is reflected as a business account on the verification report.,scripted_review,B3-2-02 DU Validation Service; B3-4.4-02 Requirements for Certain Assets in DU; B3-4.3-04 Personal Gifts,PASS,AUTOPASS_DU_RELIEF_PRECONDITION_NOT_ACCESSIBLE,"auto-pass: requires verification inside du_relief_precondition_not_accessible, which this project has no connection to (demo-scoped decision, see autopass_no_system_access.json)","auto-pass: requires verification inside du_relief_precondition_not_accessible, which this project has no connection to (demo-scoped decision, see autopass_no_system_access.json)"
O-FNM-14390,Data Validation Svc-DVS,O-FNM-50845,Critical,Were all asset DU requirements met to maintain Reps & Warrants Relief?,"A business cash flow analysis was conducted that revealed the use of the asset has a negative impact on the business, however, the lender did not remove the assets from the online loan application, obtain an updated verification report that excludes the business account and resubmit the loan to DU.",scripted_review,B3-2-02 DU Validation Service; B3-4.4-02 Requirements for Certain Assets in DU; B3-4.3-04 Personal Gifts,PASS,AUTOPASS_DU_RELIEF_PRECONDITION_NOT_ACCESSIBLE,"auto-pass: requires verification inside du_relief_precondition_not_accessible, which this project has no connection to (demo-scoped decision, see autopass_no_system_access.json)","auto-pass: requires verification inside du_relief_precondition_not_accessible, which this project has no connection to (demo-scoped decision, see autopass_no_system_access.json)"
O-FNM-14390,Data Validation Svc-DVS,O-FNM-54170,Critical,Were all asset DU requirements met to maintain Reps & Warrants Relief?,A VOA has been obtained with gift funds and the gift was not verified as applicable per the DU validation message.,cross_doc_consistency,B3-2-02 DU Validation Service; B3-4.4-02 Requirements for Certain Assets in DU; B3-4.3-04 Personal Gifts,PASS,AUTOPASS_DU_RELIEF_PRECONDITION_NOT_ACCESSIBLE,"auto-pass: requires verification inside du_relief_precondition_not_accessible, which this project has no connection to (demo-scoped decision, see autopass_no_system_access.json)","auto-pass: requires verification inside du_relief_precondition_not_accessible, which this project has no connection to (demo-scoped decision, see autopass_no_system_access.json)"
O-FNM-14390,Data Validation Svc-DVS,O-FNM-50841,Critical,Were all asset DU requirements met to maintain Reps & Warrants Relief?,The file did not contain the most recent quarter for accounts that are reported on a quarterly basis.,doc_completeness,B3-2-02 DU Validation Service; B3-4.4-02 Requirements for Certain Assets in DU; B3-4.3-04 Personal Gifts,PASS,AUTOPASS_DU_NOT_ACCESSIBLE,"auto-pass: requires verification inside du_not_accessible, which this project has no connection to (demo-scoped decision, see autopass_no_system_access.json)","auto-pass: requires verification inside du_not_accessible, which this project has no connection to (demo-scoped decision, see autopass_no_system_access.json)"
O-FNM-14390,Data Validation Svc-DVS,O-FNM-50840,Critical,Were all asset DU requirements met to maintain Reps & Warrants Relief?,"In a purchase transaction, the account statements obtained from the vendor did not cover the most recent 60 days of account activity.",date_window,B3-2-02 DU Validation Service; B3-4.4-02 Requirements for Certain Assets in DU; B3-4.3-04 Personal Gifts,PASS,AUTOPASS_DU_RELIEF_PRECONDITION_NOT_ACCESSIBLE,"auto-pass: requires verification inside du_relief_precondition_not_accessible, which this project has no connection to (demo-scoped decision, see autopass_no_system_access.json)","auto-pass: requires verification inside du_relief_precondition_not_accessible, which this project has no connection to (demo-scoped decision, see autopass_no_system_access.json)"
O-FNM-14390,Data Validation Svc-DVS,O-FNM-50839,Critical,Were all asset DU requirements met to maintain Reps & Warrants Relief?,"In a refinance transaction, the account statements obtained from the vendor did not cover the most recent 30 days of account activity.",date_window,B3-2-02 DU Validation Service; B3-4.4-02 Requirements for Certain Assets in DU; B3-4.3-04 Personal Gifts,PASS,AUTOPASS_DU_RELIEF_PRECONDITION_NOT_ACCESSIBLE,"auto-pass: requires verification inside du_relief_precondition_not_accessible, which this project has no connection to (demo-scoped decision, see autopass_no_system_access.json)","auto-pass: requires verification inside du_relief_precondition_not_accessible, which this project has no connection to (demo-scoped decision, see autopass_no_system_access.json)"
O-FNM-14390,Data Validation Svc-DVS,O-FNM-55435,Critical,Were all asset DU requirements met to maintain Reps & Warrants Relief?,The asset verification report was not in the file.,doc_presence,B3-2-02 DU Validation Service; B3-4.4-02 Requirements for Certain Assets in DU; B3-4.3-04 Personal Gifts,PASS,AUTOPASS_DU_NOT_ACCESSIBLE,"auto-pass: requires verification inside du_not_accessible, which this project has no connection to (demo-scoped decision, see autopass_no_system_access.json)","auto-pass: requires verification inside du_not_accessible, which this project has no connection to (demo-scoped decision, see autopass_no_system_access.json)"
O-FNM-14390,Data Validation Svc-DVS,O-FNM-50846,Critical,Were all asset DU requirements met to maintain Reps & Warrants Relief?,"Where retirement assets are entered in DU and it was determined that withdrawals are not permitted or are limited to termination of employment, retirement or death, the lender did not remove the retirement assets from the online loan application, obtain an updated verification report that excludes the retirement account and resubmit the loan to DU.",threshold_eligibility,B3-2-02 DU Validation Service; B3-4.4-02 Requirements for Certain Assets in DU; B3-4.3-04 Personal Gifts,PASS,AUTOPASS_DU_RELIEF_PRECONDITION_NOT_ACCESSIBLE,"auto-pass: requires verification inside du_relief_precondition_not_accessible, which this project has no connection to (demo-scoped decision, see autopass_no_system_access.json)","auto-pass: requires verification inside du_relief_precondition_not_accessible, which this project has no connection to (demo-scoped decision, see autopass_no_system_access.json)"
O-FNM-14390,Data Validation Svc-DVS,O-FNM-50838,Critical,Were all asset DU requirements met to maintain Reps & Warrants Relief?,The assets entered for validation included amounts from employment related assets.,threshold_eligibility,B3-2-02 DU Validation Service; B3-4.4-02 Requirements for Certain Assets in DU; B3-4.3-04 Personal Gifts,PASS,AUTOPASS_DU_RELIEF_PRECONDITION_NOT_ACCESSIBLE,"auto-pass: requires verification inside du_relief_precondition_not_accessible, which this project has no connection to (demo-scoped decision, see autopass_no_system_access.json)","auto-pass: requires verification inside du_relief_precondition_not_accessible, which this project has no connection to (demo-scoped decision, see autopass_no_system_access.json)"
O-FNM-14390,Data Validation Svc-DVS,O-FNM-50842,Critical,Were all asset DU requirements met to maintain Reps & Warrants Relief?,"Where DU issued a message that a large deposit requires documentation, the file did not contain the applicable documentation.",doc_presence,B3-2-02 DU Validation Service; B3-4.4-02 Requirements for Certain Assets in DU; B3-4.3-04 Personal Gifts,PASS,AUTOPASS_DU_NOT_ACCESSIBLE,"auto-pass: requires verification inside du_not_accessible, which this project has no connection to (demo-scoped decision, see autopass_no_system_access.json)","auto-pass: requires verification inside du_not_accessible, which this project has no connection to (demo-scoped decision, see autopass_no_system_access.json)"
O-FNM-14391,Data Validation Svc-DVS,O-FNM-50849,Critical,Were all appraised value requirements met to maintain Reps & Warrants Relief?,The appraisal CU risk score was not 2.5 or lower or a PIW was not offered.,threshold_eligibility,A2-2-06 Representations and Warranties on Property Value; B4-1.2-05 Requirements for Verifying Completion and Postponed Improvements,PASS,AUTOPASS_DU_RELIEF_PRECONDITION_NOT_ACCESSIBLE,"auto-pass: requires verification inside du_relief_precondition_not_accessible, which this project has no connection to (demo-scoped decision, see autopass_no_system_access.json)","auto-pass: requires verification inside du_relief_precondition_not_accessible, which this project has no connection to (demo-scoped decision, see autopass_no_system_access.json)"
O-FNM-14391,Data Validation Svc-DVS,O-FNM-50850,Critical,Were all appraised value requirements met to maintain Reps & Warrants Relief?,"The basic information on the appraisal was not complete and/or accurate including but not limited to the subject description, condition, photos.",doc_completeness,A2-2-06 Representations and Warranties on Property Value; B4-1.2-05 Requirements for Verifying Completion and Postponed Improvements,PASS,AUTOPASS_DU_RELIEF_PRECONDITION_NOT_ACCESSIBLE,"auto-pass: requires verification inside du_relief_precondition_not_accessible, which this project has no connection to (demo-scoped decision, see autopass_no_system_access.json)","auto-pass: requires verification inside du_relief_precondition_not_accessible, which this project has no connection to (demo-scoped decision, see autopass_no_system_access.json)"
O-FNM-14391,Data Validation Svc-DVS,O-FNM-50851,Critical,Were all appraised value requirements met to maintain Reps & Warrants Relief?,"A certificate of completion on Form 1004D was not obtained where the property is appraised “subject to” completion, repairs, or any other conditions by the appraiser and a CU risk score of 2.5 or lower is received.",doc_presence,A2-2-06 Representations and Warranties on Property Value; B4-1.2-05 Requirements for Verifying Completion and Postponed Improvements,PASS,AUTOPASS_DU_RELIEF_PRECONDITION_NOT_ACCESSIBLE,"auto-pass: requires verification inside du_relief_precondition_not_accessible, which this project has no connection to (demo-scoped decision, see autopass_no_system_access.json)","auto-pass: requires verification inside du_relief_precondition_not_accessible, which this project has no connection to (demo-scoped decision, see autopass_no_system_access.json)"
O-FNM-14797,Data Validation Svc-DVS,O-FNM-55307,Critical,"If the use of rent payment history was utilized in the DU credit risk assessment, were all requirements met?",DU used positive rent data and the rent payment entered into DU did not align with the withdrawal amounts in the VOA report.,cross_doc_consistency,B3-2-03 Risk Factors Evaluated by DU; B3-4.2-02 Depository Accounts,PASS,AUTOPASS_DU_RELIEF_PRECONDITION_NOT_ACCESSIBLE,"auto-pass: requires verification inside du_relief_precondition_not_accessible, which this project has no connection to (demo-scoped decision, see autopass_no_system_access.json)","auto-pass: requires verification inside du_relief_precondition_not_accessible, which this project has no connection to (demo-scoped decision, see autopass_no_system_access.json)"
O-FNM-14797,Data Validation Svc-DVS,O-FNM-55101,Critical,"If the use of rent payment history was utilized in the DU credit risk assessment, were all requirements met?",Positive rent data was used by DU without evidence the most recent 60 days of account activity was reviewed as per standard large deposit policy.,date_window,B3-2-03 Risk Factors Evaluated by DU; B3-4.2-02 Depository Accounts,PASS,AUTOPASS_DU_RELIEF_PRECONDITION_NOT_ACCESSIBLE,"auto-pass: requires verification inside du_relief_precondition_not_accessible, which this project has no connection to (demo-scoped decision, see autopass_no_system_access.json)","auto-pass: requires verification inside du_relief_precondition_not_accessible, which this project has no connection to (demo-scoped decision, see autopass_no_system_access.json)"
O-FNM-14797,Data Validation Svc-DVS,O-FNM-55100,Critical,"If the use of rent payment history was utilized in the DU credit risk assessment, were all requirements met?",Positive rent data was used by DU without obtaining an asset verification report with 12 months of bank statement data from an authorized DU validation service asset verification report vendor.,doc_presence,B3-2-03 Risk Factors Evaluated by DU; B3-4.2-02 Depository Accounts,PASS,AUTOPASS_DU_NOT_ACCESSIBLE,"auto-pass: requires verification inside du_not_accessible, which this project has no connection to (demo-scoped decision, see autopass_no_system_access.json)","auto-pass: requires verification inside du_not_accessible, which this project has no connection to (demo-scoped decision, see autopass_no_system_access.json)"
O-FNM-14797,Data Validation Svc-DVS,O-FNM-55097,Critical,"If the use of rent payment history was utilized in the DU credit risk assessment, were all requirements met?",Positive rent data was used by DU without at least 1 borrower being a first-time homebuyer with a credit score.,threshold_eligibility,B3-2-03 Risk Factors Evaluated by DU; B3-4.2-02 Depository Accounts,PASS,AUTOPASS_DU_RELIEF_PRECONDITION_NOT_ACCESSIBLE,"auto-pass: requires verification inside du_relief_precondition_not_accessible, which this project has no connection to (demo-scoped decision, see autopass_no_system_access.json)","auto-pass: requires verification inside du_relief_precondition_not_accessible, which this project has no connection to (demo-scoped decision, see autopass_no_system_access.json)"
O-FNM-14797,Data Validation Svc-DVS,O-FNM-55099,Critical,"If the use of rent payment history was utilized in the DU credit risk assessment, were all requirements met?",Positive rent data was used by DU in a transaction that is not a purchase secured by a principal residence.,threshold_eligibility,B3-2-03 Risk Factors Evaluated by DU; B3-4.2-02 Depository Accounts,PASS,AUTOPASS_DU_RELIEF_PRECONDITION_NOT_ACCESSIBLE,"auto-pass: requires verification inside du_relief_precondition_not_accessible, which this project has no connection to (demo-scoped decision, see autopass_no_system_access.json)","auto-pass: requires verification inside du_relief_precondition_not_accessible, which this project has no connection to (demo-scoped decision, see autopass_no_system_access.json)"
O-FNM-14797,Data Validation Svc-DVS,O-FNM-55098,Critical,"If the use of rent payment history was utilized in the DU credit risk assessment, were all requirements met?",Positive rent data was used by DU and the borrower has not been renting for at least 12 months with a monthly rent payment of at least $300.,threshold_eligibility,B3-2-03 Risk Factors Evaluated by DU; B3-4.2-02 Depository Accounts,PASS,AUTOPASS_DU_RELIEF_PRECONDITION_NOT_ACCESSIBLE,"auto-pass: requires verification inside du_relief_precondition_not_accessible, which this project has no connection to (demo-scoped decision, see autopass_no_system_access.json)","auto-pass: requires verification inside du_relief_precondition_not_accessible, which this project has no connection to (demo-scoped decision, see autopass_no_system_access.json)"
O-FNM-14797,Data Validation Svc-DVS,O-FNM-56237,Critical,"If the use of rent payment history was utilized in the DU credit risk assessment, were all requirements met?","The borrower moved or had a rent payment change, and the former address section was not used to enter the previous rent amount.",doc_completeness,B3-2-03 Risk Factors Evaluated by DU; B3-4.2-02 Depository Accounts,PASS,AUTOPASS_DU_NOT_ACCESSIBLE,"auto-pass: requires verification inside du_not_accessible, which this project has no connection to (demo-scoped decision, see autopass_no_system_access.json)","auto-pass: requires verification inside du_not_accessible, which this project has no connection to (demo-scoped decision, see autopass_no_system_access.json)"
O-FNM-15351,Data Validation Svc-DVS,O-FNM-50848,Critical,Were all additional asset DU requirements met to maintain Reps & Warrants Relief?,The amount of assets on the verification report differ from the asset amount input by the lender and the amount on the verification report was not greater than or equal to the total funds to be verified amount in DU.,computation,B3-2-02 DU Validation Service; B3-4.3-09 Earnest Money Deposit; B3-4.4-02 Requirements for Certain Assets in DU,PASS,AUTOPASS_DU_RELIEF_PRECONDITION_NOT_ACCESSIBLE,"auto-pass: requires verification inside du_relief_precondition_not_accessible, which this project has no connection to (demo-scoped decision, see autopass_no_system_access.json)","auto-pass: requires verification inside du_relief_precondition_not_accessible, which this project has no connection to (demo-scoped decision, see autopass_no_system_access.json)"
O-FNM-15351,Data Validation Svc-DVS,O-FNM-50847,Critical,Were all additional asset DU requirements met to maintain Reps & Warrants Relief?,"For earnest money that has cleared the borrower’s account, the earnest money was not entered as an “Other Credit” in DU and/or the lender did not verify the source of funds as per the standard DU message.",doc_completeness,B3-2-02 DU Validation Service; B3-4.3-09 Earnest Money Deposit; B3-4.4-02 Requirements for Certain Assets in DU,PASS,AUTOPASS_DU_NOT_ACCESSIBLE,"auto-pass: requires verification inside du_not_accessible, which this project has no connection to (demo-scoped decision, see autopass_no_system_access.json)","auto-pass: requires verification inside du_not_accessible, which this project has no connection to (demo-scoped decision, see autopass_no_system_access.json)"
O-EPD-14454,EPD,O-EPD-52909,Critical,Did the EPD review reveal any borrower or other information discrepancy default indicators?,There are address discrepancies within the loan file.,cross_doc_consistency,"D1-3-02 Lender Post-Closing Quality Control Review of Approval Conditions, Underwriting Decisions, Data, and Documentation; D1-3-03 Lender Post-Closing Quality Control Reverifications",NOT_COMPILED,NOT_COMPILED_CROSS_DOC_NO_CURATED_COMPARISON,Rule requires comparing two documents to each other; no curated comparison logic exists yet (compile-time gap),
O-EPD-14454,EPD,O-EPD-52908,Critical,Did the EPD review reveal any borrower or other information discrepancy default indicators?,A purchaser was deleted from/added to the sales contract.,cross_doc_consistency,"D1-3-02 Lender Post-Closing Quality Control Review of Approval Conditions, Underwriting Decisions, Data, and Documentation; D1-3-03 Lender Post-Closing Quality Control Reverifications",NOT_COMPILED,NOT_COMPILED_CROSS_DOC_NO_CURATED_COMPARISON,Rule requires comparing two documents to each other; no curated comparison logic exists yet (compile-time gap),
O-EPD-14454,EPD,O-EPD-52943,Critical,Did the EPD review reveal any borrower or other information discrepancy default indicators?,A mailed verification was returned as not deliverable.,reverification,"D1-3-02 Lender Post-Closing Quality Control Review of Approval Conditions, Underwriting Decisions, Data, and Documentation; D1-3-03 Lender Post-Closing Quality Control Reverifications",NOT_COMPILED,NOT_COMPILED_NOT_CONVERTED_BY_DESIGN,Check type not in this build's scope (e.g. reverification / list_screening -- deliberately out of scope),
O-EPD-14455,EPD,O-EPD-52913,Note,Did the EPD review reveal any credit default indicators?,The file evidenced an excessive number of automated underwriting system submissions.,scripted_review,"D1-3-03 Lender Post-Closing Quality Control Reverifications; B3-6-02 Debt-to-Income Ratios; A3-4-03 Preventing, Detecting, and Reporting Mortgage Fraud",PASS,AUTOPASS_DU_NOT_ACCESSIBLE,"auto-pass: requires verification inside du_not_accessible, which this project has no connection to (demo-scoped decision, see autopass_no_system_access.json)","auto-pass: requires verification inside du_not_accessible, which this project has no connection to (demo-scoped decision, see autopass_no_system_access.json)"
O-EPD-14455,EPD,O-EPD-52914,Critical,Did the EPD review reveal any credit default indicators?,The review credit report contained new derogatory accounts after the loan closed.,reverification,"D1-3-03 Lender Post-Closing Quality Control Reverifications; B3-6-02 Debt-to-Income Ratios; A3-4-03 Preventing, Detecting, and Reporting Mortgage Fraud",NOT_COMPILED,NOT_COMPILED_NOT_CONVERTED_BY_DESIGN,Check type not in this build's scope (e.g. reverification / list_screening -- deliberately out of scope),
O-EPD-14455,EPD,O-EPD-52912,Critical,Did the EPD review reveal any credit default indicators?,The DTI increased beyond what would be acceptable based on the new or increased payments as per the post-close review credit report.,computation,"D1-3-03 Lender Post-Closing Quality Control Reverifications; B3-6-02 Debt-to-Income Ratios; A3-4-03 Preventing, Detecting, and Reporting Mortgage Fraud",NOT_COMPILED,NOT_COMPILED_THRESHOLD_NOT_PARSEABLE,"Rule cites a threshold but the compiler could not extract one unambiguous number+direction from the text (compile-time gap, same for every loan)",
O-EPD-14455,EPD,O-EPD-52936,Critical,Did the EPD review reveal any credit default indicators?,"There is evidence of financial strain such as delinquent taxes, judgements, recordings of a default or modification agreement, etc.",scripted_review,"D1-3-03 Lender Post-Closing Quality Control Reverifications; B3-6-02 Debt-to-Income Ratios; A3-4-03 Preventing, Detecting, and Reporting Mortgage Fraud",NEEDS_REVIEW,EXTRACTION_GAP_DOC_PRESENT,"creditPublicRecords null; declaration self-report is not the credit-record cross-check the rule intends -- PRE-WIRED 2026-08-02 (CURATED_SCRIPTED_REVIEW_FIELDS), inert until the underlying field populates",No data present for no_adverse_credit_public_records -- cannot determine whether this condition is true or false; needs SME review.
O-EPD-14455,EPD,O-EPD-52910,Note,Did the EPD review reveal any credit default indicators?,The review credit report revealed a significant number of inquiries after closing.,reverification,"D1-3-03 Lender Post-Closing Quality Control Reverifications; B3-6-02 Debt-to-Income Ratios; A3-4-03 Preventing, Detecting, and Reporting Mortgage Fraud",NOT_COMPILED,NOT_COMPILED_NOT_CONVERTED_BY_DESIGN,Check type not in this build's scope (e.g. reverification / list_screening -- deliberately out of scope),
O-EPD-14455,EPD,O-EPD-52915,Critical,Did the EPD review reveal any credit default indicators?,There is evidence of extreme payment shock.,scripted_review,"D1-3-03 Lender Post-Closing Quality Control Reverifications; B3-6-02 Debt-to-Income Ratios; A3-4-03 Preventing, Detecting, and Reporting Mortgage Fraud",NEEDS_REVIEW,VENDOR_DATA_TRUST,"loanPaymentShockPercent + housing-expense inputs null; the one populated value (housingExpenseMonthlyPaymentAmount=$50/mo) is implausible and at face value implies extreme shock -- evidence toward, not against",No data present for scripted_review_checklist__there_is_evidence_of_extreme_payment_shock__783f1438 -- cannot determine whether this condition is true or false; needs SME review.
O-EPD-14455,EPD,O-EPD-52911,Note,Did the EPD review reveal any credit default indicators?,The review credit report revealed significant new tradelines or increased debt added after the loan closed.,reverification,"D1-3-03 Lender Post-Closing Quality Control Reverifications; B3-6-02 Debt-to-Income Ratios; A3-4-03 Preventing, Detecting, and Reporting Mortgage Fraud",NOT_COMPILED,NOT_COMPILED_NOT_CONVERTED_BY_DESIGN,Check type not in this build's scope (e.g. reverification / list_screening -- deliberately out of scope),
O-EPD-14456,EPD,O-EPD-52917,Critical,Did the EPD review reveal any occupancy default indicators?,The billing address is not the property address in a primary residence transaction.,reverification,"D1-3-03 Lender Post-Closing Quality Control Reverifications; B2-1.1-01 Occupancy Types; A3-4-03 Preventing, Detecting, and Reporting Mortgage Fraud",NOT_COMPILED,NOT_COMPILED_NOT_CONVERTED_BY_DESIGN,Check type not in this build's scope (e.g. reverification / list_screening -- deliberately out of scope),
O-EPD-14456,EPD,O-EPD-52918,Critical,Did the EPD review reveal any occupancy default indicators?,The borrower is occupying the subject as a primary in an investment purchase transaction that used rental income to qualify.,reverification,"D1-3-03 Lender Post-Closing Quality Control Reverifications; B2-1.1-01 Occupancy Types; A3-4-03 Preventing, Detecting, and Reporting Mortgage Fraud",NOT_COMPILED,NOT_COMPILED_NOT_CONVERTED_BY_DESIGN,Check type not in this build's scope (e.g. reverification / list_screening -- deliberately out of scope),
O-EPD-14456,EPD,O-EPD-52916,Critical,Did the EPD review reveal any occupancy default indicators?,Post-closing occupancy could not be validated.,reverification,"D1-3-03 Lender Post-Closing Quality Control Reverifications; B2-1.1-01 Occupancy Types; A3-4-03 Preventing, Detecting, and Reporting Mortgage Fraud",NOT_COMPILED,NOT_COMPILED_NOT_CONVERTED_BY_DESIGN,Check type not in this build's scope (e.g. reverification / list_screening -- deliberately out of scope),
O-EPD-14457,EPD,O-EPD-52919,Critical,Did the EPD review reveal any income/employment default indicators?,There was a significant or unrealistic commute distance.,scripted_review,"A3-4-03 Preventing, Detecting, and Reporting Mortgage Fraud; D1-3-03 Lender Post-Closing Quality Control Reverifications",NEEDS_REVIEW,NEEDS_RULE_LOGIC,"commute-distance requires geocode+distance computation -- a build, not a wire",No data present for scripted_review_checklist__there_was_a_significant_or_unrealistic_commute_dis__71c97672 -- cannot determine whether this condition is true or false; needs SME review.
O-EPD-14457,EPD,O-EPD-52921,Critical,Did the EPD review reveal any income/employment default indicators?,A PO Box is the only address listed for an employer.,scripted_review,"A3-4-03 Preventing, Detecting, and Reporting Mortgage Fraud; D1-3-03 Lender Post-Closing Quality Control Reverifications",PASS,REAL_DATA_MATCH,Predicate satisfied.,Predicate satisfied.
O-EPD-14457,EPD,O-EPD-52920,Critical,Did the EPD review reveal any income/employment default indicators?,"The borrower’s income appears to be out of line with the type of employment, applicant age, education, and/or lifestyle.",scripted_review,"A3-4-03 Preventing, Detecting, and Reporting Mortgage Fraud; D1-3-03 Lender Post-Closing Quality Control Reverifications",NEEDS_REVIEW,IRREDUCIBLE_JUDGMENT,income-vs-lifestyle plausibility judgment,No data present for scripted_review_checklist__the_borrower_s_income_appears_to_be_out_of_line_wi__bfc62db3 -- cannot determine whether this condition is true or false; needs SME review.
O-EPD-14458,EPD,O-EPD-52924,Critical,Did the EPD review reveal any asset default indicators?,The bank account ownership includes an unknown party.,cross_doc_consistency,"D1-3-03 Lender Post-Closing Quality Control Reverifications; B2-1.3-03 Cash-Out Refinance Transactions; A3-4-03 Preventing, Detecting, and Reporting Mortgage Fraud",PASS,REAL_DATA_MATCH,Predicate satisfied.,Predicate satisfied.
O-EPD-14458,EPD,O-EPD-52922,Critical,Did the EPD review reveal any asset default indicators?,"The down payment source is a gift, sale of personal property, etc. in lieu of coming from personal accounts.",scripted_review,"D1-3-03 Lender Post-Closing Quality Control Reverifications; B2-1.3-03 Cash-Out Refinance Transactions; A3-4-03 Preventing, Detecting, and Reporting Mortgage Fraud",NEEDS_REVIEW,CONFIRMED_RED_FLAG,"down payment source IS a gift (assetType=GIFT_OF_CASH, fundSourceType=RELATIVE, $10,000) -- the indicator the check looks for is present",No data present for scripted_review_checklist__the_down_payment_source_is_a_gift_sale_of_personal__b3782e58 -- cannot determine whether this condition is true or false; needs SME review.
O-EPD-14458,EPD,O-EPD-52923,Critical,Did the EPD review reveal any asset default indicators?,The transaction is a cash-out refinance on a recently acquired property.,date_window,"D1-3-03 Lender Post-Closing Quality Control Reverifications; B2-1.3-03 Cash-Out Refinance Transactions; A3-4-03 Preventing, Detecting, and Reporting Mortgage Fraud",NOT_APPLICABLE,PRECONDITION_NOT_APPLICABLE,"Trigger presupposes a refinance transaction (cash-out refinance on a recently acquired property); loanSummary.loanTerms.loanPurposeType='PURCHASE' (positive extracted enum, single-valued) -- not any refinance type. Corroborated: Purchase Agreement in closed-world documents[13] and purchasePriceAmount=352000 (a refinance has neither). Every branch of the trigger requires a refinance, so the disjunction rule is satisfied.",Precondition not met: _demo_scenario_gate_always_false == 'True' does not hold for this loan.
O-EPD-14459,EPD,O-EPD-52927,Critical,Did the EPD review reveal any property/value default indicators?,The subject occupant is reported to be a tenant or unknown.,cross_doc_consistency,"D1-3-03 Lender Post-Closing Quality Control Reverifications; B4-1.1-02 Lender Responsibilities; A3-4-03 Preventing, Detecting, and Reporting Mortgage Fraud",NOT_COMPILED,NOT_COMPILED_CROSS_DOC_NO_CURATED_COMPARISON,Rule requires comparing two documents to each other; no curated comparison logic exists yet (compile-time gap),
O-EPD-14459,EPD,O-EPD-52926,Critical,Did the EPD review reveal any property/value default indicators?,The appraisal was ordered by a party to the transaction.,cross_doc_consistency,"D1-3-03 Lender Post-Closing Quality Control Reverifications; B4-1.1-02 Lender Responsibilities; A3-4-03 Preventing, Detecting, and Reporting Mortgage Fraud",NOT_COMPILED,NOT_COMPILED_CROSS_DOC_NO_CURATED_COMPARISON,Rule requires comparing two documents to each other; no curated comparison logic exists yet (compile-time gap),
O-EPD-14459,EPD,O-EPD-52925,Critical,Did the EPD review reveal any property/value default indicators?,"The original value used to qualify was not supported after completing a desk review, online search and/or retro appraisal.",reverification,"D1-3-03 Lender Post-Closing Quality Control Reverifications; B4-1.1-02 Lender Responsibilities; A3-4-03 Preventing, Detecting, and Reporting Mortgage Fraud",NOT_COMPILED,NOT_COMPILED_NOT_CONVERTED_BY_DESIGN,Check type not in this build's scope (e.g. reverification / list_screening -- deliberately out of scope),
O-EPD-14459,EPD,O-EPD-52930,Critical,Did the EPD review reveal any property/value default indicators?,The purchase price is substantially higher or lower than the predominant market value.,cross_doc_consistency,"D1-3-03 Lender Post-Closing Quality Control Reverifications; B4-1.1-02 Lender Responsibilities; A3-4-03 Preventing, Detecting, and Reporting Mortgage Fraud",NOT_COMPILED,NOT_COMPILED_CROSS_DOC_NO_CURATED_COMPARISON,Rule requires comparing two documents to each other; no curated comparison logic exists yet (compile-time gap),
O-EPD-14459,EPD,O-EPD-52928,Critical,Did the EPD review reveal any property/value default indicators?,The owner is someone other than the seller shown on sales contract.,cross_doc_consistency,"D1-3-03 Lender Post-Closing Quality Control Reverifications; B4-1.1-02 Lender Responsibilities; A3-4-03 Preventing, Detecting, and Reporting Mortgage Fraud",NOT_COMPILED,NOT_COMPILED_CROSS_DOC_NO_CURATED_COMPARISON,Rule requires comparing two documents to each other; no curated comparison logic exists yet (compile-time gap),
O-EPD-14459,EPD,O-EPD-52931,Critical,Did the EPD review reveal any property/value default indicators?,The subject photos reveal inconsistencies.,scripted_review,"D1-3-03 Lender Post-Closing Quality Control Reverifications; B4-1.1-02 Lender Responsibilities; A3-4-03 Preventing, Detecting, and Reporting Mortgage Fraud",NEEDS_REVIEW,IRREDUCIBLE_JUDGMENT,photo/visual review,No data present for scripted_review_checklist__the_subject_photos_reveal_inconsistencies__f771d3cb -- cannot determine whether this condition is true or false; needs SME review.
O-EPD-14459,EPD,O-EPD-52929,Critical,Did the EPD review reveal any property/value default indicators?,"The appraisal indicates the transaction is a refinance, but other documentation reflects a purchase.",cross_doc_consistency,"D1-3-03 Lender Post-Closing Quality Control Reverifications; B4-1.1-02 Lender Responsibilities; A3-4-03 Preventing, Detecting, and Reporting Mortgage Fraud",NOT_COMPILED,NOT_COMPILED_CROSS_DOC_NO_CURATED_COMPARISON,Rule requires comparing two documents to each other; no curated comparison logic exists yet (compile-time gap),
O-EPD-14460,EPD,O-EPD-52934,Critical,Did the EPD review reveal any title default indicators?,The chain of title includes an interested party.,cross_doc_consistency,"D1-3-02 Lender Post-Closing Quality Control Review of Approval Conditions, Underwriting Decisions, Data, and Documentation; B7-2-01 Provision of Title Insurance; A3-4-03 Preventing, Detecting, and Reporting Mortgage Fraud",NOT_COMPILED,NOT_COMPILED_CROSS_DOC_NO_CURATED_COMPARISON,Rule requires comparing two documents to each other; no curated comparison logic exists yet (compile-time gap),
O-EPD-14460,EPD,O-EPD-52937,Critical,Did the EPD review reveal any title default indicators?,The buyer has a pre-existing financial interest in the property.,cross_doc_consistency,"D1-3-02 Lender Post-Closing Quality Control Review of Approval Conditions, Underwriting Decisions, Data, and Documentation; B7-2-01 Provision of Title Insurance; A3-4-03 Preventing, Detecting, and Reporting Mortgage Fraud",NOT_COMPILED,NOT_COMPILED_CROSS_DOC_NO_CURATED_COMPARISON,Rule requires comparing two documents to each other; no curated comparison logic exists yet (compile-time gap),
O-EPD-14460,EPD,O-EPD-52933,Critical,Did the EPD review reveal any title default indicators?,The buyer and seller have the same surname indicating a concealed non-arm's length transaction.,cross_doc_consistency,"D1-3-02 Lender Post-Closing Quality Control Review of Approval Conditions, Underwriting Decisions, Data, and Documentation; B7-2-01 Provision of Title Insurance; A3-4-03 Preventing, Detecting, and Reporting Mortgage Fraud",NOT_COMPILED,NOT_COMPILED_CROSS_DOC_NO_CURATED_COMPARISON,Rule requires comparing two documents to each other; no curated comparison logic exists yet (compile-time gap),
O-EPD-14460,EPD,O-EPD-52932,Critical,Did the EPD review reveal any title default indicators?,The title policy was prepared for and/or was mailed to a party other than the lender.,cross_doc_consistency,"D1-3-02 Lender Post-Closing Quality Control Review of Approval Conditions, Underwriting Decisions, Data, and Documentation; B7-2-01 Provision of Title Insurance; A3-4-03 Preventing, Detecting, and Reporting Mortgage Fraud",NOT_COMPILED,NOT_COMPILED_CROSS_DOC_NO_CURATED_COMPARISON,Rule requires comparing two documents to each other; no curated comparison logic exists yet (compile-time gap),
O-EPD-14461,EPD,O-EPD-52935,Critical,Did the EPD review reveal any transaction/closing default indicators?,"There are indications of a compromised transaction such as a flip, foreclosure rescue, straw buyer refinance etc.",scripted_review,"A3-4-03 Preventing, Detecting, and Reporting Mortgage Fraud; D1-3-02 Lender Post-Closing Quality Control Review of Approval Conditions, Underwriting Decisions, Data, and Documentation",NEEDS_REVIEW,DATA_NEVER_CAPTURED,fraud-detection vendor product signal; none in payload,No data present for scripted_review_checklist__there_are_indications_of_a_compromised_transaction__3f1b7bb1 -- cannot determine whether this condition is true or false; needs SME review.
O-EPD-14461,EPD,O-EPD-52940,Critical,Did the EPD review reveal any transaction/closing default indicators?,Cash proceeds to the borrower were inconsistent with the final application and loan approval.,cross_doc_consistency,"A3-4-03 Preventing, Detecting, and Reporting Mortgage Fraud; D1-3-02 Lender Post-Closing Quality Control Review of Approval Conditions, Underwriting Decisions, Data, and Documentation",NOT_COMPILED,NOT_COMPILED_CROSS_DOC_NO_CURATED_COMPARISON,Rule requires comparing two documents to each other; no curated comparison logic exists yet (compile-time gap),
O-EPD-14461,EPD,O-EPD-52938,Critical,Did the EPD review reveal any transaction/closing default indicators?,Undisclosed liens were paid off in a refinance transaction.,cross_doc_consistency,"A3-4-03 Preventing, Detecting, and Reporting Mortgage Fraud; D1-3-02 Lender Post-Closing Quality Control Review of Approval Conditions, Underwriting Decisions, Data, and Documentation",NOT_APPLICABLE,PRECONDITION_NOT_APPLICABLE,"Exception is explicitly scoped to 'a refinance transaction'; loanTerms.loanPurposeType='PURCHASE', not any refinance.",Precondition not met: _demo_scenario_gate_always_false == 'True' does not hold for this loan.
O-EPD-14461,EPD,O-EPD-52939,Critical,Did the EPD review reveal any transaction/closing default indicators?,There are indications of payouts to unknown parties.,cross_doc_consistency,"A3-4-03 Preventing, Detecting, and Reporting Mortgage Fraud; D1-3-02 Lender Post-Closing Quality Control Review of Approval Conditions, Underwriting Decisions, Data, and Documentation",NOT_COMPILED,NOT_COMPILED_CROSS_DOC_NO_CURATED_COMPARISON,Rule requires comparing two documents to each other; no curated comparison logic exists yet (compile-time gap),
O-EPD-14462,EPD,O-EPD-53874,Critical,What additional observations were noted during the EPD review?,The EPD selection did not include an appropriate risk-based sample of loans sold to Freddie Mac that are 60 days or more past due in the first six months.,date_window,D1-3-01 Lender Post-Closing Quality Control Review Process; A2-3.2-01 Loan Repurchases and Make Whole Payments Requested by Fannie Mae,NOT_APPLICABLE,PRECONDITION_NOT_APPLICABLE,"Trigger scope is 'loans sold to Freddie Mac'; this loan is positively identified as FNMA: loanProduct.productPortfolioName='FNMA', investorGuidelineName='FNMA', under the table's QC_Policy='Fannie Mae' premise. Flagged: these are origination-side investor identification fields; the post-closing sale record itself is not extracted.",Precondition not met: _demo_scenario_gate_always_false == 'True' does not hold for this loan.
O-FNM-00525,Fannie Mae Form 1033,O-FNM-00525,Critical,Form 1033 #8 - Was the appraisal completed on an acceptable report form as applicable?,Form 1033 #8 - The appraisal was not completed on an acceptable report form as applicable.,threshold_eligibility,B4-1.2-01 Appraisal Report Forms and Exhibits,NOT_COMPILED,NOT_COMPILED_THRESHOLD_NOT_PARSEABLE,"Rule cites a threshold but the compiler could not extract one unambiguous number+direction from the text (compile-time gap, same for every loan)",
O-FNM-00531,Fannie Mae Form 1033,O-FNM-00531,Critical,"Form 1033 #16, #17, #18 - Were all exhibits included in the appraisal as applicable including but not limited to the building sketch or floor plan including dimensions and calculations, location map, and the required number of photographs including, the living room, family room, dining room, all bedrooms, and all finished and unfinished areas of the basement?","Form 1033 #16, #17, #18 - All exhibits were not included in the appraisal as applicable including but not limited to the building sketch or floor plan including the dimensions and calculations, location map, and the required number of photographs including the living room, family room, dining room, all bedrooms, and all finished and unfinished areas of the basement.",doc_presence,B4-1.2-01 Appraisal Report Forms and Exhibits,NOT_COMPILED,NOT_COMPILED_PRESENCE_GATE_NEEDS_CONDITIONAL_LOGIC,"Requires specific exhibits (sketch, floor plan, photos) within the appraisal report to be complete; the appraisal itself is gated by appraisal_in_file (doc-inventory derivable) but exhibit completeness is a content check, and the check names 'Form 1033', which is not in the closed 54-type list.",
O-FNM-00534,Fannie Mae Form 1033,O-FNM-00534,Critical,Form 1033 #14 - Was it validated that the appraisal market trends were identified correctly?,Form 1033 #14 - The appraisal market trends were not identified correctly.,scripted_review,B4-1.3-03 Neighborhood Section of the Appraisal Report,NEEDS_REVIEW,IRREDUCIBLE_JUDGMENT,market-trend classification judgment,No data present for scripted_review_checklist__form_1033_14_the_appraisal_market_trends_were_not__bdd2d116 -- cannot determine whether this condition is true or false; needs SME review.
O-FNM-00705,Fannie Mae Form 1033,O-FNM-00705,Critical,Form 1033 #19 - Was a certification of completion/inspection provided where the appraisal is subject to completion per plans and specifications or subject to repairs or alterations?,Form 1033 #19 - A certification of completion/inspection was not provided where the appraisal is subject to completion per plans and specifications or subject to repairs or alterations.,doc_presence,B4-1.2-05 Requirements for Verifying Completion and Postponed Improvements,NOT_APPLICABLE,PRECONDITION_NOT_APPLICABLE,"No indication the appraisal was 'subject to' completion or repairs; existing detached PUD home purchase, no subject-to condition evidenced.",Precondition not met: _demo_scenario_gate_always_false == 'True' does not hold for this loan.
O-FNM-50272,Fannie Mae Form 1033,O-FNM-50272,Critical,"Form 1033 #1, #2, #3, #7 - Was the subject section of the appraisal complete and accurate including the subject property address, owner of record, county, legal description, parcel ID, as well as neighborhood and occupant information?","Form 1033 #1, #2, #3, #7 - One or more of the following components was missing or incorrect in the subject section of the appraisal, the subject property address, owner of record, county and legal description, parcel ID or the neighborhood or occupant information.",doc_completeness,B4-1.3-02 Subject and Contract Sections of the Appraisal Report; B4-1.3-03 Neighborhood Section of the Appraisal Report,NOT_COMPILED,NOT_COMPILED_PRESENCE_GATE_NEEDS_CONDITIONAL_LOGIC,"Presupposes an appraisal is already in the file (gated elsewhere) and evaluates the completeness of its subject section's content, not the appraisal's own presence.",
O-FNM-50284,Fannie Mae Form 1033,O-FNM-50284,Critical,"Form 1033 #12 - If a review of the aerial imagery reflects that the improvements do not conform to the neighborhood, did the appraiser provide an explanation?",Form 1033 #12 - A review of the aerial imagery reflects that the improvements do not conform to the neighborhood and the appraiser did not provide an explanation.,scripted_review,B4-1.3-05 Improvements Section of the Appraisal Report,NEEDS_REVIEW,IRREDUCIBLE_JUDGMENT,aerial-imagery visual review,No data present for scripted_review_checklist__form_1033_12_a_review_of_the_aerial_imagery_reflec__76a87c43 -- cannot determine whether this condition is true or false; needs SME review.
O-FNM-50285,Fannie Mae Form 1033,O-FNM-50285,Critical,"Form 1033 #26, #27 - Was the GLA and site size of the comparables supported and applied reasonably and consistently across all comparables?","Form 1033 #26, #27 - The GLA and/or site size of the comparables were not supported and/or were not applied reasonably and consistently across all comparables.",scripted_review,B4-1.3-08 Comparable Sales; B4-1.3-09 Adjustments to Comparable Sales,NEEDS_REVIEW,EXTRACTION_GAP_DOC_PRESENT,"GLA/site-size comp consistency is arithmetic-shaped; appraisal_comp_* fields catalogued, unpopulated",No data present for scripted_review_checklist__form_1033_26_27_the_gla_and_or_site_size_of_the_co__0fa9c2db -- cannot determine whether this condition is true or false; needs SME review.
O-FNM-50292,Fannie Mae Form 1033,O-FNM-50292,Critical,"Form 1033 #24 - Did the appraiser assign the most appropriate correct condition/quality rating with report exhibits supporting the ratings, and reconcile to CU messages, if applicable on an appraisal required to be completed with the UAD?","Form 1033 #24 - The appraiser didn’t assign the most appropriate correct condition/quality rating and/or the report exhibits do not support the ratings, or are not reconciled to CU messages, if applicable on an appraisal required to be completed with the UAD.",scripted_review,B4-1.3-06 Property Condition and Quality of Construction of the Improvements,PASS,AUTOPASS_CU_NOT_ACCESSIBLE,"auto-pass: requires verification inside cu_not_accessible, which this project has no connection to (demo-scoped decision, see autopass_no_system_access.json)","auto-pass: requires verification inside cu_not_accessible, which this project has no connection to (demo-scoped decision, see autopass_no_system_access.json)"
O-FNM-50297,Fannie Mae Form 1033,O-FNM-50297,Critical,"Form 1033 #30 c-d - If the appraiser’s adjusted and unadjusted prices to the comparables do not support the final value indicating that the subject may not conform to the neighborhood, was the final value adequately supported and within the range of unadjusted and/or adjusted values?",Form 1033 #30 c-d - The appraiser’s adjusted and unadjusted prices to the comparables do not support the final value indicating that the subject may not conform to the neighborhood and/or was not within the unadjusted and/or adjusted range without an explanation/comment to adequately support the final value.,scripted_review,B4-1.3-09 Adjustments to Comparable Sales; B4-1.3-11 Valuation Analysis and Reconciliation,NEEDS_REVIEW,EXTRACTION_GAP_DOC_PRESENT,"value-within-comp-range is arithmetic-shaped; comp sale/adjusted prices unextracted -- PRE-WIRED 2026-08-02 (CURATED_SCRIPTED_REVIEW_FIELDS), inert until the underlying field populates",No data present for appraised_value_within_comp_range -- cannot determine whether this condition is true or false; needs SME review.
O-FNM-53852,Fannie Mae Form 1033,O-FNM-53852,Critical,Form 1033 #39 - Was it validated that the appraiser is not on Fannie Mae’s AQM list?,Form 1033 #39 - The appraiser is on Fannie Mae’s AQM list.,list_screening,B4-1.3-12 Appraisal Quality Matters,NOT_COMPILED,NOT_COMPILED_NOT_CONVERTED_BY_DESIGN,Check type not in this build's scope (e.g. reverification / list_screening -- deliberately out of scope),
O-FNM-53855,Fannie Mae Form 1033,O-FNM-53855,Critical,"Form 1033 #20 - Were all project eligibility requirements met for the condominium project (e.g., commercial space requirements, owner occupancy, litigation, etc.)?",Form 1033 #20 - All project eligibility requirements were not met for the condominium project.,scripted_review,B4-2.1-01 General Information on Project Standards; B4-2.1-03 Ineligible Projects,NOT_APPLICABLE,STRUCTURAL_APPLICABILITY,Precondition not met: Loans.PropertyType == 'Condominium' does not hold for this loan.,Precondition not met: Loans.PropertyType == 'Condominium' does not hold for this loan.
O-FNM-54343,Fannie Mae Form 1033,O-FNM-54343,Critical,"Form 1033 #31 - If public sewer and/or water is unavailable, were community or private well and septic facilities available and utilized by the subject property, and was marketability addressed?","Form 1033 #31 - Public sewer and/or water is unavailable without evidence community or private well and septic facilities are available and utilized by the subject property, and/or marketability was not addressed.",doc_completeness,B4-1.3-04 Site Section of the Appraisal Report,NOT_COMPILED,NOT_COMPILED_PRESENCE_GATE_NEEDS_CONDITIONAL_LOGIC,"The appraisal must document well/septic evidence and marketability for the subject; a content requirement within the already-present appraisal, gated only on the appraisal_in_file flag which is itself doc-presence-derivable.",
O-FNM-54346,Fannie Mae Form 1033,O-FNM-54346,Critical,"Form 1033 #10 - Did the appraisal report identify and describe physical deficiencies that could affect a property’s safety, soundness, or structural integrity?","Form 1033 #10 - The appraisal report did not identify and describe physical deficiencies that could affect a property’s safety, soundness, or structural integrity.",doc_completeness,B4-1.3-06 Property Condition and Quality of Construction of the Improvements,NOT_COMPILED,NOT_COMPILED_PRESENCE_GATE_NEEDS_CONDITIONAL_LOGIC,"Gated on the appraisal being present (context_flags: appraisal_in_file, itself doc-inventory derivable), but presence alone doesn't clear it — the report's content must address physical deficiencies.",
O-FNM-54350,Fannie Mae Form 1033,O-FNM-54350,Critical,Form 1033 #32 - Was a minimum of 3 closed comparables provided in the sales comparison approach?,Form 1033 #32 - A minimum of 3 closed comparables was not provided in the sales comparison approach.,threshold_eligibility,B4-1.3-08 Comparable Sales,NOT_COMPILED,NOT_COMPILED_THRESHOLD_NOT_PARSEABLE,"Rule cites a threshold but the compiler could not extract one unambiguous number+direction from the text (compile-time gap, same for every loan)",
O-FNM-54351,Fannie Mae Form 1033,O-FNM-54351,Critical,"Form 1033 #30 a-b - After a review of the comparables information reported and photos, are they suitable substitutes for the subject property appealing to the same buyers?","Form 1033 #30 a-b - After a review of the comparables information reported and photos, the comparables do not appear to be suitable substitutes for the subject property appealing to the same buyers.",scripted_review,B4-1.3-08 Comparable Sales,NEEDS_REVIEW,IRREDUCIBLE_JUDGMENT,comps-suitable-substitutes photo judgment (taxonomy.md canonical example),No data present for scripted_review_checklist__form_1033_30_a_b_after_a_review_of_the_comparables__f7523af1 -- cannot determine whether this condition is true or false; needs SME review.
O-FNM-54353,Fannie Mae Form 1033,O-FNM-54353,Critical,"Form 1033 #29 - Where CU messages were present, did the lender ensure all items were resolved and provide comments explaining how they were resolved?","Form 1033 #29 - Where CU messages were present, the lender did not ensure all items were resolved and/or did not provide comments explaining how they were resolved.",scripted_review,D1-3-03 Lender Post-Closing Quality Control Reverifications,PASS,AUTOPASS_CU_NOT_ACCESSIBLE,"auto-pass: requires verification inside cu_not_accessible, which this project has no connection to (demo-scoped decision, see autopass_no_system_access.json)","auto-pass: requires verification inside cu_not_accessible, which this project has no connection to (demo-scoped decision, see autopass_no_system_access.json)"
O-FNM-54354,Fannie Mae Form 1033,O-FNM-54354,Critical,Form 1033 #40 - Did the post-closing QC collateral risk assessment reveal deficiencies noted as significant or findings?,Form 1033 #40 - The post-closing QC collateral risk assessment revealed deficiencies noted as significant or findings.,scripted_review,D1-3-03 Lender Post-Closing Quality Control Reverifications,NEEDS_REVIEW,IRREDUCIBLE_JUDGMENT,meta-check on internal QC collateral-risk-assessment outcome,No data present for scripted_review_checklist__form_1033_40_the_post_closing_qc_collateral_risk_a__c53b2cdd -- cannot determine whether this condition is true or false; needs SME review.
O-FNM-54358,Fannie Mae Form 1033,O-FNM-54358,Critical,"Form 1033 #37 -If the property is a cooperative, did the appraiser develop the co-op interest correctly using share price?",Form 1033 #37 -The appraiser did not develop the co-op interest correctly using share price.,computation,B4-1.4-04 Co-op Appraisal Requirements,NOT_APPLICABLE,PRECONDITION_NOT_APPLICABLE,"Card applicability requires Loans.PropertyType='Cooperative'; Property is provably a detached single-family home in a PUD, not a Condominium or Cooperative: pudIndicator='Y', attachmentType='Detached', projectLegalStructureType='Detached', condominiumIndicator=null, cooperativeIndicator=null, and a 'PUD Rider' (not a condo rider) is in the closed doc inventory.",Precondition not met: Loans.PropertyType == 'Cooperative' does not hold for this loan.
O-FNM-54534,Fannie Mae Form 1033,O-FNM-54534,Critical,"Form 1033 #15 - If zoning was other than legal, did the appraiser address the ability to rebuild?","Form 1033 #15 - Where the zoning was other than legal, the appraiser did not address the ability to rebuild.",scripted_review,B4-1.3-04 Site Section of the Appraisal Report,NEEDS_REVIEW,EXTRACTION_GAP_DOC_PRESENT,"siteZoningComplianceType null -- cannot even gate the 'zoning other than legal' trigger -- PRE-WIRED 2026-08-02 (CURATED_SCRIPTED_REVIEW_FIELDS), inert until the underlying field populates",No data present for zoning_legal_or_unknown -- cannot determine whether this condition is true or false; needs SME review.
O-FNM-54535,Fannie Mae Form 1033,O-FNM-54535,Critical,"Form 1033 #41 - If any deficiencies were noted, were they immaterial to the extent that they would not compromise the quality of the appraisal report or negatively impact the accuracy of the lending decision?",Form 1033 #41 - The deficiencies noted were material to the extent that they would compromise the quality of the appraisal report or negatively impact the accuracy of the lending decision.,scripted_review,D1-3-03 Lender Post-Closing Quality Control Reverifications; B4-1.3-12 Appraisal Quality Matters,NEEDS_REVIEW,IRREDUCIBLE_JUDGMENT,materiality-of-deficiencies judgment,No data present for scripted_review_checklist__form_1033_41_the_deficiencies_noted_were_material__aaf18486 -- cannot determine whether this condition is true or false; needs SME review.
O-FNM-58521,Fannie Mae Form 1033,O-FNM-58521,Critical,"Form 1033 #34 - Did the appraisal for a 2 to 4-unit property include at least two sales of similar unit count and provide the like-for-like unit comparison or if not, was it addressed?",Form 1033 #34 - The appraisal for a 2-to-4-unit property did not include at least two sales of similar unit count and/or did not provide the like-for-like unit comparison without commentary.,scripted_review,B4-1.3-05 Improvements Section of the Appraisal Report; B4-1.3-08 Comparable Sales,NOT_APPLICABLE,STRUCTURAL_APPLICABILITY,Precondition not met: Loans.PropertyType == '2-4 unit' does not hold for this loan.,Precondition not met: Loans.PropertyType == '2-4 unit' does not hold for this loan.
O-FNM-58522,Fannie Mae Form 1033,O-FNM-58522,Critical,"Form 1033 #11 - Were the subject property characteristics reported accurately, including but not limited to GLA, site size, outbuildings, etc.?","Form 1033 #11 - The subject property characteristics were not reported accurately, including but not limited to GLA, site size, outbuildings, etc.",scripted_review,B4-1.3-04 Site Section of the Appraisal Report; B4-1.3-05 Improvements Section of the Appraisal Report,NEEDS_REVIEW,EXTRACTION_GAP_DOC_PRESENT,GLA/site/outbuilding accuracy -- all relevant appraisal fields null,No data present for scripted_review_checklist__form_1033_11_the_subject_property_characteristics__b69b444b -- cannot determine whether this condition is true or false; needs SME review.
O-FNM-59378,Fannie Mae Form 1033,O-FNM-59378,Critical,"Form 1033 #9 - Does the property meet residential, structural, improvements, accessibility, utility, and year-round use eligibility requirements?","Form 1033 #9 - The property did not meet residential, structural, improvements, accessibility, utility, and year round use eligibility requirements.",scripted_review,B2-3-01 General Property Eligibility; B4-1.3-06 Property Condition and Quality of Construction of the Improvements,NEEDS_REVIEW,IRREDUCIBLE_JUDGMENT,6-way bundled eligibility judgment (gold flags bundle_requires_decomposition),No data present for scripted_review_checklist__form_1033_9_the_property_did_not_meet_residential__af0e74ba -- cannot determine whether this condition is true or false; needs SME review.
O-FNM-59379,Fannie Mae Form 1033,O-FNM-59379,Critical,"Form 1033 #13 - If there is a mix of residential and non-residential properties, was it shown that the mix does not impact the value/marketability of the subject property?",Form 1033 #13 - There is a mix of residential and non-residential properties without comment that the mix does not impact the value/marketability of the subject property.,scripted_review,B4-1.4-07 Mixed-Use Property Appraisal Requirements,NEEDS_REVIEW,IRREDUCIBLE_JUDGMENT,mixed-use impact-on-value narrative judgment,No data present for scripted_review_checklist__form_1033_13_there_is_a_mix_of_residential_and_non__ab024af6 -- cannot determine whether this condition is true or false; needs SME review.
O-FNM-59380,Fannie Mae Form 1033,O-FNM-59380,Critical,"Form 1033 #21, #22 - As part of the collateral risk assessment analysis, was the appraisal reviewed for subjective language and/or unacceptable appraisal practices and was the appropriate exception cited? (Refer to O-FNM-57523 and/or O-FNM-57524 if an exception is applicable.)","Form 1033 #21, #22 - The appraisal was not reviewed as part of the collateral risk assessment analysis for subjective language and/or unacceptable appraisal practices with the appropriate exception cited. (O-FNM-57523 and/or O-FNM-57524 as applicable.)",scripted_review,B4-1.1-04 Unacceptable Appraisal Practices,NEEDS_REVIEW,IRREDUCIBLE_JUDGMENT,"cross-check against two other exception codes' outcomes -- process dependency, not a data field",No data present for scripted_review_checklist__form_1033_21_22_the_appraisal_was_not_reviewed_as__c7082a8e -- cannot determine whether this condition is true or false; needs SME review.
O-FNM-59381,Fannie Mae Form 1033,O-FNM-59381,Critical,"Form 1033 #23 - Was the subject property's description accurate and complete related to the subject property, and project, if applicable?","Form 1033 #23 - The subject property's description was inaccurate and/or incomplete related to the subject property, and project, if applicable.",scripted_review,B4-1.3-02 Subject and Contract Sections of the Appraisal Report,NEEDS_REVIEW,IRREDUCIBLE_JUDGMENT,description accuracy/completeness narrative judgment,No data present for scripted_review_checklist__form_1033_23_the_subject_property_s_description_wa__29143ee0 -- cannot determine whether this condition is true or false; needs SME review.
O-FNM-59382,Fannie Mae Form 1033,O-FNM-59382,Critical,"Form 1033 #25 - Where discrepancies are noted for condition, quality, and/or view/location, was the impact noted on the collateral risk assessment analysis?","Form 1033 #25 - Discrepancies were noted for condition, quality, and/or view/location, and the impact was not noted on the collateral risk assessment analysis.",scripted_review,B4-1.3-06 Property Condition and Quality of Construction of the Improvements,NEEDS_REVIEW,IRREDUCIBLE_JUDGMENT,discrepancy-impact judgment on internal risk assessment,No data present for scripted_review_checklist__form_1033_25_discrepancies_were_noted_for_conditio__7b8f4919 -- cannot determine whether this condition is true or false; needs SME review.
O-FNM-59383,Fannie Mae Form 1033,O-FNM-59383,Critical,"Form 1033 #28 - If the subject property has an accessory dwelling unit and/or additional site features, did the appraisal provide comparable sales with similar or consistent accessory dwelling units and/or additional site features?","Form 1033 #28 - The subject property has an accessory dwelling unit and/or additional site features, and the appraisal did not provide comparable sales with similar or consistent accessory dwelling units and/or additional site features.",scripted_review,B4-1.3-05 Improvements Section of the Appraisal Report; B4-1.3-08 Comparable Sales,NEEDS_REVIEW,IRREDUCIBLE_JUDGMENT,ADU/site-feature comp-consistency visual judgment,No data present for scripted_review_checklist__form_1033_28_the_subject_property_has_an_accessory__6ffb0e5c -- cannot determine whether this condition is true or false; needs SME review.
O-FNM-59384,Fannie Mae Form 1033,O-FNM-59384,Critical,Form 1033 #33 - Were individual unit rentals supported in the market and did the comparable rents support the appraisers market rent and the gross rent multiplier as indicated by the provided sales?,Form 1033 #33 - Individual unit rentals were not supported in the market and the comparable rents did not support the appraisers market rent and the gross rent multiplier as indicated by the provided sales.,scripted_review,B4-1.3-10 Cost and Income Approach to Value,NEEDS_REVIEW,EXTRACTION_GAP_DOC_PRESENT,rent/GRM support is numeric-shaped; rentalEstimatedGrossMonthlyRentAmount null,No data present for scripted_review_checklist__form_1033_33_individual_unit_rentals_were_not_supp__cea68362 -- cannot determine whether this condition is true or false; needs SME review.
O-FNM-59385,Fannie Mae Form 1033,O-FNM-59385,Critical,Form 1033 #38 - Did the appraisal report meet Fannie Mae appraisal requirements?,Form 1033 #38 - The appraisal report did not meet Fannie Mae appraisal requirements.,scripted_review,B4-1.3-01 Review of the Appraisal Report; B4-1.1-04 Unacceptable Appraisal Practices,NEEDS_REVIEW,IRREDUCIBLE_JUDGMENT,broadest catch-all in the 1033 battery (bundle_requires_decomposition),No data present for scripted_review_checklist__form_1033_38_the_appraisal_report_did_not_meet_fan__25fc1d6e -- cannot determine whether this condition is true or false; needs SME review.
O-FNM-15313,Income,O-FNM-50011,Critical,Were all employment income requirements met?,The borrower is employed by a family member or by an interested party to the transaction without obtaining 2 years' tax returns.,doc_presence,B3-3.2-01 Standards for Employment and Income Documentation; B3-3.2-02 Standards for Employment-Related Income; B3-3.1-01 General Income Information,NOT_COMPILED,NOT_COMPILED_TRIGGER_GATED_NEEDS_FACT_MACHINERY,"Applies only in this employment relationship, not determinable from doc inventory; the missing document (2 years' tax returns) reasonably maps to Form 1040.",
O-FNM-15313,Income,Income Breakdown,Critical,Were all employment income requirements met?,Income submitted to AUS is not accurate -  broken out and/or categorized correctly.,cross_doc_consistency,B3-3.2-01 Standards for Employment and Income Documentation; B3-3.2-02 Standards for Employment-Related Income; B3-3.1-01 General Income Information,NOT_COMPILED,NOT_COMPILED_CROSS_DOC_NO_CURATED_COMPARISON,Rule requires comparing two documents to each other; no curated comparison logic exists yet (compile-time gap),
O-FNM-15313,Income,O-FNM-50815,Critical,Were all employment income requirements met?,Income calculation requirements were not met.,computation,B3-3.2-01 Standards for Employment and Income Documentation; B3-3.2-02 Standards for Employment-Related Income; B3-3.1-01 General Income Information,NOT_COMPILED,NOT_COMPILED_COMPUTATION_NOT_LTV_DTI,Rule requires a recomputation this project only builds for LTV/DTI today (compile-time gap),
O-FNM-15313,Income,DecliningIncDocument,Critical,Were all employment income requirements met?,Declining income has not been addressed.,doc_completeness,B3-3.2-01 Standards for Employment and Income Documentation; B3-3.2-02 Standards for Employment-Related Income; B3-3.1-01 General Income Information,NOT_COMPILED,NOT_COMPILED_TRIGGER_GATED_NEEDS_FACT_MACHINERY,"Only applies when wage income is declining, an income-trend fact not derivable from the document inventory.",
O-FNM-15313,Income,O-FNM-00439,Critical,Were all employment income requirements met?,"Income used to qualify has a defined expiration date, documented that it will continue for at least 3 years was not in the file.",doc_presence,B3-3.2-01 Standards for Employment and Income Documentation; B3-3.2-02 Standards for Employment-Related Income; B3-3.1-01 General Income Information,NOT_COMPILED,NOT_COMPILED_TRIGGER_GATED_NEEDS_FACT_MACHINERY,Only applies when the qualifying income has a defined expiration date; no specific document type is named.,
O-FNM-15313,Income,O-FNM-00352,Critical,Were all employment income requirements met?,"Variable income was averaged and considered in qualifying without documenting the receipt of income, frequency of pay and the trending from prior year(s) received.",doc_completeness,B3-3.2-01 Standards for Employment and Income Documentation; B3-3.2-02 Standards for Employment-Related Income; B3-3.1-01 General Income Information,NOT_COMPILED,NOT_COMPILED_TRIGGER_GATED_NEEDS_FACT_MACHINERY,"Only applies when variable wage-based employment income is relied on for qualifying, a fact about how the loan was underwritten, not the document inventory.",
O-FNM-15313,Income,O-FNM-55678,Critical,Were all employment income requirements met?,Income that is paid to the borrower in virtual currency was used for qualification.,threshold_eligibility,B3-3.2-01 Standards for Employment and Income Documentation; B3-3.2-02 Standards for Employment-Related Income; B3-3.1-01 General Income Information,NOT_APPLICABLE,PRECONDITION_NOT_APPLICABLE,"Qualifying income is fully enumerated and closes exactly: currentIncome[0..4].basePay = 6500+6000+(-2000)+5000+4000 = 19500.0 = incomeAnalysis.qualifyingIncome = qualification.totalMonthlyIncomeAmount, matching the 5 employers (Kraft Foods W-2 + 4 self-owned businesses); otherIncomeDetail=null. No other income source participates in qualification. Trigger requires income paid in virtual currency used for qualification; every enumerated source is employment income documented in USD (W2, Paystubs, Work Number Verification, 1040s in the closed doc inventory).",Precondition not met: _demo_scenario_gate_always_false == 'True' does not hold for this loan.
O-FNM-15314,Income,O-FNM-50250,Critical,Were all employment documentation requirements met?,The paystubs/W2s did not clearly identify the borrower as the employee.,doc_completeness,B3-3.2-01 Standards for Employment and Income Documentation; B1-1-03 Allowable Age of Credit Documents and Federal Income Tax Returns,NOT_COMPILED,NOT_COMPILED_TRIGGER_GATED_NEEDS_FACT_MACHINERY,"Only applies when wage-based employment income is used to qualify; the required evidence (paystubs and/or W2s) is also a compound set, so no single doc decides it.",
O-FNM-15314,Income,O-FNM-52819,Critical,Were all employment documentation requirements met?,The paystubs and/or W2s were incomplete or were illegible.,doc_completeness,B3-3.2-01 Standards for Employment and Income Documentation; B1-1-03 Allowable Age of Credit Documents and Federal Income Tax Returns,NOT_COMPILED,NOT_COMPILED_COMPOUND_DOCS_NEEDS_MULTI_DOC_LOGIC,"Two distinct document types (Paystub, W2) are jointly implicated via 'and/or' — no single one decides the defect, so no single touchless_type is mapped.",
O-FNM-15314,Income,EmploymentGaps,Critical,Were all employment documentation requirements met?,The file does not contain the required explanation for any gaps in employment.,doc_presence,B3-3.2-01 Standards for Employment and Income Documentation; B1-1-03 Allowable Age of Credit Documents and Federal Income Tax Returns,NOT_COMPILED,NOT_COMPILED_TRIGGER_GATED_NEEDS_FACT_MACHINERY,"Only applies if an employment gap exists, not knowable from doc inventory; no explanation-letter document type exists in the closed list.",
O-FNM-15314,Income,IncomeWork,Major,Were all employment documentation requirements met?,"The income calculation worksheet utilized is not located in the file, incomplete or inaccurate, and/or income discrepancies were not explained",doc_presence,B3-3.2-01 Standards for Employment and Income Documentation; B1-1-03 Allowable Age of Credit Documents and Federal Income Tax Returns,NOT_COMPILED,NOT_COMPILED_TRIGGER_GATED_NEEDS_FACT_MACHINERY,Only applies to wage-based income; the missing item (income calculation worksheet) is not a document type in the closed list.,
O-FNM-15314,Income,O-FNM-00334,Critical,Were all employment documentation requirements met?,The employer did not complete all required fields on the standard VOE form 1005.,doc_completeness,B3-3.2-01 Standards for Employment and Income Documentation; B1-1-03 Allowable Age of Credit Documents and Federal Income Tax Returns,NOT_APPLICABLE,PRECONDITION_NOT_APPLICABLE,Employment verification was done via 'Work Number Verification' (automated third-party service); no standard VOE Form 1005 doc exists in the closed 54-doc inventory,Precondition not met: _demo_scenario_gate_always_false == 'True' does not hold for this loan.
O-FNM-15314,Income,O-FNM-50249,Critical,Were all employment documentation requirements met?,The W2s obtained did not cover the number of years that were required.,doc_presence,B3-3.2-01 Standards for Employment and Income Documentation; B1-1-03 Allowable Age of Credit Documents and Federal Income Tax Returns,NOT_COMPILED,NOT_COMPILED_TRIGGER_GATED_NEEDS_FACT_MACHINERY,"Only applies when wage-based employment income is relied on; the W2 document is named, but coverage-years content is also required so the trigger controls the category.",
O-FNM-15314,Income,O-FNM-00335,Critical,Were all employment documentation requirements met?,"The paystubs provided, were not within 30 days of the application date and/or they did not include YTD earnings or did not provide sufficient pay information to appropriately calculate income.",date_window,B3-3.2-01 Standards for Employment and Income Documentation; B1-1-03 Allowable Age of Credit Documents and Federal Income Tax Returns,NOT_COMPILED,NOT_COMPILED_NOT_CONVERTED_BY_DESIGN,Check type not in this build's scope (e.g. reverification / list_screening -- deliberately out of scope),
O-FNM-15314,Income,O-FNM-52820,Critical,Were all employment documentation requirements met?,"The source of the paystubs and W2s was not a third party, such as the borrower's human resources department, personnel office, payroll department, company's payroll vendor, or supervisor.",doc_completeness,B3-3.2-01 Standards for Employment and Income Documentation; B1-1-03 Allowable Age of Credit Documents and Federal Income Tax Returns,NOT_COMPILED,NOT_COMPILED_TRIGGER_GATED_NEEDS_FACT_MACHINERY,Same wage-income trigger as the companion check; the third-party-source requirement spans both paystubs and W2s.,
O-FNM-15314,Income,RentalCalcDoc,Major,Were all employment documentation requirements met?,Net rental worksheet not utilized.,doc_presence,B3-3.2-01 Standards for Employment and Income Documentation; B1-1-03 Allowable Age of Credit Documents and Federal Income Tax Returns,NOT_COMPILED,DEMO_EXCLUDED,not_automatable_for_demo,
O-FNM-15314,Income,O-FNM-00336,Critical,Were all employment documentation requirements met?,All requirements not met for employment and income verification obtained directly from a third-party employment verification vendor.,doc_completeness,B3-3.2-01 Standards for Employment and Income Documentation; B1-1-03 Allowable Age of Credit Documents and Federal Income Tax Returns,NOT_COMPILED,NOT_COMPILED_TRIGGER_GATED_NEEDS_FACT_MACHINERY,"Only applies when this specific verification method was used, not inventory-determinable; the vendor report maps to the closed list's Work Number Verification.",
O-FNM-15315,Income,O-FNM-00346,Critical,"Were all base pay (salary and hourly), bonus, tip, and overtime income requirements met?","Base pay was not documented with a completed Verification of Employment, Form 1005, or the most recent paystub and two years W-2 forms or as per DU.",doc_presence,"B3-3.3-01 Base Income; B3-3.3-02 Bonus, Commission, Overtime, and Tip Income",PASS,AUTOPASS_DU_NOT_ACCESSIBLE,"auto-pass: requires verification inside du_not_accessible, which this project has no connection to (demo-scoped decision, see autopass_no_system_access.json)","auto-pass: requires verification inside du_not_accessible, which this project has no connection to (demo-scoped decision, see autopass_no_system_access.json)"
O-FNM-15315,Income,O-FNM-00347,Critical,"Were all base pay (salary and hourly), bonus, tip, and overtime income requirements met?","Bonus or overtime pay was not documented with a completed Verification of Employment, Form 1005, or the most recent paystub and two years W-2 forms or as per DU.",doc_presence,"B3-3.3-01 Base Income; B3-3.3-02 Bonus, Commission, Overtime, and Tip Income",PASS,AUTOPASS_DU_NOT_ACCESSIBLE,"auto-pass: requires verification inside du_not_accessible, which this project has no connection to (demo-scoped decision, see autopass_no_system_access.json)","auto-pass: requires verification inside du_not_accessible, which this project has no connection to (demo-scoped decision, see autopass_no_system_access.json)"
O-FNM-15315,Income,O-FNM-00333,Critical,"Were all base pay (salary and hourly), bonus, tip, and overtime income requirements met?",Income with less than a 2-year history was considered without documenting positive factors to reasonably offset the shorter income history.,doc_presence,"B3-3.3-01 Base Income; B3-3.3-02 Bonus, Commission, Overtime, and Tip Income",NOT_COMPILED,NOT_COMPILED_TRIGGER_GATED_NEEDS_FACT_MACHINERY,"Only applies when wage-based income with a short history is relied on for qualifying, not determinable from document inventory.",
O-FNM-15315,Income,O-FNM-00338,Critical,"Were all base pay (salary and hourly), bonus, tip, and overtime income requirements met?",Bonus or overtime income was relied on without a minimum of 12 months history documented.,doc_presence,"B3-3.3-01 Base Income; B3-3.3-02 Bonus, Commission, Overtime, and Tip Income",NOT_COMPILED,NOT_COMPILED_TRIGGER_GATED_NEEDS_FACT_MACHINERY,"Only applies when bonus/OT income is used to qualify; the required 'documented history' is generic, not a named closed-list document.",
O-FNM-15315,Income,O-FNM-00339,Critical,"Were all base pay (salary and hourly), bonus, tip, and overtime income requirements met?",Tip income was considered without a 2-year history and/or the file did not contain all required documentation or as required by DU.,doc_presence,"B3-3.3-01 Base Income; B3-3.3-02 Bonus, Commission, Overtime, and Tip Income",PASS,AUTOPASS_DU_NOT_ACCESSIBLE,"auto-pass: requires verification inside du_not_accessible, which this project has no connection to (demo-scoped decision, see autopass_no_system_access.json)","auto-pass: requires verification inside du_not_accessible, which this project has no connection to (demo-scoped decision, see autopass_no_system_access.json)"
O-FNM-15316,Income,O-FNM-00348,Critical,Were all commission income requirements met?,Commission income was not documented with a VOE form 1005 or 2 years W2s with most recent paystub or if 12–24-month history compensating factors not documented or as per DU.,doc_presence,"B3-3.3-02 Bonus, Commission, Overtime, and Tip Income",PASS,AUTOPASS_DU_NOT_ACCESSIBLE,"auto-pass: requires verification inside du_not_accessible, which this project has no connection to (demo-scoped decision, see autopass_no_system_access.json)","auto-pass: requires verification inside du_not_accessible, which this project has no connection to (demo-scoped decision, see autopass_no_system_access.json)"
O-FNM-15317,Income,O-FNM-54120,Critical,Were all secondary and seasonal employment income requirements met?,Secondary employment used with a gap of more than one month in the last 12 months and the employment was not considered seasonal.,date_window,B3-3.3-08 Seasonal Income; B3-3.2-02 Standards for Employment-Related Income,NOT_COMPILED,NOT_COMPILED_NOT_CONVERTED_BY_DESIGN,Check type not in this build's scope (e.g. reverification / list_screening -- deliberately out of scope),
O-FNM-15317,Income,O-FNM-00341,Critical,Were all secondary and seasonal employment income requirements met?,Seasonal income was considered without the last two years of seasonal work being documented or as per DU.,doc_presence,B3-3.3-08 Seasonal Income; B3-3.2-02 Standards for Employment-Related Income,PASS,AUTOPASS_DU_NOT_ACCESSIBLE,"auto-pass: requires verification inside du_not_accessible, which this project has no connection to (demo-scoped decision, see autopass_no_system_access.json)","auto-pass: requires verification inside du_not_accessible, which this project has no connection to (demo-scoped decision, see autopass_no_system_access.json)"
O-FNM-15317,Income,O-FNM-00340,Critical,Were all secondary and seasonal employment income requirements met?,Income from secondary employment was considered without documenting a history of two years of uninterrupted receipt or as per DU.,doc_presence,B3-3.3-08 Seasonal Income; B3-3.2-02 Standards for Employment-Related Income,PASS,AUTOPASS_DU_NOT_ACCESSIBLE,"auto-pass: requires verification inside du_not_accessible, which this project has no connection to (demo-scoped decision, see autopass_no_system_access.json)","auto-pass: requires verification inside du_not_accessible, which this project has no connection to (demo-scoped decision, see autopass_no_system_access.json)"
O-FNM-15318,Income,O-FNM-55722,Critical,Were all IRS Form 4506-C requirements met?,"Additional steps not taken to confirm the borrower’s identity and escalated as applicable where an IRS 4506-C rejection was received for a Code 10, Identity Theft Indicator.",scripted_review,B3-3.1-02 Tax Return and Transcript Documentation Requirements,NOT_APPLICABLE,PRECONDITION_NOT_APPLICABLE,"Trigger requires an IRS Form 4506-C rejection (Code 10, Identity Theft Indicator) to have been received. ASSUMED (demo-scoped, Gordon 2026-08-02): no solar panels / no ADU / no 4506-C rejection on this loan -- not derived from any real field (none exist for this concept in the payload or schema), a deliberate policy decision for this demo build, same standing as the Category C assume-DU-underwritten decision. Revisit if this demo's audience or purpose changes, or the moment real data on any of these three facts becomes available.",Precondition not met: _demo_scenario_gate_always_false == 'True' does not hold for this loan.
O-FNM-15318,Income,O-FNM-55308,Critical,Were all IRS Form 4506-C requirements met?,"An IRS rejection was received for a reason other than a Code 10, and evidence attempts were made to obtain a corrected and signed 4506-C was not documented in the file.",doc_presence,B3-3.1-02 Tax Return and Transcript Documentation Requirements,NOT_COMPILED,NOT_COMPILED_TRIGGER_GATED_NEEDS_FACT_MACHINERY,"Only applies when a specific IRS rejection code was received, a fact not derivable from which documents are present in the file.",
O-FNM-15318,Income,Epic4506C,Major,Were all IRS Form 4506-C requirements met?,The 4506C screen in EPIC is incomplete or Incorrect,doc_completeness,B3-3.1-02 Tax Return and Transcript Documentation Requirements,PASS,AUTOPASS_EPIC_NOT_ACCESSIBLE,"auto-pass: requires verification inside epic_not_accessible, which this project has no connection to (demo-scoped decision, see autopass_no_system_access.json)","auto-pass: requires verification inside epic_not_accessible, which this project has no connection to (demo-scoped decision, see autopass_no_system_access.json)"
O-FNM-15318,Income,O-FNM-00045,Major,Were all IRS Form 4506-C requirements met?,IRS form 4506-C or an alternate acceptable form was not completed and signed prior to or at closing for each borrower whose income is used to qualify.,doc_presence,B3-3.1-02 Tax Return and Transcript Documentation Requirements,NOT_COMPILED,NOT_COMPILED_PRESENCE_GATE_NEEDS_CONDITIONAL_LOGIC,"IRS Form 4506-C is the identifiable document, but the defect concerns completion, signature, and timing relative to closing, not mere presence; 4506-C isn't in the closed vocabulary so no mapping.",
O-FNM-15319,Income,3rdParty,Critical,Were all verbal verification of employment requirements met?,Vendor used for 3rd party VOE was not Equifax/TWN and the manual process was not followed to ensure borrower NPPI data was protected.,threshold_eligibility,B3-3.1-04 Verbal Verification of Employment,NOT_APPLICABLE,PRECONDITION_NOT_APPLICABLE,"Conjunctive trigger (3rd-party VOE vendor was not Equifax/TWN AND manual NPPI process not followed); first conjunct provably false: documents[61] documentType='Work Number Verification' -- The Work Number (Equifax/TWN) is the evidenced 3rd-party VOE vendor, and the closed-world documents[] contains no other VOE vendor's documentType.",Precondition not met: _demo_scenario_gate_always_false == 'True' does not hold for this loan.
O-FNM-15319,Income,O-FNM-55906,Critical,Were all verbal verification of employment requirements met?,The file did not contain an email exchange with the borrower's employer from the employer's work email address within 10 business days prior to closing for an alternative VOE method.,doc_presence,B3-3.1-04 Verbal Verification of Employment,NOT_APPLICABLE,PRECONDITION_NOT_APPLICABLE,"'Work Number Verification' doc is present, indicating the standard third-party automated VOE method was used, not the 'alternative VOE method' (employer email exchange) this defect targets.",Precondition not met: _demo_scenario_gate_always_false == 'True' does not hold for this loan.
O-FNM-15319,Income,O-FNM-55907,Critical,Were all verbal verification of employment requirements met?,Alternative method VOE did not document due diligence was conducted to confirm the email address for the employer is accurate.,doc_presence,B3-3.1-04 Verbal Verification of Employment,NOT_COMPILED,NOT_COMPILED_TRIGGER_GATED_NEEDS_FACT_MACHINERY,"Only applies when an alternative-method VOE is used, and no exact closed-list document name matches VOE.",
O-FNM-15319,Income,O-FNM-55908,Critical,Were all verbal verification of employment requirements met?,"The alternative VOE method employer email did not include the borrower’s name, title, employer verifier work email address, date of contact and borrower’s current employment status.",doc_completeness,B3-3.1-04 Verbal Verification of Employment,NOT_COMPILED,NOT_COMPILED_TRIGGER_GATED_NEEDS_FACT_MACHINERY,Only relevant when employment must be verbally/alternatively verified; the employer email isn't a closed-list document type.,
O-FNM-15319,Income,O-FNM-53031,Critical,Were all verbal verification of employment requirements met?,"A verbal verification of employment, VVOE, was not obtained or was not dated within 120 calendar days of the note date for self-employed income.",date_window,B3-3.1-04 Verbal Verification of Employment,NOT_COMPILED,NOT_COMPILED_NOT_CONVERTED_BY_DESIGN,Check type not in this build's scope (e.g. reverification / list_screening -- deliberately out of scope),
O-FNM-15319,Income,O-FNM-52165,Critical,Were all verbal verification of employment requirements met?,A third-party vendor database was used to obtain the verbal verification of employment and the data was older than 35 days old as of the note date.,date_window,B3-3.1-04 Verbal Verification of Employment,NOT_COMPILED,NOT_COMPILED_NOT_CONVERTED_BY_DESIGN,Check type not in this build's scope (e.g. reverification / list_screening -- deliberately out of scope),
O-FNM-15319,Income,VVOE Inactive,Critical,Were all verbal verification of employment requirements met?,The verbal verification of employment does not show borrower in an active status.  Not Active or Leave of absence is indicated.,doc_completeness,B3-3.1-04 Verbal Verification of Employment,NOT_COMPILED,NOT_COMPILED_TRIGGER_GATED_NEEDS_FACT_MACHINERY,"Only applies when the income type relied on requires a verbal verification of employment, a qualifying-income fact not derivable from document inventory.",
O-FNM-15319,Income,O-FNM-00351,Critical,Were all verbal verification of employment requirements met?,"A verbal verification of employment, VVOE, was not obtained or was not dated within 10 business days of the note date.",date_window,B3-3.1-04 Verbal Verification of Employment,NOT_COMPILED,NOT_COMPILED_NOT_CONVERTED_BY_DESIGN,Check type not in this build's scope (e.g. reverification / list_screening -- deliberately out of scope),
O-FNM-15319,Income,O-FNM-57389,Critical,Were all verbal verification of employment requirements met?,The bank statements used as a VVOE alternative are not within 15 business days before the note date and/or do not contain all required information.,date_window,B3-3.1-04 Verbal Verification of Employment,NOT_COMPILED,NOT_COMPILED_NOT_CONVERTED_BY_DESIGN,Check type not in this build's scope (e.g. reverification / list_screening -- deliberately out of scope),
O-FNM-15319,Income,O-FNM-57388,Critical,Were all verbal verification of employment requirements met?,The paystub used as a VVOE alternative is not within 15 business days before the note date and/or does not contain all required information.,date_window,B3-3.1-04 Verbal Verification of Employment,NOT_COMPILED,NOT_COMPILED_NOT_CONVERTED_BY_DESIGN,Check type not in this build's scope (e.g. reverification / list_screening -- deliberately out of scope),
O-FNM-15320,Income,O-FNM-57986,Major,Were all rental income requirements met?,Rental income from a one-unit principal residence with an ADU or from a 2-4 unit principal residence was not entered as Accessory Unit Income in the online application.,cross_doc_consistency,B3-3.8-01 Rental Income,NOT_APPLICABLE,PRECONDITION_NOT_APPLICABLE,"Trigger (rental income from a 1-unit primary with ADU, or from a 2-4 unit primary) provably false on both disjuncts: financedUnitCount=1 kills the 2-4-unit branch, and no rental income from the subject is used at all -- qualifying income is fully enumerated as 5 employer base-pay entries (=19,500 total) with incomeAnalysis.rental=null; the only rental relates to the non-subject retained MA investment property (ownedPropertySubjectIndicator='N').",Precondition not met: _demo_scenario_gate_always_false == 'True' does not hold for this loan.
O-FNM-15320,Income,O-FNM-57316,Critical,Were all rental income requirements met?,"The file did not contain Fannie Mae Form 1007 or Form 1025, as applicable, or did not meet all form requirements.",doc_presence,B3-3.8-01 Rental Income,NOT_COMPILED,NOT_COMPILED_TRIGGER_GATED_NEEDS_FACT_MACHINERY,"Only applies when rental income is used to qualify; the required form is a disjunction (Form 1007 or Form 1025), neither of which is in the closed vocabulary.",
O-FNM-15320,Income,O-FNM-57317,Critical,Were all rental income requirements met?,Fannie Mae Form 1007 or 1025 was not provided and the lease terms were not in effect with receipt of 2 months rental payments.,doc_presence,B3-3.8-01 Rental Income,NOT_COMPILED,NOT_COMPILED_TRIGGER_GATED_NEEDS_FACT_MACHINERY,Only applies when rental income was used to qualify; Form 1007/1025 isn't in the closed vocabulary.,
O-FNM-15320,Income,O-FNM-52892,Critical,Were all rental income requirements met?,The lease on the property that is being transferred to the borrower adversely impacts the first lien position or enforceability of the subject loan.,scripted_review,B3-3.8-01 Rental Income,NEEDS_REVIEW,IRREDUCIBLE_JUDGMENT,lease/lien enforceability legal judgment,No data present for scripted_review_checklist__the_lease_on_the_property_that_is_being_transferre__66239d9d -- cannot determine whether this condition is true or false; needs SME review.
O-FNM-15320,Income,O-FNM-55656,Critical,Were all rental income requirements met?,The gross rents and related expenses are reported through a partnership or S corporation and the business tax return and IRS Form 8825 was not provided.,doc_presence,B3-3.8-01 Rental Income,NOT_COMPILED,NOT_COMPILED_TRIGGER_GATED_NEEDS_FACT_MACHINERY,"Only applies to this specific rental-income structure, not knowable from doc inventory; 'business tax return' and 'Form 8825' have no exact closed-list match.",
O-FNM-15320,Income,O-FNM-55655,Critical,Were all rental income requirements met?,The rental income analysis and documentation used in the file based on the time the rental was in service was not appropriate.,scripted_review,B3-3.8-01 Rental Income,NEEDS_REVIEW,IRREDUCIBLE_JUDGMENT,qualitative adequacy judgment (gold's own note),No data present for scripted_review_checklist__the_rental_income_analysis_and_documentation_used__64cb7cd0 -- cannot determine whether this condition is true or false; needs SME review.
O-FNM-15320,Income,O-FNM-57318,Critical,Were all rental income requirements met?,"Where there is partial or no rental history, the reconciliation and/or documentation requirements were not met.",doc_completeness,B3-3.8-01 Rental Income,NOT_COMPILED,NOT_COMPILED_TRIGGER_GATED_NEEDS_FACT_MACHINERY,"Only applies when rental income is relied on, a fact not derivable from the document inventory.",
O-FNM-15320,Income,O-FNM-51850,Critical,Were all rental income requirements met?,The amount of rental income used for qualifying did not meet requirements based on having a current housing expense and rental history for 1-4 or 2-4 transactions.,threshold_eligibility,B3-3.8-01 Rental Income,NOT_APPLICABLE,PRECONDITION_NOT_APPLICABLE,"Qualifying income is fully enumerated and closes exactly: currentIncome[0..4].basePay = 6500+6000+(-2000)+5000+4000 = 19500.0 = incomeAnalysis.qualifyingIncome = qualification.totalMonthlyIncomeAmount, matching the 5 employers (Kraft Foods W-2 + 4 self-owned businesses); otherIncomeDetail=null. No other income source participates in qualification. Trigger requires rental income used for qualifying; the REO's rental (gross 3000, net -362, RetainForRental) is not among the enumerated qualifying sources and incomeAnalysis.rental=null.",Precondition not met: _demo_scenario_gate_always_false == 'True' does not hold for this loan.
O-FNM-15320,Income,O-FNM-50252,Critical,Were all rental income requirements met?,The rental income was not calculated correctly and/or was incorrectly added to the borrower's income or obligations.,computation,B3-3.8-01 Rental Income,NOT_COMPILED,NOT_COMPILED_COMPUTATION_NOT_LTV_DTI,Rule requires a recomputation this project only builds for LTV/DTI today (compile-time gap),
O-FNM-15320,Income,O-FNM-00433,Critical,Were all rental income requirements met?,"The correct documentation was not provided to calculate rental income based on property type, transaction type, or the borrower's history of receiving rental income.",doc_presence,B3-3.8-01 Rental Income,NOT_COMPILED,NOT_COMPILED_TRIGGER_GATED_NEEDS_FACT_MACHINERY,Only applies when rental income is relied on; the 'correct documentation' varies by property/loan type and names no single document.,
O-FNM-15320,Income,O-FNM-00434,Critical,Were all rental income requirements met?,"A lease was used in place of IRS Form 1040, Schedule E, to document rental income without justifying the use of the lease.",doc_presence,B3-3.8-01 Rental Income,NOT_APPLICABLE,PRECONDITION_NOT_APPLICABLE,"Trigger requires a lease to have been used in place of IRS Form 1040 Schedule E to document rental income; the closed-world 62-entry documents[] (complete per the Touchless contract) contains no lease/rental-agreement documentType -- a lease cannot have been used if none exists in the complete file inventory. Document-usage trigger, falsified by closed-world absence, not a pass argument. (Replaces existing UNKNOWN row.)",Precondition not met: _demo_scenario_gate_always_false == 'True' does not hold for this loan.
O-FNM-15321,Income,O-FNM-00342,Critical,Were all automobile allowance requirements met?,Automobile allowance was considered without documenting the payments been received for at least two years or as required by DU.,doc_presence,B3-3.3-04 Housing (Parsonage) and Automobile Allowances,PASS,AUTOPASS_DU_NOT_ACCESSIBLE,"auto-pass: requires verification inside du_not_accessible, which this project has no connection to (demo-scoped decision, see autopass_no_system_access.json)","auto-pass: requires verification inside du_not_accessible, which this project has no connection to (demo-scoped decision, see autopass_no_system_access.json)"
O-FNM-15321,Income,O-FNM-55663,Critical,Were all automobile allowance requirements met?,The full amount of the lease/debt payment was not added to the borrower’s monthly debt obligations as applicable for an automobile allowance.,computation,B3-3.3-04 Housing (Parsonage) and Automobile Allowances,NOT_APPLICABLE,PRECONDITION_NOT_APPLICABLE,"Automobile-allowance income trigger provably false: Qualifying income is fully enumerated in the payload as 5 employer base-pay entries (6500+6000-2000+5000+4000 = 19,500 = incomeAnalysis.qualifyingIncome = loanSummary.qualification.totalMonthlyIncomeAmount): Kraft Foods W-2 (isSelfEmployed=False) plus 4 self-owned businesses (isSelfEmployed=True); every other income field (othersPay, otherIncomeDetail, militaryIncome, rental, urlaBorrowerTotalOtherIncomeAmount) is null; no automobile-allowance income exists.",Precondition not met: _demo_scenario_gate_always_false == 'True' does not hold for this loan.
O-FNM-15321,Income,O-FNM-55662,Critical,Were all automobile allowance requirements met?,"The automobile allowance was considered as stable income, and the full amount of the automobile allowance was not added to the borrower’s monthly income.",computation,B3-3.3-04 Housing (Parsonage) and Automobile Allowances,NOT_APPLICABLE,PRECONDITION_NOT_APPLICABLE,"Automobile-allowance income trigger provably false: Qualifying income is fully enumerated in the payload as 5 employer base-pay entries (6500+6000-2000+5000+4000 = 19,500 = incomeAnalysis.qualifyingIncome = loanSummary.qualification.totalMonthlyIncomeAmount): Kraft Foods W-2 (isSelfEmployed=False) plus 4 self-owned businesses (isSelfEmployed=True); every other income field (othersPay, otherIncomeDetail, militaryIncome, rental, urlaBorrowerTotalOtherIncomeAmount) is null; no automobile-allowance income exists.",Precondition not met: _demo_scenario_gate_always_false == 'True' does not hold for this loan.
O-FNM-15321,Income,Income Breakdown,Critical,Were all automobile allowance requirements met?,Income submitted to AUS is not accurate -  broken out and/or categorized correctly.,cross_doc_consistency,B3-3.3-04 Housing (Parsonage) and Automobile Allowances,NOT_APPLICABLE,PRECONDITION_NOT_APPLICABLE,"Automobile-allowance income trigger provably false: Qualifying income is fully enumerated in the payload as 5 employer base-pay entries (6500+6000-2000+5000+4000 = 19,500 = incomeAnalysis.qualifyingIncome = loanSummary.qualification.totalMonthlyIncomeAmount): Kraft Foods W-2 (isSelfEmployed=False) plus 4 self-owned businesses (isSelfEmployed=True); every other income field (othersPay, otherIncomeDetail, militaryIncome, rental, urlaBorrowerTotalOtherIncomeAmount) is null.",Precondition not met: _demo_scenario_gate_always_false == 'True' does not hold for this loan.
O-FNM-15322,Income,O-FNM-57444,Critical,Were all retirement income requirements met?,"The incorrect percentage was used to ""gross up"" the verified nontaxable social security income as applicable.",computation,"B3-3.4-03 Annuity, Pension, or Retirement Income; B3-3.4-15 Social Security Income",NOT_APPLICABLE,PRECONDITION_NOT_APPLICABLE,"Nontaxable-social-security gross-up trigger provably false: Qualifying income is fully enumerated in the payload as 5 employer base-pay entries (6500+6000-2000+5000+4000 = 19,500 = incomeAnalysis.qualifyingIncome = loanSummary.qualification.totalMonthlyIncomeAmount): Kraft Foods W-2 (isSelfEmployed=False) plus 4 self-owned businesses (isSelfEmployed=True); every other income field (othersPay, otherIncomeDetail, militaryIncome, rental, urlaBorrowerTotalOtherIncomeAmount) is null; no SS/retirement/disability income.",Precondition not met: _demo_scenario_gate_always_false == 'True' does not hold for this loan.
O-FNM-15322,Income,O-FNM-57445,Critical,Were all retirement income requirements met?,"Where more than 15% was used to ""gross up"" social security income without providing documentation to support that the income is nontaxable.",doc_presence,"B3-3.4-03 Annuity, Pension, or Retirement Income; B3-3.4-15 Social Security Income",NOT_APPLICABLE,PRECONDITION_NOT_APPLICABLE,"context income_type_ss_retirement_disability false: income fully enumerated as W-2 + self-employment only, no SS/retirement docs",Precondition not met: _demo_scenario_gate_always_false == 'True' does not hold for this loan.
O-FNM-15322,Income,Income Breakdown,Critical,Were all retirement income requirements met?,Income submitted to AUS is not accurate -  broken out and/or categorized correctly.,cross_doc_consistency,"B3-3.4-03 Annuity, Pension, or Retirement Income; B3-3.4-15 Social Security Income",NOT_APPLICABLE,PRECONDITION_NOT_APPLICABLE,"SS/retirement/disability income trigger provably false: Qualifying income is fully enumerated in the payload as 5 employer base-pay entries (6500+6000-2000+5000+4000 = 19,500 = incomeAnalysis.qualifyingIncome = loanSummary.qualification.totalMonthlyIncomeAmount): Kraft Foods W-2 (isSelfEmployed=False) plus 4 self-owned businesses (isSelfEmployed=True); every other income field (othersPay, otherIncomeDetail, militaryIncome, rental, urlaBorrowerTotalOtherIncomeAmount) is null.",Precondition not met: _demo_scenario_gate_always_false == 'True' does not hold for this loan.
O-FNM-15322,Income,O-FNM-00420,Critical,Were all retirement income requirements met?,"The receipt of retirement, annuity or pension income was not verified using allowable documentation or as required by DU.",doc_presence,"B3-3.4-03 Annuity, Pension, or Retirement Income; B3-3.4-15 Social Security Income",PASS,AUTOPASS_DU_NOT_ACCESSIBLE,"auto-pass: requires verification inside du_not_accessible, which this project has no connection to (demo-scoped decision, see autopass_no_system_access.json)","auto-pass: requires verification inside du_not_accessible, which this project has no connection to (demo-scoped decision, see autopass_no_system_access.json)"
O-FNM-15322,Income,O-FNM-54029,Critical,Were all retirement income requirements met?,"Retirement, annuity or pension income used without documenting that the borrower has unrestricted access to the accounts without penalty.",doc_presence,"B3-3.4-03 Annuity, Pension, or Retirement Income; B3-3.4-15 Social Security Income",NOT_APPLICABLE,PRECONDITION_NOT_APPLICABLE,No retirement/annuity/pension income evidenced; income sources are only W-2 wage and self-employment,Precondition not met: _demo_scenario_gate_always_false == 'True' does not hold for this loan.
O-FNM-15322,Income,O-FNM-54030,Critical,Were all retirement income requirements met?,"Retirement income is paid in the form of a distribution from a 401(k), IRA, or Keogh account without a 3-year continuance being documented.",doc_presence,"B3-3.4-03 Annuity, Pension, or Retirement Income; B3-3.4-15 Social Security Income",NOT_APPLICABLE,PRECONDITION_NOT_APPLICABLE,"context income_type_ss_retirement_disability false: income fully enumerated as W-2+self-employment only, no retirement/401k docs",Precondition not met: _demo_scenario_gate_always_false == 'True' does not hold for this loan.
O-FNM-15322,Income,O-FNM-55987,Critical,Were all retirement income requirements met?,"The file did not contain an SSA award letter, 3 year continuance, and proof of current receipt for social security income drawn from another person's account or their own account for the benefit of another.",doc_presence,"B3-3.4-03 Annuity, Pension, or Retirement Income; B3-3.4-15 Social Security Income",NOT_APPLICABLE,PRECONDITION_NOT_APPLICABLE,No SS/retirement/disability income evidenced anywhere; qualifying income sources are only the Kraft Foods W-2 job and self-employment (Sch C/K-1),Precondition not met: _demo_scenario_gate_always_false == 'True' does not hold for this loan.
O-FNM-15322,Income,O-FNM-55660,Critical,Were all retirement income requirements met?,"Social Security income based on another person's account/work record or from the borrower's own work record, but for the benefit of another (such as a dependent) was used to qualify without documenting a 3-year continuance.",doc_presence,"B3-3.4-03 Annuity, Pension, or Retirement Income; B3-3.4-15 Social Security Income",NOT_APPLICABLE,PRECONDITION_NOT_APPLICABLE,"Qualifying income ($19,500/mo) is the Kraft Foods W-2 job plus 4 self-owned businesses; no Social Security/retirement income evidenced.",Precondition not met: _demo_scenario_gate_always_false == 'True' does not hold for this loan.
O-FNM-15322,Income,O-FNM-00419,Critical,Were all retirement income requirements met?,"Social Security income was considered without a copy of the Social Security Administration's award letter, SSA-1099, most recent signed federal tax returns or proof of current receipt in the file.",doc_presence,"B3-3.4-03 Annuity, Pension, or Retirement Income; B3-3.4-15 Social Security Income",NOT_APPLICABLE,PRECONDITION_NOT_APPLICABLE,Qualifying income is the Kraft Foods W-2 job plus 4 self-owned businesses; no Social Security/retirement income used to qualify.,Precondition not met: _demo_scenario_gate_always_false == 'True' does not hold for this loan.
O-FNM-15323,Income,O-FNM-00421,Critical,"Were all alimony, child support, maintenance, or other nontaxable income requirements met?",Alimony or child support is used without the payment and 3-year continuance being documented with a written legal agreement or court decree.,doc_presence,"B3-3.4-02 Alimony, Child Support, Equalization Payments, or Separate Maintenance; B3-3.1-01 General Income Information",NOT_APPLICABLE,PRECONDITION_NOT_APPLICABLE,No alimony/child-support income evidenced; qualifying income is W-2 wages plus self-employment only.,Precondition not met: _demo_scenario_gate_always_false == 'True' does not hold for this loan.
O-FNM-15323,Income,O-FNM-55661,Critical,"Were all alimony, child support, maintenance, or other nontaxable income requirements met?","A minimum of 6 months alimony, child support, or separate maintenance pay history verifying full and timely payments were not provided.",doc_presence,"B3-3.4-02 Alimony, Child Support, Equalization Payments, or Separate Maintenance; B3-3.1-01 General Income Information",NOT_APPLICABLE,PRECONDITION_NOT_APPLICABLE,Income sources explicitly enumerated as 5 employers; no alimony/child support/maintenance income,Precondition not met: _demo_scenario_gate_always_false == 'True' does not hold for this loan.
O-FNM-15323,Income,O-FNM-57443,Critical,"Were all alimony, child support, maintenance, or other nontaxable income requirements met?","The ""grossed up"" calculation for child support income was not calculated correctly.",computation,"B3-3.4-02 Alimony, Child Support, Equalization Payments, or Separate Maintenance; B3-3.1-01 General Income Information",NOT_APPLICABLE,PRECONDITION_NOT_APPLICABLE,"Child-support gross-up trigger provably false: Qualifying income is fully enumerated in the payload as 5 employer base-pay entries (6500+6000-2000+5000+4000 = 19,500 = incomeAnalysis.qualifyingIncome = loanSummary.qualification.totalMonthlyIncomeAmount): Kraft Foods W-2 (isSelfEmployed=False) plus 4 self-owned businesses (isSelfEmployed=True); every other income field (othersPay, otherIncomeDetail, militaryIncome, rental, urlaBorrowerTotalOtherIncomeAmount) is null; no alimony/child-support income (declaration.alimonyOrChildSupport also null).",Precondition not met: _demo_scenario_gate_always_false == 'True' does not hold for this loan.
O-FNM-15323,Income,Income Breakdown,Critical,"Were all alimony, child support, maintenance, or other nontaxable income requirements met?",Income submitted to AUS is not accurate -  broken out and/or categorized correctly.,cross_doc_consistency,"B3-3.4-02 Alimony, Child Support, Equalization Payments, or Separate Maintenance; B3-3.1-01 General Income Information",NOT_APPLICABLE,PRECONDITION_NOT_APPLICABLE,"Alimony/child-support/nontaxable income trigger provably false: Qualifying income is fully enumerated in the payload as 5 employer base-pay entries (6500+6000-2000+5000+4000 = 19,500 = incomeAnalysis.qualifyingIncome = loanSummary.qualification.totalMonthlyIncomeAmount): Kraft Foods W-2 (isSelfEmployed=False) plus 4 self-owned businesses (isSelfEmployed=True); every other income field (othersPay, otherIncomeDetail, militaryIncome, rental, urlaBorrowerTotalOtherIncomeAmount) is null.",Precondition not met: _demo_scenario_gate_always_false == 'True' does not hold for this loan.
O-FNM-15323,Income,O-FNM-54027,Critical,"Were all alimony, child support, maintenance, or other nontaxable income requirements met?","Alimony, child support, or separate maintenance was used as income that was not disclosed on the Uniform Residential Loan Application (URLA) and/or not requested to be used by the borrower.",cross_doc_consistency,"B3-3.4-02 Alimony, Child Support, Equalization Payments, or Separate Maintenance; B3-3.1-01 General Income Information",NOT_APPLICABLE,PRECONDITION_NOT_APPLICABLE,"Alimony/child-support-used-as-income trigger provably false: Qualifying income is fully enumerated in the payload as 5 employer base-pay entries (6500+6000-2000+5000+4000 = 19,500 = incomeAnalysis.qualifyingIncome = loanSummary.qualification.totalMonthlyIncomeAmount): Kraft Foods W-2 (isSelfEmployed=False) plus 4 self-owned businesses (isSelfEmployed=True); every other income field (othersPay, otherIncomeDetail, militaryIncome, rental, urlaBorrowerTotalOtherIncomeAmount) is null; declaration.alimonyOrChildSupport also null.",Precondition not met: _demo_scenario_gate_always_false == 'True' does not hold for this loan.
O-FNM-15323,Income,O-FNM-58797,Critical,"Were all alimony, child support, maintenance, or other nontaxable income requirements met?","Other types of nontaxable income such as workers’ compensation benefits, certain types of public assistance payments, food stamps, etc., were considered without obtaining award letters, policy agreements, account statements, tax returns, or any other documents that address the nontaxable status of the income.",doc_presence,"B3-3.4-02 Alimony, Child Support, Equalization Payments, or Separate Maintenance; B3-3.1-01 General Income Information",NOT_APPLICABLE,PRECONDITION_NOT_APPLICABLE,"No other nontaxable income (workers' comp, public assistance, etc.) evidenced; qualifying income is W-2 wages plus self-employment only.",Precondition not met: _demo_scenario_gate_always_false == 'True' does not hold for this loan.
O-FNM-15323,Income,O-FNM-58800,Critical,"Were all alimony, child support, maintenance, or other nontaxable income requirements met?","The ""grossed up"" calculation of other nontaxable income was not calculated correctly.",computation,"B3-3.4-02 Alimony, Child Support, Equalization Payments, or Separate Maintenance; B3-3.1-01 General Income Information",NOT_APPLICABLE,PRECONDITION_NOT_APPLICABLE,"Other-nontaxable-income gross-up trigger provably false: Qualifying income is fully enumerated in the payload as 5 employer base-pay entries (6500+6000-2000+5000+4000 = 19,500 = incomeAnalysis.qualifyingIncome = loanSummary.qualification.totalMonthlyIncomeAmount): Kraft Foods W-2 (isSelfEmployed=False) plus 4 self-owned businesses (isSelfEmployed=True); every other income field (othersPay, otherIncomeDetail, militaryIncome, rental, urlaBorrowerTotalOtherIncomeAmount) is null; no nontaxable income source of any kind.",Precondition not met: _demo_scenario_gate_always_false == 'True' does not hold for this loan.
O-FNM-15324,Income,O-FNM-52800,Critical,Were all unemployment income requirements met?,Unemployment income used was not clearly associated with seasonal income as reported on the tax returns.,cross_doc_consistency,B3-3.4-17 Unemployment Benefits Income,NOT_APPLICABLE,PRECONDITION_NOT_APPLICABLE,"Unemployment-income trigger provably false: Qualifying income is fully enumerated in the payload as 5 employer base-pay entries (6500+6000-2000+5000+4000 = 19,500 = incomeAnalysis.qualifyingIncome = loanSummary.qualification.totalMonthlyIncomeAmount): Kraft Foods W-2 (isSelfEmployed=False) plus 4 self-owned businesses (isSelfEmployed=True); every other income field (othersPay, otherIncomeDetail, militaryIncome, rental, urlaBorrowerTotalOtherIncomeAmount) is null; no unemployment income used.",Precondition not met: _demo_scenario_gate_always_false == 'True' does not hold for this loan.
O-FNM-15324,Income,O-FNM-00422,Critical,Were all unemployment income requirements met?,Unemployment income is considered without 2 years signed tax returns being in the file documenting consistent receipt or as required by DU.,doc_presence,B3-3.4-17 Unemployment Benefits Income,PASS,AUTOPASS_DU_NOT_ACCESSIBLE,"auto-pass: requires verification inside du_not_accessible, which this project has no connection to (demo-scoped decision, see autopass_no_system_access.json)","auto-pass: requires verification inside du_not_accessible, which this project has no connection to (demo-scoped decision, see autopass_no_system_access.json)"
O-FNM-15325,Income,O-FNM-00423,Critical,Were all disability income requirements met?,"For long term disability income, the file did not document the disability policy or benefits statement from the benefits payer including eligibility, amount and frequency and end date or as required by DU.",doc_presence,B3-3.4-09 Long-term Disability Income,PASS,AUTOPASS_DU_NOT_ACCESSIBLE,"auto-pass: requires verification inside du_not_accessible, which this project has no connection to (demo-scoped decision, see autopass_no_system_access.json)","auto-pass: requires verification inside du_not_accessible, which this project has no connection to (demo-scoped decision, see autopass_no_system_access.json)"
O-FNM-15326,Income,O-FNM-50013,Critical,Were all housing assistance income requirements met?,"In a loan relying on Housing Allowance income to qualify, documentation does not exist to verify the income has been received for the most recent 12 months and is likely to continue for the next three years.",doc_presence,B3-3.3-04 Housing (Parsonage) and Automobile Allowances; B3-3.4-14 Section 8 Housing Choice Voucher Homeownership Program Payments,NOT_APPLICABLE,PRECONDITION_NOT_APPLICABLE,Gated on income_type_housing_assistance; income sources fully enumerated as W-2 + self-employment with no housing-assistance/parsonage income evidenced,Precondition not met: _demo_scenario_gate_always_false == 'True' does not hold for this loan.
O-FNM-15326,Income,Income Breakdown,Critical,Were all housing assistance income requirements met?,Income submitted to AUS is not accurate -  broken out and/or categorized correctly.,cross_doc_consistency,B3-3.3-04 Housing (Parsonage) and Automobile Allowances; B3-3.4-14 Section 8 Housing Choice Voucher Homeownership Program Payments,NOT_APPLICABLE,PRECONDITION_NOT_APPLICABLE,"Housing-assistance income trigger provably false: Qualifying income is fully enumerated in the payload as 5 employer base-pay entries (6500+6000-2000+5000+4000 = 19,500 = incomeAnalysis.qualifyingIncome = loanSummary.qualification.totalMonthlyIncomeAmount): Kraft Foods W-2 (isSelfEmployed=False) plus 4 self-owned businesses (isSelfEmployed=True); every other income field (othersPay, otherIncomeDetail, militaryIncome, rental, urlaBorrowerTotalOtherIncomeAmount) is null.",Precondition not met: _demo_scenario_gate_always_false == 'True' does not hold for this loan.
O-FNM-15326,Income,O-FNM-50012,Critical,Were all housing assistance income requirements met?,The borrower uses Section 8 vouchers income to qualify for the mortgage and a voucher from public housing agency stating the payment amount and duration was not obtained.,doc_presence,B3-3.3-04 Housing (Parsonage) and Automobile Allowances; B3-3.4-14 Section 8 Housing Choice Voucher Homeownership Program Payments,NOT_APPLICABLE,PRECONDITION_NOT_APPLICABLE,Gated on income_type_housing_assistance/Section 8; income sources fully enumerated with no housing-voucher income evidenced,Precondition not met: _demo_scenario_gate_always_false == 'True' does not hold for this loan.
O-FNM-15326,Income,O-FNM-57790,Major,Were all housing assistance income requirements met?,Section 8 Housing Choice Voucher Homeownership Program income is nontaxable and an adjusted gross income was not developed for the borrower.,computation,B3-3.3-04 Housing (Parsonage) and Automobile Allowances; B3-3.4-14 Section 8 Housing Choice Voucher Homeownership Program Payments,NOT_APPLICABLE,PRECONDITION_NOT_APPLICABLE,"Section 8 housing-voucher income trigger provably false: Qualifying income is fully enumerated in the payload as 5 employer base-pay entries (6500+6000-2000+5000+4000 = 19,500 = incomeAnalysis.qualifyingIncome = loanSummary.qualification.totalMonthlyIncomeAmount): Kraft Foods W-2 (isSelfEmployed=False) plus 4 self-owned businesses (isSelfEmployed=True); every other income field (othersPay, otherIncomeDetail, militaryIncome, rental, urlaBorrowerTotalOtherIncomeAmount) is null; no housing-assistance income.",Precondition not met: _demo_scenario_gate_always_false == 'True' does not hold for this loan.
O-FNM-15327,Income,O-FNM-51829,Critical,Were all anticipated income requirements met?,Anticipated income used where the employment start date is within 30 days prior to the Note date without the file containing an employment offer/contract and a paystub or a VVOE confirming active employment.,doc_presence,B3-3.3-03 Employment Offers or Contracts,NOT_COMPILED,NOT_COMPILED_TRIGGER_GATED_NEEDS_FACT_MACHINERY,"Only applies to anticipated-income scenarios, and the requirement is compound across offer/contract, paystub, or VVOE.",
O-FNM-15327,Income,O-FNM-51830,Critical,Were all anticipated income requirements met?,Anticipated income used where the employment start date is within 90 days after the Note date and the file did not contain an employment offer/contract.,doc_presence,B3-3.3-03 Employment Offers or Contracts,NOT_COMPILED,NOT_COMPILED_TRIGGER_GATED_NEEDS_FACT_MACHINERY,Only applies to anticipated-income scenarios; no closed-list entry matches 'employment offer/contract'.,
O-FNM-15327,Income,O-FNM-51831,Critical,Were all anticipated income requirements met?,"Anticipated income is used without a paystub from the new employment and all specific loan feature, financial resources and reserve requirements not met.",threshold_eligibility,B3-3.3-03 Employment Offers or Contracts,NOT_APPLICABLE,PRECONDITION_NOT_APPLICABLE,"Qualifying income is fully enumerated and closes exactly: currentIncome[0..4].basePay = 6500+6000+(-2000)+5000+4000 = 19500.0 = incomeAnalysis.qualifyingIncome = qualification.totalMonthlyIncomeAmount, matching the 5 employers (Kraft Foods W-2 + 4 self-owned businesses); otherIncomeDetail=null. No other income source participates in qualification. Trigger requires anticipated income (employment not yet started) used in qualification; all 5 employers have employment.employmentStatusType='Current' and no employment offer/contract documentType exists in the closed doc inventory.",Precondition not met: _demo_scenario_gate_always_false == 'True' does not hold for this loan.
O-FNM-15327,Income,O-FNM-51832,Critical,Were all anticipated income requirements met?,Anticipated income used and the borrower's start date was greater than 30 days prior to or greater than 90 days after the Note date.,date_window,B3-3.3-03 Employment Offers or Contracts,NOT_APPLICABLE,PRECONDITION_NOT_APPLICABLE,"Qualifying income is fully enumerated and closes exactly: currentIncome[0..4].basePay = 6500+6000+(-2000)+5000+4000 = 19500.0 = incomeAnalysis.qualifyingIncome = qualification.totalMonthlyIncomeAmount, matching the 5 employers (Kraft Foods W-2 + 4 self-owned businesses); otherIncomeDetail=null. No other income source participates in qualification. Trigger requires anticipated income used; all 5 employers are employmentStatusType='Current' (positive) and the closed-world documents[] contains no employment offer/contract documentType.",Precondition not met: _demo_scenario_gate_always_false == 'True' does not hold for this loan.
O-FNM-15327,Income,O-FNM-57264,Critical,Were all anticipated income requirements met?,The offer or contract for employment is by a family member or interested party to the transaction.,threshold_eligibility,B3-3.3-03 Employment Offers or Contracts,NOT_APPLICABLE,PRECONDITION_NOT_APPLICABLE,"Qualifying income is fully enumerated and closes exactly: currentIncome[0..4].basePay = 6500+6000+(-2000)+5000+4000 = 19500.0 = incomeAnalysis.qualifyingIncome = qualification.totalMonthlyIncomeAmount, matching the 5 employers (Kraft Foods W-2 + 4 self-owned businesses); otherIncomeDetail=null. No other income source participates in qualification. Trigger requires anticipated income from an employment offer/contract; all 5 employers are 'Current' and no offer/contract documentType exists in the closed doc inventory.",Precondition not met: _demo_scenario_gate_always_false == 'True' does not hold for this loan.
O-FNM-15328,Income,O-FNM-00386,Critical,Were all business income requirements met?,"The file did not include a written evaluation of the borrower’s business tax returns using Form 1088, Fannie Mae’s Comparative Income Analysis, or any other method of trend analysis to determine business’s viability.",doc_presence,B3-3.5-01 Underwriting Factors and Documentation for a Self-Employed Borrower,NOT_COMPILED,NOT_COMPILED_TRIGGER_GATED_NEEDS_FACT_MACHINERY,"Only applies when self-employment income is relied on for qualifying, and requires a written business-viability analysis not tied to a single named closed-list document.",
O-FNM-15328,Income,O-FNM-00379,Critical,Were all business income requirements met?,"If self-employed in a corporation or partnership, the business tax returns provided were not appropriate for the length of self-employment as per guidelines or as required by DU.",doc_presence,B3-3.5-01 Underwriting Factors and Documentation for a Self-Employed Borrower,PASS,AUTOPASS_DU_NOT_ACCESSIBLE,"auto-pass: requires verification inside du_not_accessible, which this project has no connection to (demo-scoped decision, see autopass_no_system_access.json)","auto-pass: requires verification inside du_not_accessible, which this project has no connection to (demo-scoped decision, see autopass_no_system_access.json)"
O-FNM-15328,Income,O-FNM-57320,Critical,Were all business income requirements met?,"Only 1 year of business tax returns was used to document self-employed income where the self-employed business has existed, or at least 25% ownership is less than 5 years.",threshold_eligibility,B3-3.5-01 Underwriting Factors and Documentation for a Self-Employed Borrower,NOT_COMPILED,NOT_COMPILED_THRESHOLD_NOT_PARSEABLE,"Rule cites a threshold but the compiler could not extract one unambiguous number+direction from the text (compile-time gap, same for every loan)",
O-FNM-15329,Income,Income Breakdown,Critical,Were all self-employed requirements met?,Income submitted to AUS is not accurate -  broken out and/or categorized correctly.,cross_doc_consistency,"B3-3.5-01 Underwriting Factors and Documentation for a Self-Employed Borrower; B3-3.1-03 Income Calculator; B3-3.6-07 Income or Loss Reported on IRS Form 1065 or IRS Form 1120S, Schedule K-1",NOT_COMPILED,NOT_COMPILED_CROSS_DOC_NO_CURATED_COMPARISON,Rule requires comparing two documents to each other; no curated comparison logic exists yet (compile-time gap),
O-FNM-15329,Income,O-FNM-50815,Critical,Were all self-employed requirements met?,Income calculation requirements were not met.,computation,"B3-3.5-01 Underwriting Factors and Documentation for a Self-Employed Borrower; B3-3.1-03 Income Calculator; B3-3.6-07 Income or Loss Reported on IRS Form 1065 or IRS Form 1120S, Schedule K-1",NOT_COMPILED,NOT_COMPILED_COMPUTATION_NOT_LTV_DTI,Rule requires a recomputation this project only builds for LTV/DTI today (compile-time gap),
O-FNM-15329,Income,O-FNM-57386,Critical,Were all self-employed requirements met?,"Where the qualifying income used the amount calculated by Income Calculator, the additional lender requirements were not met.",threshold_eligibility,"B3-3.5-01 Underwriting Factors and Documentation for a Self-Employed Borrower; B3-3.1-03 Income Calculator; B3-3.6-07 Income or Loss Reported on IRS Form 1065 or IRS Form 1120S, Schedule K-1",NOT_COMPILED,NOT_COMPILED_THRESHOLD_NOT_PARSEABLE,"Rule cites a threshold but the compiler could not extract one unambiguous number+direction from the text (compile-time gap, same for every loan)",
O-FNM-15329,Income,O-FNM-57385,Critical,Were all self-employed requirements met?,"Where the Income Calculator was used, the Income Calculator findings report was not in the file.",doc_presence,"B3-3.5-01 Underwriting Factors and Documentation for a Self-Employed Borrower; B3-3.1-03 Income Calculator; B3-3.6-07 Income or Loss Reported on IRS Form 1065 or IRS Form 1120S, Schedule K-1",NOT_COMPILED,NOT_COMPILED_TRIGGER_GATED_NEEDS_FACT_MACHINERY,Only applies when self-employment income and the Income Calculator tool were used; the findings report isn't in the closed vocabulary.,
O-FNM-15329,Income,O-FNM-57387,Critical,Were all self-employed requirements met?,"Where the Income Calculator was used, the amount of income used for qualifying exceeded the amount calculated by the tool.",computation,"B3-3.5-01 Underwriting Factors and Documentation for a Self-Employed Borrower; B3-3.1-03 Income Calculator; B3-3.6-07 Income or Loss Reported on IRS Form 1065 or IRS Form 1120S, Schedule K-1",NOT_COMPILED,NOT_COMPILED_COMPUTATION_NOT_LTV_DTI,Rule requires a recomputation this project only builds for LTV/DTI today (compile-time gap),
O-FNM-15329,Income,DecliningIncDocument,Critical,Were all self-employed requirements met?,Declining income has not been addressed.,doc_completeness,"B3-3.5-01 Underwriting Factors and Documentation for a Self-Employed Borrower; B3-3.1-03 Income Calculator; B3-3.6-07 Income or Loss Reported on IRS Form 1065 or IRS Form 1120S, Schedule K-1",NOT_COMPILED,NOT_COMPILED_TRIGGER_GATED_NEEDS_FACT_MACHINERY,"Only applies to self-employed borrowers with declining income, not inventory-determinable; no explanation-letter document type exists in the closed list.",
O-FNM-15329,Income,SE Deductions,Critical,Were all self-employed requirements met?,"Meals, entertainment and notes payable < 1 year not deducted from income.",computation,"B3-3.5-01 Underwriting Factors and Documentation for a Self-Employed Borrower; B3-3.1-03 Income Calculator; B3-3.6-07 Income or Loss Reported on IRS Form 1065 or IRS Form 1120S, Schedule K-1",NOT_COMPILED,NOT_COMPILED_COMPUTATION_NOT_LTV_DTI,Rule requires a recomputation this project only builds for LTV/DTI today (compile-time gap),
O-FNM-15329,Income,IncomeSEVerification,Major,Were all self-employed requirements met?,CPA letter not provided.,doc_presence,"B3-3.5-01 Underwriting Factors and Documentation for a Self-Employed Borrower; B3-3.1-03 Income Calculator; B3-3.6-07 Income or Loss Reported on IRS Form 1065 or IRS Form 1120S, Schedule K-1",NOT_COMPILED,NOT_COMPILED_TRIGGER_GATED_NEEDS_FACT_MACHINERY,Only applies to self-employed borrowers; the missing item (CPA letter) is not in the closed document-type list.,
O-FNM-15329,Income,O-FNM-59117,Critical,Were all self-employed requirements met?,The self-employed income was calculated incorrectly in a loan where the optional Income Calculator tool was not used.,computation,"B3-3.5-01 Underwriting Factors and Documentation for a Self-Employed Borrower; B3-3.1-03 Income Calculator; B3-3.6-07 Income or Loss Reported on IRS Form 1065 or IRS Form 1120S, Schedule K-1",NOT_COMPILED,NOT_COMPILED_COMPUTATION_NOT_LTV_DTI,Rule requires a recomputation this project only builds for LTV/DTI today (compile-time gap),
O-FNM-15329,Income,O-FNM-00384,Critical,Were all self-employed requirements met?,"The file did not include a written evaluation of the borrower’s personal income, including the business income or loss, reported on the borrower’s individual income tax returns on Form 1084 other type of cash flow analysis form that applies the same principles.",doc_presence,"B3-3.5-01 Underwriting Factors and Documentation for a Self-Employed Borrower; B3-3.1-03 Income Calculator; B3-3.6-07 Income or Loss Reported on IRS Form 1065 or IRS Form 1120S, Schedule K-1",NOT_COMPILED,NOT_COMPILED_TRIGGER_GATED_NEEDS_FACT_MACHINERY,Only applies for self-employed borrowers; the required Form 1084-style cash-flow analysis is a work product with no closed-list match.,
O-FNM-15329,Income,O-FNM-57319,Critical,Were all self-employed requirements met?,"Only 1 year of personal tax returns was used to document self-employed income where the self-employed business has existed, or at least 25% ownership is less than 5 years.",threshold_eligibility,"B3-3.5-01 Underwriting Factors and Documentation for a Self-Employed Borrower; B3-3.1-03 Income Calculator; B3-3.6-07 Income or Loss Reported on IRS Form 1065 or IRS Form 1120S, Schedule K-1",NOT_COMPILED,NOT_COMPILED_THRESHOLD_NOT_PARSEABLE,"Rule cites a threshold but the compiler could not extract one unambiguous number+direction from the text (compile-time gap, same for every loan)",
O-FNM-15329,Income,O-FNM-02573,Critical,Were all self-employed requirements met?,"For income or loss reported on IRS Form 1065, IRS Form 1120S or Schedule K-1, the appropriate business liquidity formula based on how the business operates was not utilized.",computation,"B3-3.5-01 Underwriting Factors and Documentation for a Self-Employed Borrower; B3-3.1-03 Income Calculator; B3-3.6-07 Income or Loss Reported on IRS Form 1065 or IRS Form 1120S, Schedule K-1",NOT_COMPILED,NOT_COMPILED_COMPUTATION_NOT_LTV_DTI,Rule requires a recomputation this project only builds for LTV/DTI today (compile-time gap),
O-FNM-15329,Income,O-FNM-00378,Critical,Were all self-employed requirements met?,"For self-employed, the tax returns provided were not appropriate for the length of self-employment as per guidelines or as was required by DU.",doc_presence,"B3-3.5-01 Underwriting Factors and Documentation for a Self-Employed Borrower; B3-3.1-03 Income Calculator; B3-3.6-07 Income or Loss Reported on IRS Form 1065 or IRS Form 1120S, Schedule K-1",PASS,AUTOPASS_DU_NOT_ACCESSIBLE,"auto-pass: requires verification inside du_not_accessible, which this project has no connection to (demo-scoped decision, see autopass_no_system_access.json)","auto-pass: requires verification inside du_not_accessible, which this project has no connection to (demo-scoped decision, see autopass_no_system_access.json)"
O-FNM-15330,Income,O-FNM-00432,Critical,Were all other income requirements met?,"For boarder income used, it was not documented that the borrower has disabilities and receives rent from a live-in assistant and/or the boarder’s history of shared residency not provided or as required by DU.",doc_presence,B3-3.4-01 General Requirements for Other Sources of Income; B3-3.4-04 Boarder Income; B3-3.4-07 Foster-Care Income; B3-3.4-12 Public Assistance Income,PASS,AUTOPASS_DU_NOT_ACCESSIBLE,"auto-pass: requires verification inside du_not_accessible, which this project has no connection to (demo-scoped decision, see autopass_no_system_access.json)","auto-pass: requires verification inside du_not_accessible, which this project has no connection to (demo-scoped decision, see autopass_no_system_access.json)"
O-FNM-15330,Income,O-FNM-00431,Critical,Were all other income requirements met?,Foster care is considered without all required documentation and terms being met.,doc_presence,B3-3.4-01 General Requirements for Other Sources of Income; B3-3.4-04 Boarder Income; B3-3.4-07 Foster-Care Income; B3-3.4-12 Public Assistance Income,NOT_APPLICABLE,PRECONDITION_NOT_APPLICABLE,Qualifying income sources explicitly enumerated as 5 employers (Kraft Foods W-2 + 4 self-owned businesses); no foster care income,Precondition not met: _demo_scenario_gate_always_false == 'True' does not hold for this loan.
O-FNM-15330,Income,Income Breakdown,Critical,Were all other income requirements met?,Income submitted to AUS is not accurate -  broken out and/or categorized correctly.,cross_doc_consistency,B3-3.4-01 General Requirements for Other Sources of Income; B3-3.4-04 Boarder Income; B3-3.4-07 Foster-Care Income; B3-3.4-12 Public Assistance Income,NOT_APPLICABLE,PRECONDITION_NOT_APPLICABLE,"'Other income' trigger provably false: Qualifying income is fully enumerated in the payload as 5 employer base-pay entries (6500+6000-2000+5000+4000 = 19,500 = incomeAnalysis.qualifyingIncome = loanSummary.qualification.totalMonthlyIncomeAmount): Kraft Foods W-2 (isSelfEmployed=False) plus 4 self-owned businesses (isSelfEmployed=True); every other income field (othersPay, otherIncomeDetail, militaryIncome, rental, urlaBorrowerTotalOtherIncomeAmount) is null -- no other-income category used at all.",Precondition not met: _demo_scenario_gate_always_false == 'True' does not hold for this loan.
O-FNM-15330,Income,O-FNM-50815,Critical,Were all other income requirements met?,Income calculation requirements were not met.,computation,B3-3.4-01 General Requirements for Other Sources of Income; B3-3.4-04 Boarder Income; B3-3.4-07 Foster-Care Income; B3-3.4-12 Public Assistance Income,NOT_APPLICABLE,PRECONDITION_NOT_APPLICABLE,"'Other income' category trigger provably false: Qualifying income is fully enumerated in the payload as 5 employer base-pay entries (6500+6000-2000+5000+4000 = 19,500 = incomeAnalysis.qualifyingIncome = loanSummary.qualification.totalMonthlyIncomeAmount): Kraft Foods W-2 (isSelfEmployed=False) plus 4 self-owned businesses (isSelfEmployed=True); every other income field (othersPay, otherIncomeDetail, militaryIncome, rental, urlaBorrowerTotalOtherIncomeAmount) is null -- all qualifying income is W-2 wage or self-employment, no other-income source used. Generic option scoped to the other-income card.",Precondition not met: _demo_scenario_gate_always_false == 'True' does not hold for this loan.
O-FNM-15330,Income,Income - Other,Critical,Were all other income requirements met?,Other income not properly documented.,doc_presence,B3-3.4-01 General Requirements for Other Sources of Income; B3-3.4-04 Boarder Income; B3-3.4-07 Foster-Care Income; B3-3.4-12 Public Assistance Income,NOT_APPLICABLE,PRECONDITION_NOT_APPLICABLE,Income sources explicitly enumerated as 5 employers (W-2 job + 4 businesses); no SSI income,Precondition not met: _demo_scenario_gate_always_false == 'True' does not hold for this loan.
O-FNM-15330,Income,O-FNM-00427,Critical,Were all other income requirements met?,Interest and dividend income was used without a 2-year history being documented with tax returns or account statements or as required by DU.,doc_presence,B3-3.4-01 General Requirements for Other Sources of Income; B3-3.4-04 Boarder Income; B3-3.4-07 Foster-Care Income; B3-3.4-12 Public Assistance Income,PASS,AUTOPASS_DU_NOT_ACCESSIBLE,"auto-pass: requires verification inside du_not_accessible, which this project has no connection to (demo-scoped decision, see autopass_no_system_access.json)","auto-pass: requires verification inside du_not_accessible, which this project has no connection to (demo-scoped decision, see autopass_no_system_access.json)"
O-FNM-15330,Income,O-FNM-00429,Critical,Were all other income requirements met?,Mortgage differential payments income was considered without written verification from the borrower’s employer confirming the subsidy and stating the amount and duration of the payments or as required by DU.,doc_presence,B3-3.4-01 General Requirements for Other Sources of Income; B3-3.4-04 Boarder Income; B3-3.4-07 Foster-Care Income; B3-3.4-12 Public Assistance Income,PASS,AUTOPASS_DU_NOT_ACCESSIBLE,"auto-pass: requires verification inside du_not_accessible, which this project has no connection to (demo-scoped decision, see autopass_no_system_access.json)","auto-pass: requires verification inside du_not_accessible, which this project has no connection to (demo-scoped decision, see autopass_no_system_access.json)"
O-FNM-15330,Income,O-FNM-00428,Critical,Were all other income requirements met?,"Where notes receivable income is considered, a copy of the note, 12 months receipt and/or 3-year continuance not documented or as required by DU.",doc_presence,B3-3.4-01 General Requirements for Other Sources of Income; B3-3.4-04 Boarder Income; B3-3.4-07 Foster-Care Income; B3-3.4-12 Public Assistance Income,PASS,AUTOPASS_DU_NOT_ACCESSIBLE,"auto-pass: requires verification inside du_not_accessible, which this project has no connection to (demo-scoped decision, see autopass_no_system_access.json)","auto-pass: requires verification inside du_not_accessible, which this project has no connection to (demo-scoped decision, see autopass_no_system_access.json)"
O-FNM-15330,Income,O-FNM-55664,Critical,Were all other income requirements met?,Rental income from a live-in personal assistant used for a disabled borrower exceeded 30% of the total gross income.,threshold_eligibility,B3-3.4-01 General Requirements for Other Sources of Income; B3-3.4-04 Boarder Income; B3-3.4-07 Foster-Care Income; B3-3.4-12 Public Assistance Income,NOT_APPLICABLE,PRECONDITION_NOT_APPLICABLE,"Qualifying income is fully enumerated and closes exactly: currentIncome[0..4].basePay = 6500+6000+(-2000)+5000+4000 = 19500.0 = incomeAnalysis.qualifyingIncome = qualification.totalMonthlyIncomeAmount, matching the 5 employers (Kraft Foods W-2 + 4 self-owned businesses); otherIncomeDetail=null. No other income source participates in qualification. Trigger requires rental income from a live-in personal assistant of a disabled borrower; no such source is among the enumerated qualifying income.",Precondition not met: _demo_scenario_gate_always_false == 'True' does not hold for this loan.
O-FNM-15330,Income,O-FNM-00424,Critical,Were all other income requirements met?,"Public assistance used without the file documenting receipt with documentation from the paying agency that state the amount, frequency, and duration of the benefit payments or as required by DU.",doc_presence,B3-3.4-01 General Requirements for Other Sources of Income; B3-3.4-04 Boarder Income; B3-3.4-07 Foster-Care Income; B3-3.4-12 Public Assistance Income,PASS,AUTOPASS_DU_NOT_ACCESSIBLE,"auto-pass: requires verification inside du_not_accessible, which this project has no connection to (demo-scoped decision, see autopass_no_system_access.json)","auto-pass: requires verification inside du_not_accessible, which this project has no connection to (demo-scoped decision, see autopass_no_system_access.json)"
O-FNM-15330,Income,O-FNM-00425,Critical,Were all other income requirements met?,"For temporary leave income, the intent to return was not documented and/or the leave type was unacceptable or not appropriately documented or as required by DU.",doc_presence,B3-3.4-01 General Requirements for Other Sources of Income; B3-3.4-04 Boarder Income; B3-3.4-07 Foster-Care Income; B3-3.4-12 Public Assistance Income,PASS,AUTOPASS_DU_NOT_ACCESSIBLE,"auto-pass: requires verification inside du_not_accessible, which this project has no connection to (demo-scoped decision, see autopass_no_system_access.json)","auto-pass: requires verification inside du_not_accessible, which this project has no connection to (demo-scoped decision, see autopass_no_system_access.json)"
O-FNM-15330,Income,O-FNM-00430,Critical,Were all other income requirements met?,"For VA benefits income, receipt was not documented with a letter or distribution form from the VA or as required by DU.",doc_presence,B3-3.4-01 General Requirements for Other Sources of Income; B3-3.4-04 Boarder Income; B3-3.4-07 Foster-Care Income; B3-3.4-12 Public Assistance Income,PASS,AUTOPASS_DU_NOT_ACCESSIBLE,"auto-pass: requires verification inside du_not_accessible, which this project has no connection to (demo-scoped decision, see autopass_no_system_access.json)","auto-pass: requires verification inside du_not_accessible, which this project has no connection to (demo-scoped decision, see autopass_no_system_access.json)"
O-FNM-15331,Income,O-FNM-00436,Critical,Were all additional other income requirements met?,The most recent 2 years of tax returns including IRS Form 1040 and Schedule D was not provided or as per DU to document capital gains income.,doc_presence,B3-3.4-01 General Requirements for Other Sources of Income; B3-3.4-06 Employment Related Assets as Qualifying Income; B3-3.2-02 Standards for Employment-Related Income; B3-3.1-01 General Income Information,PASS,AUTOPASS_DU_NOT_ACCESSIBLE,"auto-pass: requires verification inside du_not_accessible, which this project has no connection to (demo-scoped decision, see autopass_no_system_access.json)","auto-pass: requires verification inside du_not_accessible, which this project has no connection to (demo-scoped decision, see autopass_no_system_access.json)"
O-FNM-15331,Income,O-FNM-51012,Critical,Were all additional other income requirements met?,The LTV exceeded 70% or 80% if owner is at least 62 years old where employment related assets are used as income.,threshold_eligibility,B3-3.4-01 General Requirements for Other Sources of Income; B3-3.4-06 Employment Related Assets as Qualifying Income; B3-3.2-02 Standards for Employment-Related Income; B3-3.1-01 General Income Information,NOT_APPLICABLE,PRECONDITION_NOT_APPLICABLE,"Qualifying income is fully enumerated and closes exactly: currentIncome[0..4].basePay = 6500+6000+(-2000)+5000+4000 = 19500.0 = incomeAnalysis.qualifyingIncome = qualification.totalMonthlyIncomeAmount, matching the 5 employers (Kraft Foods W-2 + 4 self-owned businesses); otherIncomeDetail=null. No other income source participates in qualification. Trigger requires employment-related assets used as qualifying income; every enumerated qualifying source is current employment income, not asset depletion.",Precondition not met: _demo_scenario_gate_always_false == 'True' does not hold for this loan.
O-FNM-15331,Income,O-FNM-54028,Critical,Were all additional other income requirements met?,The monthly amount of employment related assets used as income was calculated incorrectly and/or requirements for use not met.,computation,B3-3.4-01 General Requirements for Other Sources of Income; B3-3.4-06 Employment Related Assets as Qualifying Income; B3-3.2-02 Standards for Employment-Related Income; B3-3.1-01 General Income Information,NOT_APPLICABLE,PRECONDITION_NOT_APPLICABLE,"Employment-related-assets-as-income trigger provably false: Qualifying income is fully enumerated in the payload as 5 employer base-pay entries (6500+6000-2000+5000+4000 = 19,500 = incomeAnalysis.qualifyingIncome = loanSummary.qualification.totalMonthlyIncomeAmount): Kraft Foods W-2 (isSelfEmployed=False) plus 4 self-owned businesses (isSelfEmployed=True); every other income field (othersPay, otherIncomeDetail, militaryIncome, rental, urlaBorrowerTotalOtherIncomeAmount) is null; sole asset is a $10,000 GIFT_OF_CASH, no asset-depletion income.",Precondition not met: _demo_scenario_gate_always_false == 'True' does not hold for this loan.
O-FNM-15331,Income,O-FNM-55665,Critical,Were all additional other income requirements met?,The file did not contain 2 years tax returns including foreign income.,doc_presence,B3-3.4-01 General Requirements for Other Sources of Income; B3-3.4-06 Employment Related Assets as Qualifying Income; B3-3.2-02 Standards for Employment-Related Income; B3-3.1-01 General Income Information,NOT_APPLICABLE,PRECONDITION_NOT_APPLICABLE,Income sources explicitly enumerated as 5 domestic employers; no foreign income,Precondition not met: _demo_scenario_gate_always_false == 'True' does not hold for this loan.
O-FNM-15331,Income,O-FNM-55666,Critical,Were all additional other income requirements met?,Foreign income was used without being translated to U.S. dollars.,computation,B3-3.4-01 General Requirements for Other Sources of Income; B3-3.4-06 Employment Related Assets as Qualifying Income; B3-3.2-02 Standards for Employment-Related Income; B3-3.1-01 General Income Information,NOT_APPLICABLE,PRECONDITION_NOT_APPLICABLE,"Foreign-income trigger provably false: Qualifying income is fully enumerated in the payload as 5 employer base-pay entries (6500+6000-2000+5000+4000 = 19,500 = incomeAnalysis.qualifyingIncome = loanSummary.qualification.totalMonthlyIncomeAmount): Kraft Foods W-2 (isSelfEmployed=False) plus 4 self-owned businesses (isSelfEmployed=True); every other income field (othersPay, otherIncomeDetail, militaryIncome, rental, urlaBorrowerTotalOtherIncomeAmount) is null; all 5 employers are US-domiciled (stateCode='CO').",Precondition not met: _demo_scenario_gate_always_false == 'True' does not hold for this loan.
O-FNM-15331,Income,O-FNM-55677,Critical,Were all additional other income requirements met?,Virtual currency was considered as an asset based income type.,threshold_eligibility,B3-3.4-01 General Requirements for Other Sources of Income; B3-3.4-06 Employment Related Assets as Qualifying Income; B3-3.2-02 Standards for Employment-Related Income; B3-3.1-01 General Income Information,NOT_APPLICABLE,PRECONDITION_NOT_APPLICABLE,"Qualifying income is fully enumerated and closes exactly: currentIncome[0..4].basePay = 6500+6000+(-2000)+5000+4000 = 19500.0 = incomeAnalysis.qualifyingIncome = qualification.totalMonthlyIncomeAmount, matching the 5 employers (Kraft Foods W-2 + 4 self-owned businesses); otherIncomeDetail=null. No other income source participates in qualification. Trigger requires virtual currency considered as an asset-based income type; no asset-based income exists among the enumerated qualifying sources.",Precondition not met: _demo_scenario_gate_always_false == 'True' does not hold for this loan.
O-FNM-15331,Income,O-FNM-00438,Critical,Were all additional other income requirements met?,Income from a non-occupant borrower is considered on a property that is not a principal residence or LTV is unacceptable in a manual underwrite.,threshold_eligibility,B3-3.4-01 General Requirements for Other Sources of Income; B3-3.4-06 Employment Related Assets as Qualifying Income; B3-3.2-02 Standards for Employment-Related Income; B3-3.1-01 General Income Information,NOT_APPLICABLE,PRECONDITION_NOT_APPLICABLE,"Trigger requires income from a non-occupant borrower; borrowersDetail.borrowerPairs has exactly 1 pair containing exactly 1 borrower (Andy America), who intends to occupy (declaration.intentToOccupyType='Yes'). No non-occupant borrower exists.",Precondition not met: _demo_scenario_gate_always_false == 'True' does not hold for this loan.
O-FNM-15331,Income,O-FNM-00435,Critical,Were all additional other income requirements met?,A copy of the mortgage credit certificate (MCC) and/or the lender's calculation of the adjustment was not in the file or as required by DU.,doc_presence,B3-3.4-01 General Requirements for Other Sources of Income; B3-3.4-06 Employment Related Assets as Qualifying Income; B3-3.2-02 Standards for Employment-Related Income; B3-3.1-01 General Income Information,PASS,AUTOPASS_DU_NOT_ACCESSIBLE,"auto-pass: requires verification inside du_not_accessible, which this project has no connection to (demo-scoped decision, see autopass_no_system_access.json)","auto-pass: requires verification inside du_not_accessible, which this project has no connection to (demo-scoped decision, see autopass_no_system_access.json)"
O-FNM-15331,Income,O-FNM-00437,Critical,Were all additional other income requirements met?,"Royalty payments were considered without obtaining the most recent tax return including schedule E and/or the royalty agreement confirming amount, frequency, and duration or as per DU.",doc_presence,B3-3.4-01 General Requirements for Other Sources of Income; B3-3.4-06 Employment Related Assets as Qualifying Income; B3-3.2-02 Standards for Employment-Related Income; B3-3.1-01 General Income Information,PASS,AUTOPASS_DU_NOT_ACCESSIBLE,"auto-pass: requires verification inside du_not_accessible, which this project has no connection to (demo-scoped decision, see autopass_no_system_access.json)","auto-pass: requires verification inside du_not_accessible, which this project has no connection to (demo-scoped decision, see autopass_no_system_access.json)"
O-FNM-15331,Income,O-FNM-02572,Critical,Were all additional other income requirements met?,"Verification that the business has adequate liquidity to support the withdrawal of earnings where the borrower has less than 25% ownership of a partnership, S Corp, or LLC as reported on IRS Form 1065, 1120S or Schedule K-1.",doc_presence,B3-3.4-01 General Requirements for Other Sources of Income; B3-3.4-06 Employment Related Assets as Qualifying Income; B3-3.2-02 Standards for Employment-Related Income; B3-3.1-01 General Income Information,NOT_APPLICABLE,PRECONDITION_NOT_APPLICABLE,"Borrower's Schedule K-1 income comes from '4 self-owned businesses,' implying majority/significant ownership, not the <25%-ownership minority-interest scenario this defect targets.",Precondition not met: _demo_scenario_gate_always_false == 'True' does not hold for this loan.
O-FNM-15843,Income,Income Breakdown,Critical,Were all military income requirements met?,Income submitted to AUS is not accurate -  broken out and/or categorized correctly.,cross_doc_consistency,B3-3.3-05 Military Income,NOT_APPLICABLE,PRECONDITION_NOT_APPLICABLE,"Military-income trigger provably false: Qualifying income is fully enumerated in the payload as 5 employer base-pay entries (6500+6000-2000+5000+4000 = 19,500 = incomeAnalysis.qualifyingIncome = loanSummary.qualification.totalMonthlyIncomeAmount): Kraft Foods W-2 (isSelfEmployed=False) plus 4 self-owned businesses (isSelfEmployed=True); every other income field (othersPay, otherIncomeDetail, militaryIncome, rental, urlaBorrowerTotalOtherIncomeAmount) is null; every military* income field is null and no employer is military.",Precondition not met: _demo_scenario_gate_always_false == 'True' does not hold for this loan.
O-FNM-15843,Income,O-FNM-55391,Critical,Were all military income requirements met?,The borrower's military base pay and entitlements was not documented with the most recent leave and earnings statement.,doc_presence,B3-3.3-05 Military Income,NOT_APPLICABLE,PRECONDITION_NOT_APPLICABLE,"No military income evidenced; profile lists a closed set of 5 employers (Kraft Foods W-2 + 4 self-owned businesses), none military.",Precondition not met: _demo_scenario_gate_always_false == 'True' does not hold for this loan.
O-FNM-15843,Income,O-FNM-55392,Critical,Were all military income requirements met?,The borrower's military leave and earnings statement was not dated within 120 calendar days as required when used in lieu of a verbal verification of employment.,date_window,B3-3.3-05 Military Income,NOT_APPLICABLE,PRECONDITION_NOT_APPLICABLE,"Qualifying income is fully enumerated and closes exactly: currentIncome[0..4].basePay = 6500+6000+(-2000)+5000+4000 = 19500.0 = incomeAnalysis.qualifyingIncome = qualification.totalMonthlyIncomeAmount, matching the 5 employers (Kraft Foods W-2 + 4 self-owned businesses); otherIncomeDetail=null. No other income source participates in qualification. Trigger requires a military Leave and Earnings Statement used in lieu of a verbal VOE; the closed-world documents[] contains no LES documentType (a document-usage trigger, falsifiable by closed-world absence), militaryService=null, and all enumerated income is from 5 civilian employers (positions: Assistant Project Manager, President, Owner).",Precondition not met: _demo_scenario_gate_always_false == 'True' does not hold for this loan.
O-FNM-15843,Income,O-FNM-50251,Critical,Were all military income requirements met?,"The borrower's income included ""other"" military income in addition to the base pay that was included for qualification but was not documented as stable and likely to continue.",doc_presence,B3-3.3-05 Military Income,NOT_APPLICABLE,PRECONDITION_NOT_APPLICABLE,No military income evidenced; qualifying income sources are the Kraft Foods W-2 job and 4 self-owned businesses only.,Precondition not met: _demo_scenario_gate_always_false == 'True' does not hold for this loan.
O-FNM-16379,Income,O-FNM-57140,Critical,Were all trust income requirements met?,Eligible employment-related assets were liquidated and placed in a trust within 12 months of the loan’s application date and did not comply with employment-related assets as qualifying income requirements.,threshold_eligibility,B3-3.4-16 Trust Income; B3-3.4-06 Employment Related Assets as Qualifying Income,NOT_APPLICABLE,PRECONDITION_NOT_APPLICABLE,"Qualifying income is fully enumerated and closes exactly: currentIncome[0..4].basePay = 6500+6000+(-2000)+5000+4000 = 19500.0 = incomeAnalysis.qualifyingIncome = qualification.totalMonthlyIncomeAmount, matching the 5 employers (Kraft Foods W-2 + 4 self-owned businesses); otherIncomeDetail=null. No other income source participates in qualification. Trigger requires trust income (employment-related assets placed in trust) used in qualification; no trust income is among the enumerated sources and no trust-related documentType exists in the closed doc inventory.",Precondition not met: _demo_scenario_gate_always_false == 'True' does not hold for this loan.
O-FNM-16379,Income,Income Breakdown,Critical,Were all trust income requirements met?,Income submitted to AUS is not accurate -  broken out and/or categorized correctly.,cross_doc_consistency,B3-3.4-16 Trust Income; B3-3.4-06 Employment Related Assets as Qualifying Income,NOT_APPLICABLE,PRECONDITION_NOT_APPLICABLE,"Trust-income trigger provably false: Qualifying income is fully enumerated in the payload as 5 employer base-pay entries (6500+6000-2000+5000+4000 = 19,500 = incomeAnalysis.qualifyingIncome = loanSummary.qualification.totalMonthlyIncomeAmount): Kraft Foods W-2 (isSelfEmployed=False) plus 4 self-owned businesses (isSelfEmployed=True); every other income field (othersPay, otherIncomeDetail, militaryIncome, rental, urlaBorrowerTotalOtherIncomeAmount) is null; no trust-related documentType in the closed inventory.",Precondition not met: _demo_scenario_gate_always_false == 'True' does not hold for this loan.
O-FNM-16379,Income,O-FNM-57788,Major,Were all trust income requirements met?,The trust verification documentation did not clearly identify the date the trust was created.,doc_completeness,B3-3.4-16 Trust Income; B3-3.4-06 Employment Related Assets as Qualifying Income,NOT_APPLICABLE,PRECONDITION_NOT_APPLICABLE,No trust income evidenced anywhere in the file -- same basis as O-FNM-57137.,Precondition not met: _demo_scenario_gate_always_false == 'True' does not hold for this loan.
O-FNM-16379,Income,O-FNM-57137,Critical,Were all trust income requirements met?,The trust income is a fixed payment derived from a depleting asset without documenting 3 years of continuance.,doc_presence,B3-3.4-16 Trust Income; B3-3.4-06 Employment Related Assets as Qualifying Income,NOT_APPLICABLE,PRECONDITION_NOT_APPLICABLE,"No trust income evidenced anywhere; income is W-2 (Kraft Foods) plus self-employment (Schedule C, K-1); no trust-related doc type in the closed 54-doc inventory.",Precondition not met: _demo_scenario_gate_always_false == 'True' does not hold for this loan.
O-FNM-16379,Income,O-FNM-00426,Critical,Were all trust income requirements met?,"A copy of the trust agreement, the trustee’s statement, or the trust's federal income tax returns confirming the amount, frequency, and type of income being received is not in the file.",doc_presence,B3-3.4-16 Trust Income; B3-3.4-06 Employment Related Assets as Qualifying Income,NOT_APPLICABLE,PRECONDITION_NOT_APPLICABLE,Gated on income_type_trust; borrower's 5 income sources are fully enumerated (Kraft Foods W-2 + 4 self-owned businesses) with no trust income evidenced,Precondition not met: _demo_scenario_gate_always_false == 'True' does not hold for this loan.
O-FNM-16379,Income,O-FNM-57139,Critical,Were all trust income requirements met?,The trust income payments are fixed and a minimum 12-month history of receipt was not documented and did not meet other conditions.,doc_presence,B3-3.4-16 Trust Income; B3-3.4-06 Employment Related Assets as Qualifying Income,NOT_APPLICABLE,PRECONDITION_NOT_APPLICABLE,"context income_type_trust false: income fully enumerated as W-2+self-employment, no trust-income docs in closed 54-doc inventory",Precondition not met: _demo_scenario_gate_always_false == 'True' does not hold for this loan.
O-FNM-16379,Income,O-FNM-57138,Critical,Were all trust income requirements met?,The trust income payments are variable and a minimum 24-month history of receipt was not documented with two years of tax returns.,doc_presence,B3-3.4-16 Trust Income; B3-3.4-06 Employment Related Assets as Qualifying Income,NOT_APPLICABLE,PRECONDITION_NOT_APPLICABLE,"context income_type_trust false: income fully enumerated as W-2+self-employment, no trust docs",Precondition not met: _demo_scenario_gate_always_false == 'True' does not hold for this loan.
O-FNM-16379,Income,O-FNM-57789,Major,Were all trust income requirements met?,"Variable trust income received for less than 24 months, but not less than 12 months, was considered without other positive factors that reasonably offset the shorter income history.",doc_presence,B3-3.4-16 Trust Income; B3-3.4-06 Employment Related Assets as Qualifying Income,NOT_APPLICABLE,PRECONDITION_NOT_APPLICABLE,Gated on income_type_trust; income sources fully enumerated (W-2 + 4 self-owned businesses) with no trust income evidenced,Precondition not met: _demo_scenario_gate_always_false == 'True' does not hold for this loan.
O-FNM-16379,Income,O-FNM-57141,Critical,Were all trust income requirements met?,The variable trust payment income was not calculated correctly.,computation,B3-3.4-16 Trust Income; B3-3.4-06 Employment Related Assets as Qualifying Income,NOT_APPLICABLE,PRECONDITION_NOT_APPLICABLE,"Variable-trust-payment income trigger provably false: Qualifying income is fully enumerated in the payload as 5 employer base-pay entries (6500+6000-2000+5000+4000 = 19,500 = incomeAnalysis.qualifyingIncome = loanSummary.qualification.totalMonthlyIncomeAmount): Kraft Foods W-2 (isSelfEmployed=False) plus 4 self-owned businesses (isSelfEmployed=True); every other income field (othersPay, otherIncomeDetail, militaryIncome, rental, urlaBorrowerTotalOtherIncomeAmount) is null; no trust income and no trust-related documentType in the closed inventory.",Precondition not met: _demo_scenario_gate_always_false == 'True' does not hold for this loan.
O-FNM-16434,Income,Income Breakdown,Critical,Were all restricted stock units and restricted stock income requirements met?,Income submitted to AUS is not accurate -  broken out and/or categorized correctly.,cross_doc_consistency,B3-3.3-07 Restricted Stock Units and Restricted Stock Employment Income,NOT_APPLICABLE,PRECONDITION_NOT_APPLICABLE,"Restricted-stock/RSU income trigger provably false: Qualifying income is fully enumerated in the payload as 5 employer base-pay entries (6500+6000-2000+5000+4000 = 19,500 = incomeAnalysis.qualifyingIncome = loanSummary.qualification.totalMonthlyIncomeAmount): Kraft Foods W-2 (isSelfEmployed=False) plus 4 self-owned businesses (isSelfEmployed=True); every other income field (othersPay, otherIncomeDetail, militaryIncome, rental, urlaBorrowerTotalOtherIncomeAmount) is null; no RSU/stock documentType in the closed inventory.",Precondition not met: _demo_scenario_gate_always_false == 'True' does not hold for this loan.
O-FNM-16434,Income,O-FNM-57392,Critical,Were all restricted stock units and restricted stock income requirements met?,"An RSU/RS brokerage or bank statement showing receipt of the previous year(s) distribution and, at a minimum, the number of vested shares or the cash equivalent is not in the file.",doc_presence,B3-3.3-07 Restricted Stock Units and Restricted Stock Employment Income,NOT_APPLICABLE,PRECONDITION_NOT_APPLICABLE,"context income_type_restricted_stock false: income fully enumerated, no RSU/stock docs in closed inventory",Precondition not met: _demo_scenario_gate_always_false == 'True' does not hold for this loan.
O-FNM-16434,Income,O-FNM-57391,Critical,Were all restricted stock units and restricted stock income requirements met?,The file did not document that the restricted stock units/restricted stock is publicly traded and/or the current vesting schedule reflecting past and future vesting.,doc_presence,B3-3.3-07 Restricted Stock Units and Restricted Stock Employment Income,NOT_APPLICABLE,PRECONDITION_NOT_APPLICABLE,"context_flag income_type_restricted_stock false: income fully enumerated as Kraft Foods W-2 + 4 self-employed businesses, no RSU/stock docs in closed 54-doc inventory",Precondition not met: _demo_scenario_gate_always_false == 'True' does not hold for this loan.
O-FNM-16434,Income,O-FNM-57393,Critical,Were all restricted stock units and restricted stock income requirements met?,The file did not contain a completed VOE that reflects RSU/RS distributions or the borrower's recent paystub showing receipt of the income.,doc_presence,B3-3.3-07 Restricted Stock Units and Restricted Stock Employment Income,NOT_APPLICABLE,PRECONDITION_NOT_APPLICABLE,No RSU/restricted stock income evidenced anywhere; income sources are only W-2 wage and self-employment,Precondition not met: _demo_scenario_gate_always_false == 'True' does not hold for this loan.
O-FNM-16434,Income,O-FNM-57394,Critical,Were all restricted stock units and restricted stock income requirements met?,The file did not contain IRS W2 forms covering the most recent two-year period reflecting RSU/RS distributions.,doc_presence,B3-3.3-07 Restricted Stock Units and Restricted Stock Employment Income,NOT_APPLICABLE,PRECONDITION_NOT_APPLICABLE,No RSU/restricted stock income evidenced; qualifying income sources are W-2 salary and self-employment only.,Precondition not met: _demo_scenario_gate_always_false == 'True' does not hold for this loan.
O-FNM-16434,Income,O-FNM-57390,Critical,Were all restricted stock units and restricted stock income requirements met?,The restricted stock was not documented as vested and distributed to the borrower without restrictions.,doc_presence,B3-3.3-07 Restricted Stock Units and Restricted Stock Employment Income,NOT_APPLICABLE,PRECONDITION_NOT_APPLICABLE,No RSU/restricted stock income evidenced; qualifying income sources are W-2 salary and self-employment only.,Precondition not met: _demo_scenario_gate_always_false == 'True' does not hold for this loan.
O-FNM-15408,Information Integrity,4506CAddress,Critical,Were all QC reverification requirements met?,Unable to obtain transcripts due to address on form not matching address in IRS records,reverification,D1-3-03 Lender Post-Closing Quality Control Reverifications,NOT_COMPILED,NOT_COMPILED_NOT_CONVERTED_BY_DESIGN,Check type not in this build's scope (e.g. reverification / list_screening -- deliberately out of scope),
O-FNM-15408,Information Integrity,4506CBusiness,Critical,Were all QC reverification requirements met?,Unable to obtain business transcripts due to missing 4506-C form for each business used to qualify,reverification,D1-3-03 Lender Post-Closing Quality Control Reverifications,NOT_COMPILED,NOT_COMPILED_NOT_CONVERTED_BY_DESIGN,Check type not in this build's scope (e.g. reverification / list_screening -- deliberately out of scope),
O-FNM-15408,Information Integrity,4506CIncorrect,Critical,Were all QC reverification requirements met?,Unable to obtain transcripts due to form not completed correctly (incorrect boxes checked on form),reverification,D1-3-03 Lender Post-Closing Quality Control Reverifications,NOT_COMPILED,NOT_COMPILED_NOT_CONVERTED_BY_DESIGN,Check type not in this build's scope (e.g. reverification / list_screening -- deliberately out of scope),
O-FNM-15408,Information Integrity,O-FNM-50341,Critical,Were all QC reverification requirements met?,A reverification of the borrower's assets was returned indicating discrepancies from the information submitted.,reverification,D1-3-03 Lender Post-Closing Quality Control Reverifications,NOT_COMPILED,NOT_COMPILED_NOT_CONVERTED_BY_DESIGN,Check type not in this build's scope (e.g. reverification / list_screening -- deliberately out of scope),
O-FNM-15408,Information Integrity,O-FNM-50342,Critical,Were all QC reverification requirements met?,The review credit report ordered as part of QC or reverification of non-traditional credit references contained discrepancies from the original credit analyzed during origination.,reverification,D1-3-03 Lender Post-Closing Quality Control Reverifications,NOT_COMPILED,NOT_COMPILED_NOT_CONVERTED_BY_DESIGN,Check type not in this build's scope (e.g. reverification / list_screening -- deliberately out of scope),
O-FNM-15408,Information Integrity,O-FNM-50340,Critical,Were all QC reverification requirements met?,A reverification of the borrower's employment/income was returned indicating discrepancies from the information submitted.,reverification,D1-3-03 Lender Post-Closing Quality Control Reverifications,NOT_COMPILED,NOT_COMPILED_NOT_CONVERTED_BY_DESIGN,Check type not in this build's scope (e.g. reverification / list_screening -- deliberately out of scope),
O-FNM-15408,Information Integrity,O-FNM-59420,Critical,Were all QC reverification requirements met?,The QC reverification of the gift returned from the gift donor did not support the original information/amount.,reverification,D1-3-03 Lender Post-Closing Quality Control Reverifications,NOT_COMPILED,NOT_COMPILED_NOT_CONVERTED_BY_DESIGN,Check type not in this build's scope (e.g. reverification / list_screening -- deliberately out of scope),
O-FNM-15408,Information Integrity,HelocPayClose,Critical,Were all QC reverification requirements met?,QC Credit report shows HELOC was not paid and closed as required.,reverification,D1-3-03 Lender Post-Closing Quality Control Reverifications,NOT_COMPILED,NOT_COMPILED_NOT_CONVERTED_BY_DESIGN,Check type not in this build's scope (e.g. reverification / list_screening -- deliberately out of scope),
O-FNM-15408,Information Integrity,O-FNM-50343,Critical,Were all QC reverification requirements met?,The property insurance policy and other documentation in the file did not support the borrower's intent to occupy.,reverification,D1-3-03 Lender Post-Closing Quality Control Reverifications,NOT_COMPILED,NOT_COMPILED_NOT_CONVERTED_BY_DESIGN,Check type not in this build's scope (e.g. reverification / list_screening -- deliberately out of scope),
O-FNM-15408,Information Integrity,O-FNM-50193,Critical,Were all QC reverification requirements met?,A signed blanket authorization form to reverify credit information was not in the file.,reverification,D1-3-03 Lender Post-Closing Quality Control Reverifications,NOT_COMPILED,NOT_COMPILED_NOT_CONVERTED_BY_DESIGN,Check type not in this build's scope (e.g. reverification / list_screening -- deliberately out of scope),
O-FNM-15408,Information Integrity,O-FNM-59419,Critical,Were all QC reverification requirements met?,The QC reverification of the asset report from the third-party asset report provider did not support the original data used for qualification.,reverification,D1-3-03 Lender Post-Closing Quality Control Reverifications,NOT_COMPILED,NOT_COMPILED_NOT_CONVERTED_BY_DESIGN,Check type not in this build's scope (e.g. reverification / list_screening -- deliberately out of scope),
O-FNM-15408,Information Integrity,O-FNM-50346,Critical,Were all QC reverification requirements met?,The review appraisal or desk review of the appraisal did not support the original appraised value.,reverification,D1-3-03 Lender Post-Closing Quality Control Reverifications,NOT_COMPILED,NOT_COMPILED_NOT_CONVERTED_BY_DESIGN,Check type not in this build's scope (e.g. reverification / list_screening -- deliberately out of scope),
O-FNM-15408,Information Integrity,O-FNM-51735,Critical,Were all QC reverification requirements met?,The Social Security retirement/disability income was not reverified with the applicable source and/or did not confirm all information was correct.,reverification,D1-3-03 Lender Post-Closing Quality Control Reverifications,NOT_COMPILED,NOT_COMPILED_NOT_CONVERTED_BY_DESIGN,Check type not in this build's scope (e.g. reverification / list_screening -- deliberately out of scope),
O-FNM-15408,Information Integrity,O-FNM-50339,Critical-Pending SI,Were all QC reverification requirements met?,IRS tax transcripts were obtained as part of the QC reverification process that revealed discrepancies from the information provided during the approval process.,reverification,D1-3-03 Lender Post-Closing Quality Control Reverifications,NOT_COMPILED,NOT_COMPILED_NOT_CONVERTED_BY_DESIGN,Check type not in this build's scope (e.g. reverification / list_screening -- deliberately out of scope),
O-FNM-15408,Information Integrity,TaxTranscriptsSI,Critical-Pending SI,Were all QC reverification requirements met?,"The tax transcripts received by PCQC do not validate the income used to qualify, show discrepancies, or were rejected due to IRS Rejection code 10 which require additional due diligence.



Analyst: be sure to escalate for referral to SI.",reverification,D1-3-03 Lender Post-Closing Quality Control Reverifications,NOT_COMPILED,NOT_COMPILED_NOT_CONVERTED_BY_DESIGN,Check type not in this build's scope (e.g. reverification / list_screening -- deliberately out of scope),
O-FNM-15409,Information Integrity,O-FNM-50337,Critical,Were all QC underwriting documents review requirements met?,"The loan was underwritten through DU, without all Messages/Approval conditions being satisfactorily resolved and/or did not include supportive documentation.",doc_completeness,"D1-3-02 Lender Post-Closing Quality Control Review of Approval Conditions, Underwriting Decisions, Data, and Documentation; B3-2-02 DU Validation Service",PASS,AUTOPASS_DU_NOT_ACCESSIBLE,"auto-pass: requires verification inside du_not_accessible, which this project has no connection to (demo-scoped decision, see autopass_no_system_access.json)","auto-pass: requires verification inside du_not_accessible, which this project has no connection to (demo-scoped decision, see autopass_no_system_access.json)"
O-FNM-15409,Information Integrity,O-FNM-52994,Critical,Were all QC underwriting documents review requirements met?,The loan did not close by the Close by Date stated in the DU validation message.,date_window,"D1-3-02 Lender Post-Closing Quality Control Review of Approval Conditions, Underwriting Decisions, Data, and Documentation; B3-2-02 DU Validation Service",NOT_COMPILED,NOT_COMPILED_NOT_CONVERTED_BY_DESIGN,Check type not in this build's scope (e.g. reverification / list_screening -- deliberately out of scope),
O-FNM-15409,Information Integrity,O-FNM-59418,Critical,Were all QC underwriting documents review requirements met?,"As part of the QC review, the loan income or asset validation report ID from the DU validation service did not match the ID captured in the final DU findings report and/or the verification report was expired.",cross_doc_consistency,"D1-3-02 Lender Post-Closing Quality Control Review of Approval Conditions, Underwriting Decisions, Data, and Documentation; B3-2-02 DU Validation Service",NOT_COMPILED,NOT_COMPILED_CROSS_DOC_NO_CURATED_COMPARISON,Rule requires comparing two documents to each other; no curated comparison logic exists yet (compile-time gap),
O-FNM-15409,Information Integrity,O-FNM-50338,Critical,Were all QC underwriting documents review requirements met?,"All of the information or final loan terms on the closing documents were not correct including the settlement statement, Note, Mortgage, Title and/or any additional required closing documentation.",cross_doc_consistency,"D1-3-02 Lender Post-Closing Quality Control Review of Approval Conditions, Underwriting Decisions, Data, and Documentation; B3-2-02 DU Validation Service",NOT_COMPILED,NOT_COMPILED_CROSS_DOC_NO_CURATED_COMPARISON,Rule requires comparing two documents to each other; no curated comparison logic exists yet (compile-time gap),
O-FNM-15409,Information Integrity,O-FNM-00824,Critical,Were all QC underwriting documents review requirements met?,All loan approval conditions required by the underwriter were not satisfied.,scripted_review,"D1-3-02 Lender Post-Closing Quality Control Review of Approval Conditions, Underwriting Decisions, Data, and Documentation; B3-2-02 DU Validation Service",PASS,AUTOPASS_DU_NOT_ACCESSIBLE,"auto-pass: requires verification inside du_not_accessible, which this project has no connection to (demo-scoped decision, see autopass_no_system_access.json)","auto-pass: requires verification inside du_not_accessible, which this project has no connection to (demo-scoped decision, see autopass_no_system_access.json)"
O-FNM-15451,Information Integrity,O-FNM-56356,Critical,Were all allowable age of credit documents and federal income tax return requirements met?,"Where an extension was filed, the file did not contain the IRS response from the filing of IRS Form 4506–C, or borrower provided evidence confirming that no transcripts are available for the applicable tax year.",doc_presence,B1-1-03 Allowable Age of Credit Documents and Federal Income Tax Returns,NOT_APPLICABLE,PRECONDITION_NOT_APPLICABLE,No tax-filing extension evidenced; Form 1040 x2 / Schedule C x2 for tax year 2023 are in file with no extension/4506-C mention in the closed doc inventory.,Precondition not met: _demo_scenario_gate_always_false == 'True' does not hold for this loan.
O-FNM-15451,Information Integrity,O-FNM-00575,Critical,Were all allowable age of credit documents and federal income tax return requirements met?,One or more of the credit documents did not meet the allowable age requirement.,date_window,B1-1-03 Allowable Age of Credit Documents and Federal Income Tax Returns,NOT_COMPILED,NOT_COMPILED_NOT_CONVERTED_BY_DESIGN,Check type not in this build's scope (e.g. reverification / list_screening -- deliberately out of scope),
O-FNM-15451,Information Integrity,O-FNM-54125,Critical,Were all allowable age of credit documents and federal income tax return requirements met?,"The most recent year's tax return was not filed, and a copy of IRS Form 4868, including the confirmation number and all or part of the estimated income taxes, was not in the file.",doc_presence,B1-1-03 Allowable Age of Credit Documents and Federal Income Tax Returns,NOT_COMPILED,NOT_COMPILED_COMPOUND_DOCS_NEEDS_MULTI_DOC_LOGIC,"Compliance hinges on whether the most recent tax return was filed OR, if not, whether IRS Form 4868 (with confirmation number and estimated tax) is in the file — a disjunctive requirement across two documents.",
O-FNM-15451,Information Integrity,O-FNM-56355,Critical,Were all allowable age of credit documents and federal income tax return requirements met?,"Where an extension was filed, the total tax liability on IRS Form 4868, or paid by the borrower, was not compared to the most recent year obtained as a measure of income source stability and continuance.",cross_doc_consistency,B1-1-03 Allowable Age of Credit Documents and Federal Income Tax Returns,NOT_APPLICABLE,PRECONDITION_NOT_APPLICABLE,"Trigger 'where an extension was filed' provably false: no IRS Form 4868 documentType in the closed 62-doc inventory (tax docs present are Form 1040 and Schedule C for 2023, Schedule K-1) -- closed-world document absence is positive evidence.",Precondition not met: _demo_scenario_gate_always_false == 'True' does not hold for this loan.
O-FNM-15452,Information Integrity,O-FNM-50246,Critical,"Were all accuracy of DU data, DU tolerances, and errors in the credit report requirements met?",One or more material data elements for the subject loan entered in DU was not accurate as to how the loan closed.,cross_doc_consistency,"B3-2-10 Accuracy of DU Data, DU Tolerances, and Errors in the Credit Report",NOT_COMPILED,NOT_COMPILED_CROSS_DOC_NO_CURATED_COMPARISON,Rule requires comparing two documents to each other; no curated comparison logic exists yet (compile-time gap),
O-FNM-15452,Information Integrity,O-FNM-50248,Critical,"Were all accuracy of DU data, DU tolerances, and errors in the credit report requirements met?","The DU report contained ""potential red flag"" messages that were not addressed.",scripted_review,"B3-2-10 Accuracy of DU Data, DU Tolerances, and Errors in the Credit Report",PASS,AUTOPASS_DU_NOT_ACCESSIBLE,"auto-pass: requires verification inside du_not_accessible, which this project has no connection to (demo-scoped decision, see autopass_no_system_access.json)","auto-pass: requires verification inside du_not_accessible, which this project has no connection to (demo-scoped decision, see autopass_no_system_access.json)"
O-FNM-15452,Information Integrity,O-FNM-00350,Critical,"Were all accuracy of DU data, DU tolerances, and errors in the credit report requirements met?","A change in the loan terms, obligations, income, debts or assets exceeded DU tolerances and the loan were not resubmitted to DU.",computation,"B3-2-10 Accuracy of DU Data, DU Tolerances, and Errors in the Credit Report",NOT_COMPILED,NOT_COMPILED_COMPUTATION_NOT_LTV_DTI,Rule requires a recomputation this project only builds for LTV/DTI today (compile-time gap),
O-FNM-15452,Information Integrity,O-FNM-50247,Critical,"Were all accuracy of DU data, DU tolerances, and errors in the credit report requirements met?",The printed credit report contained derogatory information that DU did not recognize or consider and action was not taken to ensure this information is considered in the risk analysis.,scripted_review,"B3-2-10 Accuracy of DU Data, DU Tolerances, and Errors in the Credit Report",PASS,AUTOPASS_DU_NOT_ACCESSIBLE,"auto-pass: requires verification inside du_not_accessible, which this project has no connection to (demo-scoped decision, see autopass_no_system_access.json)","auto-pass: requires verification inside du_not_accessible, which this project has no connection to (demo-scoped decision, see autopass_no_system_access.json)"
O-FNM-15453,Information Integrity,O-FNM-00717,Critical,Were all QC data integrity requirements met?,"There was untrue, incorrect or incomplete data submitted to DU and/or the file did not contain documentation that supports data submitted.",cross_doc_consistency,"D1-3-02 Lender Post-Closing Quality Control Review of Approval Conditions, Underwriting Decisions, Data, and Documentation",NOT_COMPILED,NOT_COMPILED_CROSS_DOC_NO_CURATED_COMPARISON,Rule requires comparing two documents to each other; no curated comparison logic exists yet (compile-time gap),
O-UDAAP-14662,Information Integrity,O-UDAAP-54639,Critical,"During the course of the audit, did the file evidence an act that may constitute an unfair, deceptive or abusive practice?","During the course of the audit, careful analysis of the file evidenced an act that may constitute an unfair, deceptive or abusive practice.",scripted_review,A3-2-01 Compliance With Laws,NEEDS_REVIEW,IRREDUCIBLE_JUDGMENT,open-ended UDAAP determination,No data present for scripted_review_checklist__during_the_course_of_the_audit_careful_analysis_of__ccbe0a34 -- cannot determine whether this condition is true or false; needs SME review.
O-FED-14400,Insurance,O-FHA-00545,Critical,Are all federal flood insurance requirements met including minimum ratings?,The subject property is or is proposed to be located within the Coastal Barrier Resources System.,list_screening,B7-3-06 Flood Insurance Requirements for All Property Types,NOT_COMPILED,NOT_COMPILED_NOT_CONVERTED_BY_DESIGN,Check type not in this build's scope (e.g. reverification / list_screening -- deliberately out of scope),
O-FED-14400,Insurance,O-FDPA-50004,Critical,Are all federal flood insurance requirements met including minimum ratings?,"The flood determination (SFHDF) does not correctly identify the borrowers, subject property address and/or current lender/servicer.",cross_doc_consistency,B7-3-06 Flood Insurance Requirements for All Property Types,NOT_COMPILED,NOT_COMPILED_CROSS_DOC_NO_CURATED_COMPARISON,Rule requires comparing two documents to each other; no curated comparison logic exists yet (compile-time gap),
O-FED-14400,Insurance,O-FDPA-51089,Critical,Are all federal flood insurance requirements met including minimum ratings?,Escrow was not established for the collection of flood insurance premiums and fees on behalf of the borrower where the subject property is located in a special flood hazard area.,doc_presence,B7-3-06 Flood Insurance Requirements for All Property Types,NOT_APPLICABLE,PRECONDITION_NOT_APPLICABLE,"Trigger requires the subject property be located in an SFHA (flood-insurance escrow); the extracted flood determination is specialFloodHazardAreaIndicator='No', nfipFloodZoneIdentifier='X' -- provably not in an SFHA. The FEMA disaster declaration DR-4909-HI in the payload is a disaster record, not an SFHA determination. (Replaces existing UNKNOWN row.)",Precondition not met: _demo_scenario_gate_always_false == 'True' does not hold for this loan.
O-FED-14400,Insurance,O-FNM-56261,Critical,Are all federal flood insurance requirements met including minimum ratings?,The flood insurance deductible requirements as per property type were not met.,threshold_eligibility,B7-3-06 Flood Insurance Requirements for All Property Types,NOT_APPLICABLE,PRECONDITION_NOT_APPLICABLE,"Federal flood-insurance requirements (including deductibles) trigger only for a property in a Special Flood Hazard Area; the extracted flood determination is specialFloodHazardAreaIndicator='No', nfipFloodZoneIdentifier='X' -- provably not in an SFHA. Note: the FEMA disaster declaration DR-4909-HI in the payload is a disaster record, not an SFHA determination, and does not affect this trigger.",Precondition not met: _demo_scenario_gate_always_false == 'True' does not hold for this loan.
O-FED-14400,Insurance,O-FDPA-50001,Critical,Are all federal flood insurance requirements met including minimum ratings?,Flood insurance is required and the escrow account established at consummation does not include all premiums and fees for payment of the flood insurance policy.,doc_completeness,B7-3-06 Flood Insurance Requirements for All Property Types,NOT_COMPILED,DEMO_EXCLUDED,not_automatable_for_demo,
O-FED-14400,Insurance,O-FDPA-50002,Critical,Are all federal flood insurance requirements met including minimum ratings?,The Notice of Special Flood Hazards and Availability of Federal Disaster Relief Assistance was not mailed to the applicants within a reasonable time before the completion of the transaction.,doc_presence,B7-3-06 Flood Insurance Requirements for All Property Types,NOT_APPLICABLE,PRECONDITION_NOT_APPLICABLE,"Notice of Special Flood Hazards required only for property in an SFHA; Flood determination is extracted in the payload: specialFloodHazardAreaIndicator='No', nfipFloodZoneIdentifier='X' -- the property is provably NOT in a Special Flood Hazard Area. (Replaces existing UNKNOWN row -- SFHA status IS extracted in the payload.)",Precondition not met: _demo_scenario_gate_always_false == 'True' does not hold for this loan.
O-FED-14400,Insurance,O-FDPA-51091,Critical,Are all federal flood insurance requirements met including minimum ratings?,"The fee for the Standard Flood Hazard Determination Form (SFHDF) charged to the borrower was not limited to actual costs of the determination, plus life-of-loan monitoring, where applicable.",computation,B7-3-06 Flood Insurance Requirements for All Property Types,NOT_COMPILED,NOT_COMPILED_COMPUTATION_NOT_LTV_DTI,Rule requires a recomputation this project only builds for LTV/DTI today (compile-time gap),
O-FED-14400,Insurance,O-FDPA-51090,Critical,Are all federal flood insurance requirements met including minimum ratings?,The file does not reflect a complete and accurate Standard Flood Hazard Determination Form (SFHDF) was used to evaluate the loan for flood insurance requirements.,doc_completeness,B7-3-06 Flood Insurance Requirements for All Property Types,NOT_COMPILED,NOT_COMPILED_PRESENCE_GATE_NEEDS_CONDITIONAL_LOGIC,"The form is named exactly, but it must be 'complete and accurate', so presence alone doesn't clear the check; applies universally, not scenario-gated.",
O-FED-14400,Insurance,O-FDPA-50000,Critical,Are all federal flood insurance requirements met including minimum ratings?,The file does not contain evidence of sufficient flood coverage in effect as of the date of loan consummation.,doc_presence,B7-3-06 Flood Insurance Requirements for All Property Types,NOT_APPLICABLE,PRECONDITION_NOT_APPLICABLE,"Federal flood-coverage requirement triggers only for property in an SFHA; Flood determination is extracted in the payload: specialFloodHazardAreaIndicator='No', nfipFloodZoneIdentifier='X' -- the property is provably NOT in a Special Flood Hazard Area. (Replaces existing UNKNOWN row.)",Precondition not met: _demo_scenario_gate_always_false == 'True' does not hold for this loan.
O-FED-14400,Insurance,O-FDPA-50003,Critical,Are all federal flood insurance requirements met including minimum ratings?,The Notice of Special Flood Hazard Area does not contain all required disclosure language in accordance with the model clauses in Appendix A (Rev. 01-01-2016).,doc_completeness,B7-3-06 Flood Insurance Requirements for All Property Types,NOT_APPLICABLE,PRECONDITION_NOT_APPLICABLE,"SFHA-notice disclosure-language requirement triggers only for property in an SFHA; Flood determination is extracted in the payload: specialFloodHazardAreaIndicator='No', nfipFloodZoneIdentifier='X' -- the property is provably NOT in a Special Flood Hazard Area. (Replaces existing UNKNOWN row.)",Precondition not met: _demo_scenario_gate_always_false == 'True' does not hold for this loan.
O-FED-14400,Insurance,O-FDPA-51120,Critical,Are all federal flood insurance requirements met including minimum ratings?,"Where the property is located in a SFHA and a private flood insurance policy is received that a) meets the definition of private flood insurance, or b) includes the following statement within the policy or as an endorsement to the policy: “This policy meets the definition of private flood insurance contained in 42 U.S.C. 4012a(b)(7) and the corresponding regulation.”, the private flood insurance policy was not accepted. [Mandatory on or after July 1, 2019]",doc_completeness,B7-3-06 Flood Insurance Requirements for All Property Types,NOT_APPLICABLE,PRECONDITION_NOT_APPLICABLE,"Conjunctive trigger (property in SFHA AND a private flood insurance policy received); the SFHA conjunct is provably false: specialFloodHazardAreaIndicator='No', nfipFloodZoneIdentifier='X'. Corroborating, not load-bearing: no flood-insurance-policy documentType in the closed-world inventory. (Replaces existing UNKNOWN row.)",Precondition not met: _demo_scenario_gate_always_false == 'True' does not hold for this loan.
O-FED-14400,Insurance,O-FDPA-51800,Critical,Are all federal flood insurance requirements met including minimum ratings?,"Where the property is located in a SFHA and a private flood insurance policy issued by a private insurer is accepted in accordance with the discretionary acceptance requirements, the policy was not issued by an insurer permitted under the regulation and/or the policy does not provide a sufficient amount of insurance or cover both the mortgagor(s) and the mortgagee(s) as loss payees.",scripted_review,B7-3-06 Flood Insurance Requirements for All Property Types,NEEDS_REVIEW,EXTRACTION_GAP_DOC_PRESENT,"private flood policy details (insurer status, amount, loss-payee) unextracted from present insurance docs",No data present for scripted_review_checklist__where_the_property_is_located_in_a_sfha_and_a_priv__45327d40 -- cannot determine whether this condition is true or false; needs SME review.
O-FNM-15406,Insurance,O-FNM-50019,Critical,Were all Mortgage Insurance/Loan Guaranty requirements met?,The mortgage insurance is borrower paid and the amount required was not included in the cash to close or included in the monthly mortgage payment.,computation,B7-1-01 Provision of Mortgage Insurance; B7-1-02 Mortgage Insurance Coverage Requirements; B7-1-03 Lender-Purchased Mortgage Insurance,NOT_COMPILED,NOT_COMPILED_COMPUTATION_NOT_LTV_DTI,Rule requires a recomputation this project only builds for LTV/DTI today (compile-time gap),
O-FNM-15406,Insurance,O-FNM-52258,Critical,Were all Mortgage Insurance/Loan Guaranty requirements met?,The loan has lender purchased mortgage insurance and the master primary policies and related endorsements were not on approved forms.,list_screening,B7-1-01 Provision of Mortgage Insurance; B7-1-02 Mortgage Insurance Coverage Requirements; B7-1-03 Lender-Purchased Mortgage Insurance,NOT_COMPILED,NOT_COMPILED_NOT_CONVERTED_BY_DESIGN,Check type not in this build's scope (e.g. reverification / list_screening -- deliberately out of scope),
O-FNM-15406,Insurance,O-FNM-00832,Critical,Were all Mortgage Insurance/Loan Guaranty requirements met?,The amount of mortgage insurance coverage was incorrect as per transaction type.,threshold_eligibility,B7-1-01 Provision of Mortgage Insurance; B7-1-02 Mortgage Insurance Coverage Requirements; B7-1-03 Lender-Purchased Mortgage Insurance,NOT_COMPILED,NOT_COMPILED_THRESHOLD_NOT_PARSEABLE,"Rule cites a threshold but the compiler could not extract one unambiguous number+direction from the text (compile-time gap, same for every loan)",
O-FNM-15406,Insurance,O-FNM-50020,Critical,Were all Mortgage Insurance/Loan Guaranty requirements met?,The applicant was charged the incorrect mortgage insurance amount.,computation,B7-1-01 Provision of Mortgage Insurance; B7-1-02 Mortgage Insurance Coverage Requirements; B7-1-03 Lender-Purchased Mortgage Insurance,NOT_COMPILED,NOT_COMPILED_COMPUTATION_NOT_LTV_DTI,Rule requires a recomputation this project only builds for LTV/DTI today (compile-time gap),
O-FNM-15436,Insurance,CTPQuote,Critical,Were all property insurance requirements met including minimum ratings?,CTP loan and insurance quote was not found to determine qualifying HOI payment.,doc_presence,B7-3-01 General Property Insurance Requirements for All Property Types; B7-3-02 Property Insurance Requirements for One-to Four-Unit Properties; B7-3-05 Additional Insurance Requirements; B7-3-07 Evidence of Property Insurance,NOT_APPLICABLE,PRECONDITION_NOT_APPLICABLE,"Trigger requires a construction-to-permanent (CTP) loan; profile confirms no construction docs exist, provably not a construction loan",Precondition not met: _demo_scenario_gate_always_false == 'True' does not hold for this loan.
O-FNM-15436,Insurance,FAMCO-FNM-00825,Critical,Were all property insurance requirements met including minimum ratings?,The file does not contain evidence that a hazard insurance policy with coverage meeting guideline and/or credit credit policy requirements are in effect or the insurance company does not meet minimum agency rating requirements.,doc_presence,B7-3-01 General Property Insurance Requirements for All Property Types; B7-3-02 Property Insurance Requirements for One-to Four-Unit Properties; B7-3-05 Additional Insurance Requirements; B7-3-07 Evidence of Property Insurance,PASS,REAL_DATA_MATCH,Predicate satisfied.,Predicate satisfied.
O-FNM-15436,Insurance,O-FNM-50331,Critical,Were all property insurance requirements met including minimum ratings?,"The insured, mortgagee, property address, type and/or effective dates of coverage are not correct on the hazard policy.",doc_completeness,B7-3-01 General Property Insurance Requirements for All Property Types; B7-3-02 Property Insurance Requirements for One-to Four-Unit Properties; B7-3-05 Additional Insurance Requirements; B7-3-07 Evidence of Property Insurance,NOT_COMPILED,NOT_COMPILED_PRESENCE_GATE_NEEDS_CONDITIONAL_LOGIC,"The hazard policy is named, but the defect concerns accuracy of specific fields (insured, mortgagee, address, dates), a content check beyond mere presence.",
O-FNM-15436,Insurance,O-FNM-00825,Critical,Were all property insurance requirements met including minimum ratings?,"The 1–4 unit hazard insurance coverage amount is not at least equal to the lesser of 100% of the replacement cost value of the improvements or the unpaid principal balance of the loan, provided it equals no less than 80% of the replacement cost value of the improvements.",computation,B7-3-01 General Property Insurance Requirements for All Property Types; B7-3-02 Property Insurance Requirements for One-to Four-Unit Properties; B7-3-05 Additional Insurance Requirements; B7-3-07 Evidence of Property Insurance,NOT_COMPILED,NOT_COMPILED_COMPUTATION_NOT_LTV_DTI,Rule requires a recomputation this project only builds for LTV/DTI today (compile-time gap),
O-FNM-15436,Insurance,HOICoverage,Critical,Were all property insurance requirements met including minimum ratings?,The HOI Policy is not in the file,doc_presence,B7-3-01 General Property Insurance Requirements for All Property Types; B7-3-02 Property Insurance Requirements for One-to Four-Unit Properties; B7-3-05 Additional Insurance Requirements; B7-3-07 Evidence of Property Insurance,PASS,REAL_DATA_MATCH,Predicate satisfied.,Predicate satisfied.
O-FNM-15436,Insurance,HOIData,Major,Were all property insurance requirements met including minimum ratings?,The HOI information is incorrect,doc_completeness,B7-3-01 General Property Insurance Requirements for All Property Types; B7-3-02 Property Insurance Requirements for One-to Four-Unit Properties; B7-3-05 Additional Insurance Requirements; B7-3-07 Evidence of Property Insurance,NOT_COMPILED,NOT_COMPILED_PRESENCE_GATE_NEEDS_CONDITIONAL_LOGIC,"The Hazard/HOI policy is the named document, but the check requires specific data fields on it (premium, deductible, loan number), not just presence.",
O-FNM-15436,Insurance,HOIWork,Minor,Were all property insurance requirements met including minimum ratings?,The HOI worksheet was incomplete or not located in the file.,doc_completeness,B7-3-01 General Property Insurance Requirements for All Property Types; B7-3-02 Property Insurance Requirements for One-to Four-Unit Properties; B7-3-05 Additional Insurance Requirements; B7-3-07 Evidence of Property Insurance,NOT_COMPILED,NOT_COMPILED_PRESENCE_GATE_NEEDS_CONDITIONAL_LOGIC,"The HOI worksheet is an identifiable document, but the defect is missing/incomplete/incorrect (compound presence+content); not a closed-list entry.",
O-FNM-15436,Insurance,O-FNM-56251,Critical,Were all property insurance requirements met including minimum ratings?,The property insurance policy did not provide for claims to be settled on a replacement cost basis.,doc_completeness,B7-3-01 General Property Insurance Requirements for All Property Types; B7-3-02 Property Insurance Requirements for One-to Four-Unit Properties; B7-3-05 Additional Insurance Requirements; B7-3-07 Evidence of Property Insurance,NOT_COMPILED,NOT_COMPILED_PRESENCE_GATE_NEEDS_CONDITIONAL_LOGIC,"The property/hazard insurance policy is identifiable, but its presence alone doesn't clear the check — it must also include replacement-cost settlement terms.",
O-FNM-15436,Insurance,O-FNM-56252,Critical,Were all property insurance requirements met including minimum ratings?,The deductible for property insurance perils exceeds 5% of the property insurance coverage amount.,computation,B7-3-01 General Property Insurance Requirements for All Property Types; B7-3-02 Property Insurance Requirements for One-to Four-Unit Properties; B7-3-05 Additional Insurance Requirements; B7-3-07 Evidence of Property Insurance,NOT_COMPILED,NOT_COMPILED_COMPUTATION_NOT_LTV_DTI,Rule requires a recomputation this project only builds for LTV/DTI today (compile-time gap),
O-FNM-15436,Insurance,O-FNM-55828,Critical,Were all property insurance requirements met including minimum ratings?,The property insurance carrier did not meet rating requirements or rating exception requirements.,list_screening,B7-3-01 General Property Insurance Requirements for All Property Types; B7-3-02 Property Insurance Requirements for One-to Four-Unit Properties; B7-3-05 Additional Insurance Requirements; B7-3-07 Evidence of Property Insurance,NOT_COMPILED,NOT_COMPILED_NOT_CONVERTED_BY_DESIGN,Check type not in this build's scope (e.g. reverification / list_screening -- deliberately out of scope),
O-FNM-15436,Insurance,O-FNM-56257,Critical,Were all property insurance requirements met including minimum ratings?,"The loan is funding the costs of repairs, remodeling, renovations, or energy-related improvements, and there were work-related exclusions or limitations in coverage during the time that work was being performed.",doc_completeness,B7-3-01 General Property Insurance Requirements for All Property Types; B7-3-02 Property Insurance Requirements for One-to Four-Unit Properties; B7-3-05 Additional Insurance Requirements; B7-3-07 Evidence of Property Insurance,NOT_APPLICABLE,PRECONDITION_NOT_APPLICABLE,Not a loan funding repairs/renovations/energy improvements (renovation loan provably not evidenced),Precondition not met: _demo_scenario_gate_always_false == 'True' does not hold for this loan.
O-FNM-15436,Insurance,O-FNM-56250,Critical,Were all property insurance requirements met including minimum ratings?,"The property insurance policy did not include all required perils, and a stand-alone policy was not obtained to provide adequate coverage for the limited or excluded peril.",doc_completeness,B7-3-01 General Property Insurance Requirements for All Property Types; B7-3-02 Property Insurance Requirements for One-to Four-Unit Properties; B7-3-05 Additional Insurance Requirements; B7-3-07 Evidence of Property Insurance,NOT_COMPILED,NOT_COMPILED_PRESENCE_GATE_NEEDS_CONDITIONAL_LOGIC,"Concerns whether the property insurance policy covers required perils and whether a stand-alone policy was obtained, a coverage/content check beyond mere presence.",
O-FNM-15436,Insurance,O-FNM-50873,Critical,Were all property insurance requirements met including minimum ratings?,The short form certificate of property insurance provided did not show all necessary information and/or was not signed by the insurer.,doc_completeness,B7-3-01 General Property Insurance Requirements for All Property Types; B7-3-02 Property Insurance Requirements for One-to Four-Unit Properties; B7-3-05 Additional Insurance Requirements; B7-3-07 Evidence of Property Insurance,NOT_COMPILED,NOT_COMPILED_PRESENCE_GATE_NEEDS_CONDITIONAL_LOGIC,"A specific insurance-evidence document is identifiable, but presence isn't enough — it must show all information and be signed; the 'short form certificate' variant isn't confidently one closed-list entry.",
O-FNM-15436,Insurance,O-FNM-56249,Critical,Were all property insurance requirements met including minimum ratings?,"The subject 1-4 unit property insurance was not written on a ""special"" coverage form or equivalent.",threshold_eligibility,B7-3-01 General Property Insurance Requirements for All Property Types; B7-3-02 Property Insurance Requirements for One-to Four-Unit Properties; B7-3-05 Additional Insurance Requirements; B7-3-07 Evidence of Property Insurance,NOT_COMPILED,NOT_COMPILED_THRESHOLD_NOT_PARSEABLE,"Rule cites a threshold but the compiler could not extract one unambiguous number+direction from the text (compile-time gap, same for every loan)",
O-FNM-15437,Insurance,O-FNM-50866,Critical,"Were all Condo, Co-op, or PUD Projects property insurance requirements met including minimum ratings?",The project fidelity/crime insurance policy was not in place and/or had an improper amount of coverage as applicable.,doc_presence,B7-3-03 Master Property Insurance Requirements for Project Developments; B7-3-04 Individual Property Insurance Requirements for a Unit in a Project Development; B7-4-01 General Liability Insurance Requirements for Project Developments; B7-4-02 Fidelity/Crime Insurance Requirements for Project Developments,NOT_COMPILED,NOT_COMPILED_TRIGGER_GATED_NEEDS_FACT_MACHINERY,"Only applies to specific loan/property types, which are loan-level attributes, not derivable from the document inventory.",
O-FNM-15437,Insurance,O-FNM-50870,Critical,"Were all Condo, Co-op, or PUD Projects property insurance requirements met including minimum ratings?","The unit interior improvements are not included under the terms of the blanket policy; however, an HO-6 policy was not obtained with coverage sufficient to repair the condo unit to its condition prior to a loss claim event.",doc_presence,B7-3-03 Master Property Insurance Requirements for Project Developments; B7-3-04 Individual Property Insurance Requirements for a Unit in a Project Development; B7-4-01 General Liability Insurance Requirements for Project Developments; B7-4-02 Fidelity/Crime Insurance Requirements for Project Developments,NOT_COMPILED,NOT_COMPILED_PRESENCE_GATE_NEEDS_CONDITIONAL_LOGIC,"The HO-6 policy is the identifiable required document, but presence alone is insufficient — it must also carry sufficient coverage; not a closed-list entry (the property-type gating here is a structured eligibility filter, not an underwriting trigger).",
O-FNM-15437,Insurance,O-FNM-57522,Critical,"Were all Condo, Co-op, or PUD Projects property insurance requirements met including minimum ratings?",The master insurance policy was not written on a broad coverage form that includes the required language.,doc_completeness,B7-3-03 Master Property Insurance Requirements for Project Developments; B7-3-04 Individual Property Insurance Requirements for a Unit in a Project Development; B7-4-01 General Liability Insurance Requirements for Project Developments; B7-4-02 Fidelity/Crime Insurance Requirements for Project Developments,NOT_COMPILED,NOT_COMPILED_PRESENCE_GATE_NEEDS_CONDITIONAL_LOGIC,"A condo/PUD master insurance policy is the identifiable document, but the defect concerns specific policy-language requirements, not mere presence; the master policy isn't a distinct closed-list entry.",
O-FNM-15437,Insurance,O-FNM-57521,Critical,"Were all Condo, Co-op, or PUD Projects property insurance requirements met including minimum ratings?",The master insurance policy does not provide for claims to be settled on a replacement cost basis.,doc_completeness,B7-3-03 Master Property Insurance Requirements for Project Developments; B7-3-04 Individual Property Insurance Requirements for a Unit in a Project Development; B7-4-01 General Liability Insurance Requirements for Project Developments; B7-4-02 Fidelity/Crime Insurance Requirements for Project Developments,NOT_COMPILED,NOT_COMPILED_TRIGGER_GATED_NEEDS_FACT_MACHINERY,Property/loan type is not derivable from doc inventory; the 'master insurance policy' for a project is distinct from an individual Hazard Insurance policy and has no confident closed-list match.,
O-FNM-15437,Insurance,O-FNM-57791,Critical,"Were all Condo, Co-op, or PUD Projects property insurance requirements met including minimum ratings?","The master insurance policy deductible exceeds the 5% maximum due to a per unit deductible for named perils specific to a geographic area, without an HO-6 policy.",computation,B7-3-03 Master Property Insurance Requirements for Project Developments; B7-3-04 Individual Property Insurance Requirements for a Unit in a Project Development; B7-4-01 General Liability Insurance Requirements for Project Developments; B7-4-02 Fidelity/Crime Insurance Requirements for Project Developments,NOT_COMPILED,NOT_COMPILED_COMPUTATION_NOT_LTV_DTI,Rule requires a recomputation this project only builds for LTV/DTI today (compile-time gap),
O-FNM-15437,Insurance,O-FNM-50868,Critical,"Were all Condo, Co-op, or PUD Projects property insurance requirements met including minimum ratings?","The master insurance policy coverage limit is not at least equal to 100% of the replacement cost value of the project's improvements, including common elements and residential structures.",computation,B7-3-03 Master Property Insurance Requirements for Project Developments; B7-3-04 Individual Property Insurance Requirements for a Unit in a Project Development; B7-4-01 General Liability Insurance Requirements for Project Developments; B7-4-02 Fidelity/Crime Insurance Requirements for Project Developments,NOT_COMPILED,NOT_COMPILED_COMPUTATION_NOT_LTV_DTI,Rule requires a recomputation this project only builds for LTV/DTI today (compile-time gap),
O-FNM-15437,Insurance,O-FNM-56256,Critical,"Were all Condo, Co-op, or PUD Projects property insurance requirements met including minimum ratings?",Centrally heated/cooled project policy did not include boiler and machinery/equipment breakdown coverage equaling the lesser of $2 million or the replacement cost value.,computation,B7-3-03 Master Property Insurance Requirements for Project Developments; B7-3-04 Individual Property Insurance Requirements for a Unit in a Project Development; B7-4-01 General Liability Insurance Requirements for Project Developments; B7-4-02 Fidelity/Crime Insurance Requirements for Project Developments,NOT_COMPILED,NOT_COMPILED_COMPUTATION_NOT_LTV_DTI,Rule requires a recomputation this project only builds for LTV/DTI today (compile-time gap),
O-FNM-15437,Insurance,O-FNM-56255,Critical,"Were all Condo, Co-op, or PUD Projects property insurance requirements met including minimum ratings?",The master policy did not include building ordinance/law coverage or inflation guard coverage as applicable.,doc_completeness,B7-3-03 Master Property Insurance Requirements for Project Developments; B7-3-04 Individual Property Insurance Requirements for a Unit in a Project Development; B7-4-01 General Liability Insurance Requirements for Project Developments; B7-4-02 Fidelity/Crime Insurance Requirements for Project Developments,NOT_COMPILED,NOT_COMPILED_PRESENCE_GATE_NEEDS_CONDITIONAL_LOGIC,"Concerns specific coverage clauses (ordinance/law, inflation guard) on the condo/PUD master policy, a content check; the master (association) policy is not the same as the closed list's individual Hazard Insurance type.",
O-FNM-15437,Insurance,O-FNM-59134,Critical,"Were all Condo, Co-op, or PUD Projects property insurance requirements met including minimum ratings?","The subject New York purchase mortgage insurance determination was not based solely on New York state law, using the appraised value at the time of sale for a non-co-op property or the sales price for a co-op property without an adjustment reflecting excess IPC contributions.",computation,B7-3-03 Master Property Insurance Requirements for Project Developments; B7-3-04 Individual Property Insurance Requirements for a Unit in a Project Development; B7-4-01 General Liability Insurance Requirements for Project Developments; B7-4-02 Fidelity/Crime Insurance Requirements for Project Developments,NOT_APPLICABLE,PRECONDITION_NOT_APPLICABLE,'Subject New York purchase' trigger provably false: property is in Hawaii (propertyAddress.stateCode='HI').,Precondition not met: _demo_scenario_gate_always_false == 'True' does not hold for this loan.
O-FNM-15437,Insurance,O-FNM-56263,Critical,"Were all Condo, Co-op, or PUD Projects property insurance requirements met including minimum ratings?",No evidence of project general liability insurance as applicable or the required coverage amount is not met.,doc_presence,B7-3-03 Master Property Insurance Requirements for Project Developments; B7-3-04 Individual Property Insurance Requirements for a Unit in a Project Development; B7-4-01 General Liability Insurance Requirements for Project Developments; B7-4-02 Fidelity/Crime Insurance Requirements for Project Developments,NOT_COMPILED,NOT_COMPILED_TRIGGER_GATED_NEEDS_FACT_MACHINERY,"Only applies for these property/loan types, a data field not derivable from a document inventory; 'general liability insurance' also has no closed-list match (distinct from hazard insurance).",
O-FNM-15437,Insurance,ReplacementCost,Critical,"Were all Condo, Co-op, or PUD Projects property insurance requirements met including minimum ratings?",Certificate of insurance provided does not meet replacement cost coverage requirements.,computation,B7-3-03 Master Property Insurance Requirements for Project Developments; B7-3-04 Individual Property Insurance Requirements for a Unit in a Project Development; B7-4-01 General Liability Insurance Requirements for Project Developments; B7-4-02 Fidelity/Crime Insurance Requirements for Project Developments,NOT_COMPILED,NOT_COMPILED_COMPUTATION_NOT_LTV_DTI,Rule requires a recomputation this project only builds for LTV/DTI today (compile-time gap),
O-FNM-15438,Insurance,O-FRD-00565,Critical,"Were all standard flood hazard determination form (SFHDF) and, if required, federal flood insurance requirements met?",The date of determination field on the Standard Flood Hazard Determination Form is older than 120 days of the Note date and it is not a life of loan flood zone determination certificate assuring that the mortgage is monitored for compliance.,date_window,"B7-3-06 Flood Insurance Requirements for All Property Types; B7-3-08 Mortgagee Clause, Named Insured, and Notice of Cancellation Requirements",NOT_COMPILED,NOT_COMPILED_NOT_CONVERTED_BY_DESIGN,Check type not in this build's scope (e.g. reverification / list_screening -- deliberately out of scope),
O-FNM-15438,Insurance,O-FNM-00574,Critical,"Were all standard flood hazard determination form (SFHDF) and, if required, federal flood insurance requirements met?",It is determined the subject is located in the Coastal Barrier Resources System (CBRS) or in an Otherwise Protected Area (OPA) without flood insurance being obtained and/or the policy did not meet requirements.,list_screening,"B7-3-06 Flood Insurance Requirements for All Property Types; B7-3-08 Mortgagee Clause, Named Insured, and Notice of Cancellation Requirements",NOT_COMPILED,NOT_COMPILED_NOT_CONVERTED_BY_DESIGN,Check type not in this build's scope (e.g. reverification / list_screening -- deliberately out of scope),
O-FNM-15438,Insurance,O-FNM-56259,Critical,"Were all standard flood hazard determination form (SFHDF) and, if required, federal flood insurance requirements met?","The condominium requires flood insurance, and verification that the HOA maintains a Residential Condominium Building Associated Policy is not in the file or was insufficient.",doc_presence,"B7-3-06 Flood Insurance Requirements for All Property Types; B7-3-08 Mortgagee Clause, Named Insured, and Notice of Cancellation Requirements",NOT_APPLICABLE,PRECONDITION_NOT_APPLICABLE,"Defect requires a condo; property is a Detached single-family home in a PUD (PUD Rider present), not a condo.",Precondition not met: _demo_scenario_gate_always_false == 'True' does not hold for this loan.
O-FNM-15438,Insurance,O-FNM-56260,Critical,"Were all standard flood hazard determination form (SFHDF) and, if required, federal flood insurance requirements met?","The co-op requires flood insurance, and verification that the co-op corporation maintains a General Property Form policy or equivalent is not in the file or was insufficient.",doc_presence,"B7-3-06 Flood Insurance Requirements for All Property Types; B7-3-08 Mortgagee Clause, Named Insured, and Notice of Cancellation Requirements",NOT_APPLICABLE,PRECONDITION_NOT_APPLICABLE,"Trigger requires property be a co-op; profile states property is Detached SFR PUD, explicitly NOT a co-op",Precondition not met: _demo_scenario_gate_always_false == 'True' does not hold for this loan.
O-FNM-15438,Insurance,O-FNM-00533,Critical,"Were all standard flood hazard determination form (SFHDF) and, if required, federal flood insurance requirements met?",A Standard Flood Hazard Determination was not in the file to determine whether or not the structures on the security property are located in an SFHA.,doc_presence,"B7-3-06 Flood Insurance Requirements for All Property Types; B7-3-08 Mortgagee Clause, Named Insured, and Notice of Cancellation Requirements",PASS,REAL_DATA_MATCH,Predicate satisfied.,Predicate satisfied.
O-FNM-15438,Insurance,O-FNM-00533,Critical,"Were all standard flood hazard determination form (SFHDF) and, if required, federal flood insurance requirements met?",A Standard Flood Hazard Determination was not in the file to determine whether or not the structures on the security property are located in an SFHA.,doc_presence,"B7-3-06 Flood Insurance Requirements for All Property Types; B7-3-08 Mortgagee Clause, Named Insured, and Notice of Cancellation Requirements",PASS,REAL_DATA_MATCH,Predicate satisfied.,Predicate satisfied.
O-FNM-15438,Insurance,O-FNM-00826,Critical,"Were all standard flood hazard determination form (SFHDF) and, if required, federal flood insurance requirements met?","It is determined the subject is located in a Special Flood Hazard Area (SFHA), evidence flood insurance was obtained is not in the file and/or the minimum coverage requirements were not met.",doc_presence,"B7-3-06 Flood Insurance Requirements for All Property Types; B7-3-08 Mortgagee Clause, Named Insured, and Notice of Cancellation Requirements",NOT_APPLICABLE,PRECONDITION_NOT_APPLICABLE,"Trigger clause is literally 'it is determined the subject is located in a SFHA'; Flood determination is extracted in the payload: specialFloodHazardAreaIndicator='No', nfipFloodZoneIdentifier='X' -- the property is provably NOT in a Special Flood Hazard Area. (Replaces existing UNKNOWN row.)",Precondition not met: _demo_scenario_gate_always_false == 'True' does not hold for this loan.
O-FNM-15438,Insurance,O-BP-54670,Major,"Were all standard flood hazard determination form (SFHDF) and, if required, federal flood insurance requirements met?",The flood insurance coverage calculator was not used to determine the minimum flood insurance coverage required by Fannie Mae.,computation,"B7-3-06 Flood Insurance Requirements for All Property Types; B7-3-08 Mortgagee Clause, Named Insured, and Notice of Cancellation Requirements",NOT_APPLICABLE,PRECONDITION_NOT_APPLICABLE,"Minimum-flood-insurance-coverage calculator triggers only when flood insurance is required (SFHA); Flood determination is extracted in the payload: specialFloodHazardAreaIndicator='No', nfipFloodZoneIdentifier='X' -- the property is provably NOT in a Special Flood Hazard Area.",Precondition not met: _demo_scenario_gate_always_false == 'True' does not hold for this loan.
O-FNM-15438,Insurance,O-FNM-56261,Critical,"Were all standard flood hazard determination form (SFHDF) and, if required, federal flood insurance requirements met?",The flood insurance deductible requirements as per property type were not met.,threshold_eligibility,"B7-3-06 Flood Insurance Requirements for All Property Types; B7-3-08 Mortgagee Clause, Named Insured, and Notice of Cancellation Requirements",NOT_APPLICABLE,PRECONDITION_NOT_APPLICABLE,"Federal flood-insurance requirements (including deductibles) trigger only for a property in a Special Flood Hazard Area; the extracted flood determination is specialFloodHazardAreaIndicator='No', nfipFloodZoneIdentifier='X' -- provably not in an SFHA. Note: the FEMA disaster declaration DR-4909-HI in the payload is a disaster record, not an SFHA determination, and does not affect this trigger.",Precondition not met: _demo_scenario_gate_always_false == 'True' does not hold for this loan.
O-FNM-15438,Insurance,O-FNM-56262,Critical,"Were all standard flood hazard determination form (SFHDF) and, if required, federal flood insurance requirements met?","The flood insurance policy mortgagee clause, name of the insured, or notice of cancellation were not present or were incorrect.",doc_completeness,"B7-3-06 Flood Insurance Requirements for All Property Types; B7-3-08 Mortgagee Clause, Named Insured, and Notice of Cancellation Requirements",NOT_APPLICABLE,PRECONDITION_NOT_APPLICABLE,"Trigger is the 'if required' federal flood insurance policy-content check; flood insurance is not required: specialFloodHazardAreaIndicator='No', nfipFloodZoneIdentifier='X' (not in an SFHA). Corroborating: no flood-insurance-policy documentType in the closed-world inventory and annualFloodInsuranceAmount=null. The SFHDF-presence half of the parent question is satisfied by the present 'Standard Flood Hazard Determination' doc -- context only, not the NA ground. (Replaces existing UNKNOWN row.)",Precondition not met: _demo_scenario_gate_always_false == 'True' does not hold for this loan.
O-FNM-15438,Insurance,O-FNM-56258,Critical,"Were all standard flood hazard determination form (SFHDF) and, if required, federal flood insurance requirements met?","The residence or detached structure is in an SFHA, and the community does not participate in the National Flood Insurance Program.",list_screening,"B7-3-06 Flood Insurance Requirements for All Property Types; B7-3-08 Mortgagee Clause, Named Insured, and Notice of Cancellation Requirements",NOT_COMPILED,NOT_COMPILED_NOT_CONVERTED_BY_DESIGN,Check type not in this build's scope (e.g. reverification / list_screening -- deliberately out of scope),
O-FNM-15438,Insurance,O-FNM-55380,Critical,"Were all standard flood hazard determination form (SFHDF) and, if required, federal flood insurance requirements met?",The private flood insurance policy terms and conditions obtained was not equivalent to the standard NFIP policy and/or the insurer did not meet ratings requirements.,doc_completeness,"B7-3-06 Flood Insurance Requirements for All Property Types; B7-3-08 Mortgagee Clause, Named Insured, and Notice of Cancellation Requirements",NOT_APPLICABLE,PRECONDITION_NOT_APPLICABLE,"No private flood insurance policy evidenced; only Flood Hazard Determination forms are in the closed inventory, no distinct flood insurance policy.",Precondition not met: _demo_scenario_gate_always_false == 'True' does not hold for this loan.
O-FNM-15439,Insurance,O-FNM-54105,Major,Were all loss payee/mortgagee clause requirements met?,MERS was named as the loss payee on the property insurance policy.,doc_completeness,"B7-3-08 Mortgagee Clause, Named Insured, and Notice of Cancellation Requirements",NOT_COMPILED,NOT_COMPILED_PRESENCE_GATE_NEEDS_CONDITIONAL_LOGIC,"The policy is assumed present; the defect is that its loss-payee data is wrong, a content-accuracy issue rather than presence.",
O-FNM-15439,Insurance,O-FNM-54104,Critical,Were all loss payee/mortgagee clause requirements met?,"The hazard/flood mortgagee clause did not include the lender/servicer's name including “its successors and assigns,” as applicable.",doc_completeness,"B7-3-08 Mortgagee Clause, Named Insured, and Notice of Cancellation Requirements",NOT_COMPILED,NOT_COMPILED_PRESENCE_GATE_NEEDS_CONDITIONAL_LOGIC,"The hazard/flood insurance document is identifiable, but presence alone doesn't clear the check — the mortgagee clause content must be correct.",
Contract,Loan Documents,ContractAuthSigner,Critical,Were all sales contract requirements met?,Unable to locate proof those who signed the contract on a companies behalf is an authorized signer.,doc_presence,"D1-3-02 Lender Post-Closing Quality Control Review of Approval Conditions, Underwriting Decisions, Data, and Documentation; B4-1.3-02 Subject and Contract Sections of the Appraisal Report",NOT_COMPILED,NOT_COMPILED_PRESENCE_GATE_NEEDS_CONDITIONAL_LOGIC,The sales/purchase contract is present but proof the signer was an authorized individual is also required — presence of the contract alone doesn't clear the check.,
Contract,Loan Documents,Sales Contract-2,Critical,Were all sales contract requirements met?,All Massachusetts (MA) Title 5 Septic requirements have not been met,scripted_review,"D1-3-02 Lender Post-Closing Quality Control Review of Approval Conditions, Underwriting Decisions, Data, and Documentation; B4-1.3-02 Subject and Contract Sections of the Appraisal Report",NOT_APPLICABLE,PRECONDITION_NOT_APPLICABLE,"Option is explicitly Massachusetts-scoped (""All Massachusetts (MA) Title 5 Septic requirements""); the subject property under this sales contract is Hawaii (collateralDetail.collateral[0].propertyDetail.propertyAddress.stateCode=""HI""), so MA Title 5 (310 CMR 15.000, triggered by transfer of MA realty) cannot apply. The borrower's Massachusetts REO (assetDetail.assets[0].ownedProperty...stateCode=""MA"") was considered and excluded: its ownedPropertyDispositionStatusType=""RetainForRental"" -- it is not being transferred under this contract. NA scoped to this option only; the card's four sibling options are not state-conditioned and remain live.",Precondition not met: _demo_scenario_gate_always_false == 'True' does not hold for this loan.
Contract,Loan Documents,Title Party,Major,Were all sales contract requirements met?,All parties taking title to the property are not listed on the fully executed contract,cross_doc_consistency,"D1-3-02 Lender Post-Closing Quality Control Review of Approval Conditions, Underwriting Decisions, Data, and Documentation; B4-1.3-02 Subject and Contract Sections of the Appraisal Report",NOT_COMPILED,NOT_COMPILED_CROSS_DOC_NO_CURATED_COMPARISON,Rule requires comparing two documents to each other; no curated comparison logic exists yet (compile-time gap),
Contract,Loan Documents,Sales Contract-1,Critical,Were all sales contract requirements met?,"The sales contract indicates subject to completion or repairs, including safety, soundness or structual conditions inspections or environmental hazards including evidence if wood-boring insects, dampness, or settlement that has not been addressed by the appraiser?",cross_doc_consistency,"D1-3-02 Lender Post-Closing Quality Control Review of Approval Conditions, Underwriting Decisions, Data, and Documentation; B4-1.3-02 Subject and Contract Sections of the Appraisal Report",NOT_COMPILED,NOT_COMPILED_CROSS_DOC_NO_CURATED_COMPARISON,Rule requires comparing two documents to each other; no curated comparison logic exists yet (compile-time gap),
Contract,Loan Documents,SELLER NAME/CONTRACT,Major,Were all sales contract requirements met?,"Name of seller on sales contract does not match appraisal, HUD 1 and/or title commitment",cross_doc_consistency,"D1-3-02 Lender Post-Closing Quality Control Review of Approval Conditions, Underwriting Decisions, Data, and Documentation; B4-1.3-02 Subject and Contract Sections of the Appraisal Report",NOT_COMPILED,NOT_COMPILED_CROSS_DOC_NO_CURATED_COMPARISON,Rule requires comparing two documents to each other; no curated comparison logic exists yet (compile-time gap),
ESIGN,Loan Documents,ESIGN,Major,Where an electronic signature was utilized prior to closing was the proper documentation obtained?,Unable to locate the notice of completion confirming a valid signature,doc_presence,"A2-4.1-03 Electronic Records, Signatures, and Transactions",NOT_COMPILED,NOT_COMPILED_TRIGGER_GATED_NEEDS_FACT_MACHINERY,"Only applies if e-signature was used prior to closing, a process fact not derivable from doc inventory; 'notice of completion' isn't in the closed vocabulary.",
O-FNM-15440,Loan Documents,O-FNM-51480,Critical,Were all electronic records requirements met?,The subject is an ineligible eMortgage due to being a special purpose product that requires additional legal documents.,threshold_eligibility,"A2-4.1-03 Electronic Records, Signatures, and Transactions; B8-8-01 General Information on eMortgages",NOT_APPLICABLE,PRECONDITION_NOT_APPLICABLE,"Conjunctive trigger (eMortgage AND special-purpose product requiring additional legal documents); the special-purpose conjunct is provably false by positive facts: productName='Conventional Fixed' purchase, stateCode='HI' (not a Texas 50(a)(6)), renovationLoanIndicator=null with zero renovation docs (not HomeStyle), propertyEstateType='FeeSimple' with no CLT/shared-equity docs. One false conjunct falsifies the trigger; e-closing status itself remains UNKNOWN and is not relied on.",Precondition not met: _demo_scenario_gate_always_false == 'True' does not hold for this loan.
O-FNM-15440,Loan Documents,O-FNM-51481,Critical,Were all electronic records requirements met?,The eMortgage electronic records were not valid and enforceable.,scripted_review,"A2-4.1-03 Electronic Records, Signatures, and Transactions; B8-8-01 General Information on eMortgages",NEEDS_REVIEW,DATA_NEVER_CAPTURED,eMortgage record validity,No data present for scripted_review_checklist__the_emortgage_electronic_records_were_not_valid_an__028b6ceb -- cannot determine whether this condition is true or false; needs SME review.
O-FNM-15440,Loan Documents,O-FNM-53858,Critical,Were all electronic records requirements met?,The electronic record used was in audio or video format.,threshold_eligibility,"A2-4.1-03 Electronic Records, Signatures, and Transactions; B8-8-01 General Information on eMortgages",NOT_COMPILED,NOT_COMPILED_THRESHOLD_NOT_PARSEABLE,"Rule cites a threshold but the compiler could not extract one unambiguous number+direction from the text (compile-time gap, same for every loan)",
O-FNM-15441,Loan Documents,O-FNM-54102,Critical,Were all electronic signature requirements met?,A single electronic signature was applied to multiple electronic records simultaneously.,doc_completeness,"A2-4.1-03 Electronic Records, Signatures, and Transactions",NOT_COMPILED,NOT_COMPILED_TRIGGER_GATED_NEEDS_FACT_MACHINERY,"Only applies to e-closed loans, a closing-method system flag not derivable from doc inventory; no specific document is named.",
O-FNM-15441,Loan Documents,O-FNM-51482,Critical,Were all electronic signature requirements met?,"Documents were electronically signed without meeting all requirements of the E-SIGN Act, including those relating to disclosures, consent, signature, presentation, delivery, retention and any state law met as applicable to the transaction.",scripted_review,"A2-4.1-03 Electronic Records, Signatures, and Transactions",NEEDS_REVIEW,DATA_NEVER_CAPTURED,E-SIGN Act compound bundle,No data present for scripted_review_checklist__documents_were_electronically_signed_without_meeti__f267bf3f -- cannot determine whether this condition is true or false; needs SME review.
O-FNM-15442,Loan Documents,O-FNM-51484,Critical,Were all electronic notarization or Remote Online Notarization (RON) requirements met?,The electronic or in person notary act was not legally valid and/or was not performed in accordance with the laws and regulations of the subject's state.,scripted_review,"A2-4.1-03 Electronic Records, Signatures, and Transactions; A2-4.1-04 Notarization Standards; B7-2-04 Special Title Insurance Coverage Considerations",NEEDS_REVIEW,DATA_NEVER_CAPTURED,notary-act validity vs state law,No data present for scripted_review_checklist__the_electronic_or_in_person_notary_act_was_not_leg__8b667648 -- cannot determine whether this condition is true or false; needs SME review.
O-FNM-15442,Loan Documents,O-FNM-53860,Critical,Were all electronic notarization or Remote Online Notarization (RON) requirements met?,The remote online notary was not licensed and/or not physically located in the state where the notarial act occurred.,scripted_review,"A2-4.1-03 Electronic Records, Signatures, and Transactions; A2-4.1-04 Notarization Standards; B7-2-04 Special Title Insurance Coverage Considerations",NEEDS_REVIEW,DATA_NEVER_CAPTURED,notary licensure/physical location,No data present for scripted_review_checklist__the_remote_online_notary_was_not_licensed_and_or_n__90fd0dcf -- cannot determine whether this condition is true or false; needs SME review.
O-FNM-15442,Loan Documents,O-FNM-53861,Critical,Were all electronic notarization or Remote Online Notarization (RON) requirements met?,The subject property county recorder does not accept remotely notarized documents for recording.,list_screening,"A2-4.1-03 Electronic Records, Signatures, and Transactions; A2-4.1-04 Notarization Standards; B7-2-04 Special Title Insurance Coverage Considerations",NOT_COMPILED,NOT_COMPILED_NOT_CONVERTED_BY_DESIGN,Check type not in this build's scope (e.g. reverification / list_screening -- deliberately out of scope),
O-FNM-15442,Loan Documents,O-FNM-53862,Critical,Were all electronic notarization or Remote Online Notarization (RON) requirements met?,The remotely notarized document is a security instrument or amendment to the security instrument and the SFC 861 not assigned.,cross_doc_consistency,"A2-4.1-03 Electronic Records, Signatures, and Transactions; A2-4.1-04 Notarization Standards; B7-2-04 Special Title Insurance Coverage Considerations",NOT_COMPILED,NOT_COMPILED_CROSS_DOC_NO_CURATED_COMPARISON,Rule requires comparing two documents to each other; no curated comparison logic exists yet (compile-time gap),
O-FNM-15442,Loan Documents,O-FNM-52717,Critical,Were all electronic notarization or Remote Online Notarization (RON) requirements met?,"Remote online notarization, (RON), was used with a notary not licensed and physically located in the state where the notarial act occurred.",scripted_review,"A2-4.1-03 Electronic Records, Signatures, and Transactions; A2-4.1-04 Notarization Standards; B7-2-04 Special Title Insurance Coverage Considerations",NEEDS_REVIEW,DATA_NEVER_CAPTURED,"notary licensure (distinct code, same gap)",No data present for scripted_review_checklist__remote_online_notarization_ron_was_used_with_a_not__7e0b62ee -- cannot determine whether this condition is true or false; needs SME review.
O-FNM-15442,Loan Documents,O-FNM-52805,Critical,Were all electronic notarization or Remote Online Notarization (RON) requirements met?,Evidence that a copy of the RON recording of the notarial ceremony will be maintained for the greater of 10 years or the minimum period required by applicable law not in the file.,doc_presence,"A2-4.1-03 Electronic Records, Signatures, and Transactions; A2-4.1-04 Notarization Standards; B7-2-04 Special Title Insurance Coverage Considerations",NOT_COMPILED,NOT_COMPILED_TRIGGER_GATED_NEEDS_FACT_MACHINERY,"Only applies when RON was used for closing, a closing-method fact not derivable from the document inventory.",
O-FNM-15442,Loan Documents,O-FNM-52719,Critical,Were all electronic notarization or Remote Online Notarization (RON) requirements met?,"The file indicates that the borrower was required to use remote online notarization, RON, and other notary options were not provided.",scripted_review,"A2-4.1-03 Electronic Records, Signatures, and Transactions; A2-4.1-04 Notarization Standards; B7-2-04 Special Title Insurance Coverage Considerations",NEEDS_REVIEW,DATA_NEVER_CAPTURED,forced-RON narrative evidence; no communication log,No data present for scripted_review_checklist__the_file_indicates_that_the_borrower_was_required__5c6dca67 -- cannot determine whether this condition is true or false; needs SME review.
O-FNM-15442,Loan Documents,O-FNM-52718,Critical,Were all electronic notarization or Remote Online Notarization (RON) requirements met?,"The remote online notarization, (RON) system used did not meet minimum standards.",scripted_review,"A2-4.1-03 Electronic Records, Signatures, and Transactions; A2-4.1-04 Notarization Standards; B7-2-04 Special Title Insurance Coverage Considerations",NEEDS_REVIEW,DATA_NEVER_CAPTURED,RON platform minimum-standards; no vendor/platform field,No data present for scripted_review_checklist__the_remote_online_notarization_ron_system_used_did__18b9eac9 -- cannot determine whether this condition is true or false; needs SME review.
O-FNM-15442,Loan Documents,O-FNM-52806,Critical,Were all electronic notarization or Remote Online Notarization (RON) requirements met?,The title contained exceptions for the remotely notarized loan (RON).,doc_completeness,"A2-4.1-03 Electronic Records, Signatures, and Transactions; A2-4.1-04 Notarization Standards; B7-2-04 Special Title Insurance Coverage Considerations",NOT_COMPILED,NOT_COMPILED_TRIGGER_GATED_NEEDS_FACT_MACHINERY,"Only applies to RON loans; whether the referenced title document is a Commitment or a Policy is ambiguous, so left unmapped.",
O-FNM-15442,Loan Documents,O-FNM-51483,Critical,Were all electronic notarization or Remote Online Notarization (RON) requirements met?,The subject Texas Section 50(a)(6) was electronically notarized.,threshold_eligibility,"A2-4.1-03 Electronic Records, Signatures, and Transactions; A2-4.1-04 Notarization Standards; B7-2-04 Special Title Insurance Coverage Considerations",NOT_APPLICABLE,PRECONDITION_NOT_APPLICABLE,"Trigger requires a Texas Equity Section 50(a)(6) loan, which exists only as a lien on a Texas homestead; subject property stateCode='HI' (Keaau, Hawaii County). Additionally the loan is a PURCHASE, and a 50(a)(6) is an equity/cash-out lien.",Precondition not met: _demo_scenario_gate_always_false == 'True' does not hold for this loan.
O-FNM-15442,Loan Documents,O-FNM-53859,Critical,Were all electronic notarization or Remote Online Notarization (RON) requirements met?,Electronic notary act not in compliance with the Uniform Electronic Transactions Act and Electronic Signatures in Global and National Commerce Act.,scripted_review,"A2-4.1-03 Electronic Records, Signatures, and Transactions; A2-4.1-04 Notarization Standards; B7-2-04 Special Title Insurance Coverage Considerations",NEEDS_REVIEW,DATA_NEVER_CAPTURED,UETA/E-SIGN compliance,No data present for scripted_review_checklist__electronic_notary_act_not_in_compliance_with_the_u__834acf6d -- cannot determine whether this condition is true or false; needs SME review.
O-FNM-15443,Loan Documents,O-FNM-54551,Critical,Were all remote ink-signed notarization (RIN) requirements met?,Remote ink-signed notarization (RIN) was utilized and the RIN process is not expressly authorized under applicable law.,list_screening,A2-4.1-04 Notarization Standards; B7-2-04 Special Title Insurance Coverage Considerations,NOT_COMPILED,NOT_COMPILED_NOT_CONVERTED_BY_DESIGN,Check type not in this build's scope (e.g. reverification / list_screening -- deliberately out of scope),
O-FNM-15443,Loan Documents,O-FNM-54557,Critical,Were all remote ink-signed notarization (RIN) requirements met?,The documents notarized using a RIN process are not recordable by the county recorder in the state in which the subject property is located.,list_screening,A2-4.1-04 Notarization Standards; B7-2-04 Special Title Insurance Coverage Considerations,NOT_COMPILED,NOT_COMPILED_NOT_CONVERTED_BY_DESIGN,Check type not in this build's scope (e.g. reverification / list_screening -- deliberately out of scope),
O-FNM-15443,Loan Documents,O-FNM-54558,Critical,Were all remote ink-signed notarization (RIN) requirements met?,"The loan utilizing a RIN process did not meet all representations and warranties ensuring the loan is valid, effective and an enforceable first lien.",scripted_review,A2-4.1-04 Notarization Standards; B7-2-04 Special Title Insurance Coverage Considerations,NEEDS_REVIEW,DATA_NEVER_CAPTURED,RIN reps-and-warrants bundle,No data present for scripted_review_checklist__the_loan_utilizing_a_rin_process_did_not_meet_all__b24e8993 -- cannot determine whether this condition is true or false; needs SME review.
O-FNM-15443,Loan Documents,O-FNM-54561,Critical,Were all remote ink-signed notarization (RIN) requirements met?,The entire remote ink-signed notarization (RIN) audiovisual notarial ceremony was not recorded.,doc_presence,A2-4.1-04 Notarization Standards; B7-2-04 Special Title Insurance Coverage Considerations,NOT_APPLICABLE,PRECONDITION_NOT_APPLICABLE,No remote ink-signed notarization (RIN) is evidenced anywhere in the closed doc inventory or profile facts.,Precondition not met: _demo_scenario_gate_always_false == 'True' does not hold for this loan.
O-FNM-15443,Loan Documents,O-FNM-54553,Critical,Were all remote ink-signed notarization (RIN) requirements met?,The borrower or person whose signature is being notarized and/or the notary is not physically located in the state where the notarial act was performed as required for a loan utilizing remote ink-signed notarization (RIN).,scripted_review,A2-4.1-04 Notarization Standards; B7-2-04 Special Title Insurance Coverage Considerations,NEEDS_REVIEW,DATA_NEVER_CAPTURED,RIN signer/notary physical location,No data present for scripted_review_checklist__the_borrower_or_person_whose_signature_is_being_no__2c08da14 -- cannot determine whether this condition is true or false; needs SME review.
O-FNM-15443,Loan Documents,O-FNM-54555,Critical,Were all remote ink-signed notarization (RIN) requirements met?,The loan was not delivered with special feature code (SFC) 920 as required when closed using remote ink-signed notarization (RIN).,cross_doc_consistency,A2-4.1-04 Notarization Standards; B7-2-04 Special Title Insurance Coverage Considerations,NOT_COMPILED,NOT_COMPILED_CROSS_DOC_NO_CURATED_COMPARISON,Rule requires comparing two documents to each other; no curated comparison logic exists yet (compile-time gap),
O-FNM-15443,Loan Documents,O-FNM-54552,Critical,Were all remote ink-signed notarization (RIN) requirements met?,"The RIN process was not performed in accordance with and was not legally valid under the laws and regulations of the state in which the notarization was performed, at the time it was performed.",scripted_review,A2-4.1-04 Notarization Standards; B7-2-04 Special Title Insurance Coverage Considerations,NEEDS_REVIEW,DATA_NEVER_CAPTURED,RIN state-law validity at time performed,No data present for scripted_review_checklist__the_rin_process_was_not_performed_in_accordance_wi__1baba58a -- cannot determine whether this condition is true or false; needs SME review.
O-FNM-15443,Loan Documents,O-FNM-54554,Critical,Were all remote ink-signed notarization (RIN) requirements met?,The RIN process and/or any audio-visual communication technology utilized did not meet minimum standards.,scripted_review,A2-4.1-04 Notarization Standards; B7-2-04 Special Title Insurance Coverage Considerations,NEEDS_REVIEW,DATA_NEVER_CAPTURED,RIN process/AV-tech minimum standards,No data present for scripted_review_checklist__the_rin_process_and_or_any_audio_visual_communicat__14fa588a -- cannot determine whether this condition is true or false; needs SME review.
O-FNM-15443,Loan Documents,O-FNM-54559,Critical,Were all remote ink-signed notarization (RIN) requirements met?,The final title insurance policy contains exceptions regarding documents notarized using a RIN process.,doc_completeness,A2-4.1-04 Notarization Standards; B7-2-04 Special Title Insurance Coverage Considerations,NOT_COMPILED,NOT_COMPILED_PRESENCE_GATE_NEEDS_CONDITIONAL_LOGIC,"The defect is entirely about content within the final title policy (RIN-related exceptions); self-contained in one identifiable, closed-vocabulary document.",
O-FNM-15443,Loan Documents,O-FNM-54560,Critical,Were all remote ink-signed notarization (RIN) requirements met?,The remote ink-signed notarization (RIN) process did not include at least two-factor identity authentications.,doc_completeness,A2-4.1-04 Notarization Standards; B7-2-04 Special Title Insurance Coverage Considerations,NOT_COMPILED,NOT_COMPILED_TRIGGER_GATED_NEEDS_FACT_MACHINERY,"Only applies if RIN was used for signing, a process fact not derivable from doc inventory.",
O-FNM-15443,Loan Documents,O-FNM-54556,Critical,Were all remote ink-signed notarization (RIN) requirements met?,Remote ink-signed notarization (RIN) was utilized in a Texas Equity Section 50(a)(6) mortgage.,threshold_eligibility,A2-4.1-04 Notarization Standards; B7-2-04 Special Title Insurance Coverage Considerations,NOT_APPLICABLE,PRECONDITION_NOT_APPLICABLE,"Trigger requires a Texas Equity Section 50(a)(6) loan, which exists only as a lien on a Texas homestead; subject property stateCode='HI' (Keaau, Hawaii County). Additionally the loan is a PURCHASE, and a 50(a)(6) is an equity/cash-out lien.",Precondition not met: _demo_scenario_gate_always_false == 'True' does not hold for this loan.
O-FNM-15444,Loan Documents,O-FNM-50907,Critical,Were all contents of the application package requirements met?,The file did not contain escrow/closing or settlement instructions as applicable.,doc_presence,B1-1-01 Contents of the Application Package; B3-2-11 DU Underwriting Findings Report; B8-5-05 Requirements for Use of a Power of Attorney,NOT_COMPILED,NOT_COMPILED_TRIGGER_GATED_NEEDS_FACT_MACHINERY,"The 'as applicable' qualifier signals a scenario-dependent trigger not resolvable from doc inventory alone, and the requirement is compound across escrow/closing/settlement instruction types.",
O-FNM-15444,Loan Documents,O-FNM-50190,Critical,Were all contents of the application package requirements met?,The final DU Underwriting Analysis Report was not in the file for this DU underwritten loan.,doc_presence,B1-1-01 Contents of the Application Package; B3-2-11 DU Underwriting Findings Report; B8-5-05 Requirements for Use of a Power of Attorney,PASS,AUTOPASS_DU_NOT_ACCESSIBLE,"auto-pass: requires verification inside du_not_accessible, which this project has no connection to (demo-scoped decision, see autopass_no_system_access.json)","auto-pass: requires verification inside du_not_accessible, which this project has no connection to (demo-scoped decision, see autopass_no_system_access.json)"
O-FNM-15444,Loan Documents,O-FNM-51639,Critical,Were all contents of the application package requirements met?,Either the note or security instrument and the final 1003 was executed by a POA and the initial application was not in the file signed by the borrower and the POA does not meet circumstances for an exception.,doc_presence,B1-1-01 Contents of the Application Package; B3-2-11 DU Underwriting Findings Report; B8-5-05 Requirements for Use of a Power of Attorney,NOT_APPLICABLE,PRECONDITION_NOT_APPLICABLE,"No power-of-attorney signing evidenced anywhere - zero POA/attorney-in-fact mentions, no POA doc; profile confirms provably no POA signing.",Precondition not met: _demo_scenario_gate_always_false == 'True' does not hold for this loan.
O-FNM-15444,Loan Documents,O-FNM-00715,Major,Were all contents of the application package requirements met?,"The 1008/1077, Uniform Underwriting and Transmittal Summary, or a similar document was incomplete, incorrect or not in the file for this manually underwritten loan.",doc_completeness,B1-1-01 Contents of the Application Package; B3-2-11 DU Underwriting Findings Report; B8-5-05 Requirements for Use of a Power of Attorney,NOT_COMPILED,NOT_COMPILED_TRIGGER_GATED_NEEDS_FACT_MACHINERY,"The 1008/1077 requirement only applies to manually underwritten loans, an underwriting-method fact not derivable from document inventory; the 1008/1077 isn't in the closed document-type list.",
O-FNM-15445,Loan Documents,O-FNM-50336,Critical,Were all security instrument requirements met?,A Power of Attorney (POA) was not provided and there were documents signed by an Attorney in fact.,doc_presence,B8-2-01 Security Instruments for Conventional Mortgages; B8-2-03 Signature Requirements for Security Instruments; B8-5-05 Requirements for Use of a Power of Attorney,NOT_APPLICABLE,PRECONDITION_NOT_APPLICABLE,No POA evidenced anywhere; zero attorney-in-fact/power-of-attorney mentions -- provably no POA signing.,Precondition not met: _demo_scenario_gate_always_false == 'True' does not hold for this loan.
O-FNM-15445,Loan Documents,O-FNM-50333,Critical,Were all security instrument requirements met?,Each person who has an ownership interest in the property did not sign the Security Instrument.,cross_doc_consistency,B8-2-01 Security Instruments for Conventional Mortgages; B8-2-03 Signature Requirements for Security Instruments; B8-5-05 Requirements for Use of a Power of Attorney,NOT_COMPILED,NOT_COMPILED_CROSS_DOC_NO_CURATED_COMPARISON,Rule requires comparing two documents to each other; no curated comparison logic exists yet (compile-time gap),
O-FNM-15445,Loan Documents,O-FNM-50332,Critical,Were all security instrument requirements met?,"The Security Instrument is not in the file and/or is not correct for the applicable jurisdiction, mortgage type, lien type, property type, and transaction type for the subject loan.",doc_presence,B8-2-01 Security Instruments for Conventional Mortgages; B8-2-03 Signature Requirements for Security Instruments; B8-5-05 Requirements for Use of a Power of Attorney,NOT_COMPILED,NOT_COMPILED_PRESENCE_GATE_NEEDS_CONDITIONAL_LOGIC,"The Security Instrument is explicitly named, but the check also demands it be correct for jurisdiction/mortgage/lien/property/transaction type, so presence alone doesn't clear it.",
O-FNM-15447,Loan Documents,O-FNM-50003,Critical,Were all note and rider requirements met?,The late charge on the Note is greater than 5% for conventional loans.,threshold_eligibility,B8-3-01 Notes for Conventional Mortgages; B8-3-02 Special Note Provisions and Language Requirements; B8-3-03 Signature Requirements for Notes; B8-4-01 Riders and Addenda,NOT_COMPILED,NOT_COMPILED_THRESHOLD_NOT_PARSEABLE,"Rule cites a threshold but the compiler could not extract one unambiguous number+direction from the text (compile-time gap, same for every loan)",
O-FNM-15447,Loan Documents,O-FNM-54539,Critical,Were all note and rider requirements met?,The borrowers signature on the Note is a significant variation from the typed name below and a name affidavit was not obtained stating that he or she commonly uses the alternative signature.,doc_presence,B8-3-01 Notes for Conventional Mortgages; B8-3-02 Special Note Provisions and Language Requirements; B8-3-03 Signature Requirements for Notes; B8-4-01 Riders and Addenda,NOT_COMPILED,NOT_COMPILED_TRIGGER_GATED_NEEDS_FACT_MACHINERY,"Whether a variance exists must be read from the Note's content, not from doc inventory; when triggered, the required document (Signature Name Affidavit) is a direct closed-list match.",
O-FNM-15447,Loan Documents,O-FNM-50001,Critical,Were all note and rider requirements met?,"The Note and/or Security Instrument type is not correct for the applicable mortgage type, lien type, property type, and product type for regularly amortizing conventional mortgages that are closed on the Fannie Mae/Freddie Mac uniform security instruments.",list_screening,B8-3-01 Notes for Conventional Mortgages; B8-3-02 Special Note Provisions and Language Requirements; B8-3-03 Signature Requirements for Notes; B8-4-01 Riders and Addenda,NOT_COMPILED,NOT_COMPILED_NOT_CONVERTED_BY_DESIGN,Check type not in this build's scope (e.g. reverification / list_screening -- deliberately out of scope),
O-FNM-15447,Loan Documents,O-FNM-50334,Critical,Were all note and rider requirements met?,Not all parties required to execute the Note signed or did not sign as typed under the signature line.,doc_completeness,B8-3-01 Notes for Conventional Mortgages; B8-3-02 Special Note Provisions and Language Requirements; B8-3-03 Signature Requirements for Notes; B8-4-01 Riders and Addenda,NOT_COMPILED,NOT_COMPILED_PRESENCE_GATE_NEEDS_CONDITIONAL_LOGIC,"The Note is named, but the defect concerns whether all required parties signed and signed as typed, a signature/content check beyond mere presence.",
O-FNM-15447,Loan Documents,O-FNM-50335,Critical,Were all note and rider requirements met?,A rider to the security instrument is not in the file as required or is unsigned.,doc_presence,B8-3-01 Notes for Conventional Mortgages; B8-3-02 Special Note Provisions and Language Requirements; B8-3-03 Signature Requirements for Notes; B8-4-01 Riders and Addenda,NOT_COMPILED,NOT_COMPILED_TRIGGER_GATED_NEEDS_FACT_MACHINERY,"Whether a rider is required at all depends on loan/property type, not on document inventory; the generic 'a rider' doesn't specify which one from the closed list.",
O-FNM-15448,Loan Documents,O-FNM-54185,Critical,Were all Power of Attorney requirements met?,The attorney in fact was an ineligible agent for a power of attorney.,threshold_eligibility,B8-5-05 Requirements for Use of a Power of Attorney,NOT_APPLICABLE,PRECONDITION_NOT_APPLICABLE,"Trigger requires a Power of Attorney signing; the closed-world 62-entry documents[] contains no Power of Attorney documentType (a POA instrument must be in the closing file when used), and borrower-executed affidavits (Signature Name Affidavit, Occupancy Affidavit) evidence personal signing.",Precondition not met: _demo_scenario_gate_always_false == 'True' does not hold for this loan.
O-FNM-15448,Loan Documents,O-FNM-54184,Critical,Were all Power of Attorney requirements met?,"Required information was not present, was incorrect and/or the POA was not notarized.",doc_completeness,B8-5-05 Requirements for Use of a Power of Attorney,NOT_APPLICABLE,PRECONDITION_NOT_APPLICABLE,"No power-of-attorney doc, zero 'attorney-in-fact'/'POA' mentions - profile states provably no POA signing",Precondition not met: _demo_scenario_gate_always_false == 'True' does not hold for this loan.
O-FNM-15448,Loan Documents,O-FNM-54183,Critical,Were all Power of Attorney requirements met?,A power of attorney was utilized in an ineligible transaction type.,threshold_eligibility,B8-5-05 Requirements for Use of a Power of Attorney,NOT_APPLICABLE,PRECONDITION_NOT_APPLICABLE,"Trigger requires a Power of Attorney signing; the closed-world 62-entry documents[] contains no Power of Attorney documentType (a POA instrument must be in the closing file when used), and borrower-executed affidavits (Signature Name Affidavit, Occupancy Affidavit) evidence personal signing.",Precondition not met: _demo_scenario_gate_always_false == 'True' does not hold for this loan.
O-FNM-15448,Loan Documents,O-FNM-54182,Critical,Were all Power of Attorney requirements met?,The POA is a title insurer or policy-issuing agent of the title insurer employee and the file did not contain a closing protection letter.,doc_presence,B8-5-05 Requirements for Use of a Power of Attorney,NOT_APPLICABLE,PRECONDITION_NOT_APPLICABLE,"Profile states no POA doc, zero attorney-in-fact/POA mentions, provably no POA signing",Precondition not met: _demo_scenario_gate_always_false == 'True' does not hold for this loan.
O-FNM-15449,Loan Documents,O-FNM-00839,Critical,Were all QC closing documents review requirements met?,Review of the closing documents revealed inaccuracies or incompleteness and errors not corrected as applicable.,scripted_review,"D1-3-02 Lender Post-Closing Quality Control Review of Approval Conditions, Underwriting Decisions, Data, and Documentation",NEEDS_REVIEW,IRREDUCIBLE_JUDGMENT,gold's own 'maximal catch-all' -- entire D1-3-02 closing-doc accuracy in one option,No data present for scripted_review_checklist__review_of_the_closing_documents_revealed_inaccurac__716641d3 -- cannot determine whether this condition is true or false; needs SME review.
O-FNM-16093,Loan Documents,O-FNM-50192,Critical,Were all Sales Contract requirements met?,The final sales contract was not fully completed and/or was incorrect.,doc_completeness,"D1-3-02 Lender Post-Closing Quality Control Review of Approval Conditions, Underwriting Decisions, Data, and Documentation; B4-1.3-02 Subject and Contract Sections of the Appraisal Report",NOT_COMPILED,NOT_COMPILED_PRESENCE_GATE_NEEDS_CONDITIONAL_LOGIC,"The sales contract (Purchase Agreement) is the identifiable document, but the defect is about its completeness/correctness, not mere presence.",
O-FNM-16093,Loan Documents,O-FNM-50191,Critical,Were all Sales Contract requirements met?,A copy of the final sales contract and/or all applicable addenda was not in the file.,doc_presence,"D1-3-02 Lender Post-Closing Quality Control Review of Approval Conditions, Underwriting Decisions, Data, and Documentation; B4-1.3-02 Subject and Contract Sections of the Appraisal Report",NOT_COMPILED,NOT_COMPILED_TRIGGER_GATED_NEEDS_FACT_MACHINERY,Loan purpose (purchase) is not derivable from doc inventory; the missing document (sales contract and addenda) maps to Purchase Agreement.,
O-FNM-16093,Loan Documents,O-FNM-50347,Critical,Were all Sales Contract requirements met?,The sales contract and/or all applicable addenda was not signed by all parties.,doc_completeness,"D1-3-02 Lender Post-Closing Quality Control Review of Approval Conditions, Underwriting Decisions, Data, and Documentation; B4-1.3-02 Subject and Contract Sections of the Appraisal Report",NOT_COMPILED,NOT_COMPILED_PRESENCE_GATE_NEEDS_CONDITIONAL_LOGIC,"The sales contract (purchase agreement) is named, but the defect concerns whether all parties signed it, a signature check beyond mere presence.",
O-IRS-14660,Loan Documents,O-IRS-51858,Critical,Were all Taxpayer First Act documentation requirements met?,The file did not document the express purpose for the 4506-C process and the taxpayer's express permission for their tax information to be shared.,doc_presence,B3-3.1-02 Tax Return and Transcript Documentation Requirements,NOT_COMPILED,NOT_COMPILED_PRESENCE_GATE_NEEDS_CONDITIONAL_LOGIC,"The consent form must document two specific content elements (purpose and permission), so presence alone wouldn't clear the check.",
O-IRS-14660,Loan Documents,O-IRS-52229,Critical,Were all Taxpayer First Act documentation requirements met?,There are indications in the file that tax information obtained was used and information was shared other than the express purpose for which consent was granted.,scripted_review,B3-3.1-02 Tax Return and Transcript Documentation Requirements,NEEDS_REVIEW,IRREDUCIBLE_JUDGMENT,"tax-info-misuse is behavioral/audit-trail evidence, not file data",No data present for scripted_review_checklist__there_are_indications_in_the_file_that_tax_informa__54ff630e -- cannot determine whether this condition is true or false; needs SME review.
LendAuth,Product Specific,UWAuth,Critical,Does the underwriter have the proper lending authority for this loan amount or product and the required second level review was not completed?,The underwriter did not have the proper lending authority for the loan amount and/or product type or was not second level reviewed by an underwriter with the proper lending authority.,list_screening,,NOT_COMPILED,NOT_COMPILED_NOT_CONVERTED_BY_DESIGN,Check type not in this build's scope (e.g. reverification / list_screening -- deliberately out of scope),
O-FNM-15410,Product Specific,O-FNM-50202,Critical,"In a purchase transaction, were all eligibility requirements  met?","Not all of the requirements were met for a purchase loan with an LTV, CLTV or HCLTV that exceeds 95%",scripted_review,B2-1.3-01 Purchase Transactions; B3-4.1-04 Virtual Currency; B2-1.5-03 Legal Requirements,NOT_APPLICABLE,PRECONDITION_NOT_APPLICABLE,"Exception Description conditions solely on ""a purchase loan with an LTV, CLTV or HCLTV that exceeds 95%"" (the residual bucket for B2-1.3-01's 95.01-97% table -- no alternate trigger). All three ratios are populated and <=95: loanSummary.ltvRatio.ltv=73.8637, cltv=73.86, hcltv=73.86 (corroborated by baseLtv=74.0, freddieMaeLtv=73.86) -- every disjunct provably false. NA scoped to this option only; sibling O-FNM-00829 on the same card is affirmatively hot (cash-to-borrower anomaly) and untouched.",Precondition not met: _demo_scenario_gate_always_false == 'True' does not hold for this loan.
O-FNM-15410,Product Specific,O-FNM-00725,Critical,"In a purchase transaction, were all eligibility requirements  met?",The minimum borrower contribution requirements were not met for the selected mortgage loan type.,threshold_eligibility,B2-1.3-01 Purchase Transactions; B3-4.1-04 Virtual Currency; B2-1.5-03 Legal Requirements,NOT_COMPILED,NOT_COMPILED_THRESHOLD_NOT_PARSEABLE,"Rule cites a threshold but the compiler could not extract one unambiguous number+direction from the text (compile-time gap, same for every loan)",
O-FNM-15410,Product Specific,O-FNM-50203,Critical,"In a purchase transaction, were all eligibility requirements  met?",The subject loan was a Non-Arm's Length Transaction that did not meet all requirements.,scripted_review,B2-1.3-01 Purchase Transactions; B3-4.1-04 Virtual Currency; B2-1.5-03 Legal Requirements,NOT_APPLICABLE,PRECONDITION_NOT_APPLICABLE,"borrower.declaration.specialBorrowerSellerRelationIndicator=""N"" -- loan is confirmed not a Non-Arm's-Length Transaction, so NALT-specific requirements cannot be unmet. Card PC::O-FNM-15410 has 8 other unrelated purchase-eligibility options (LTV/CLTV, borrower contribution, tax credit, virtual currency, etc.) -- this NA is per-option only, none of those siblings are affected.",Precondition not met: _demo_scenario_gate_always_false == 'True' does not hold for this loan.
O-FNM-15410,Product Specific,O-FNM-54035,Critical,"In a purchase transaction, were all eligibility requirements  met?",A seller provided real estate tax credit where real estate taxes are paid in arrears was included in determining sufficient funds to close but did not meet the exception to offset funds needed to establish the escrow account.,scripted_review,B2-1.3-01 Purchase Transactions; B3-4.1-04 Virtual Currency; B2-1.5-03 Legal Requirements,NEEDS_REVIEW,EXTRACTION_GAP_DOC_PRESENT,sellerPaidClosingCostsAmount/prepaidItems null on present CD,No data present for scripted_review_checklist__a_seller_provided_real_estate_tax_credit_where_rea__1148fa9a -- cannot determine whether this condition is true or false; needs SME review.
O-FNM-15410,Product Specific,O-FNM-55679,Critical,"In a purchase transaction, were all eligibility requirements  met?",The purchase price of the property and/or any earnest money deposit was designated in virtual currency.,doc_completeness,B2-1.3-01 Purchase Transactions; B3-4.1-04 Virtual Currency; B2-1.5-03 Legal Requirements,NOT_COMPILED,NOT_COMPILED_TRIGGER_GATED_NEEDS_FACT_MACHINERY,"Only applies to purchase transactions, and specifically when price/earnest money is denominated in virtual currency, neither derivable from document inventory.",
O-FNM-15410,Product Specific,O-FNM-00829,Critical,"In a purchase transaction, were all eligibility requirements  met?",Proceeds received from a purchase transaction were not applied in an approved use.,scripted_review,B2-1.3-01 Purchase Transactions; B3-4.1-04 Virtual Currency; B2-1.5-03 Legal Requirements,NEEDS_REVIEW,CONFIRMED_RED_FLAG,"cashToBorrowerAtClosingAmount=$115,261.50 on a PURCHASE loan -- affirmatively anomalous; secondary vendor question on possible direction-mislabel filed",No data present for scripted_review_checklist__proceeds_received_from_a_purchase_transaction_were__a755f413 -- cannot determine whether this condition is true or false; needs SME review.
O-FNM-15410,Product Specific,O-FNM-50204,Critical,"In a purchase transaction, were all eligibility requirements  met?",An approved form or other alternative was not provided to document that all parties agreed with the final details of the transaction.,doc_presence,B2-1.3-01 Purchase Transactions; B3-4.1-04 Virtual Currency; B2-1.5-03 Legal Requirements,NOT_COMPILED,NOT_COMPILED_TRIGGER_GATED_NEEDS_FACT_MACHINERY,"Only applies to short sale/pre-foreclosure purchases, a transaction-type fact not derivable from doc inventory; no specific closed-list document is named.",
O-FNM-15410,Product Specific,O-FNM-50204,Critical,"In a purchase transaction, were all eligibility requirements  met?",An approved form or other alternative was not provided to document that all parties agreed with the final details of the transaction.,doc_presence,B2-1.3-01 Purchase Transactions; B3-4.1-04 Virtual Currency; B2-1.5-03 Legal Requirements,NOT_COMPILED,NOT_COMPILED_TRIGGER_GATED_NEEDS_FACT_MACHINERY,"Only applies to short sale/pre-foreclosure purchases, a transaction-type fact not derivable from doc inventory; no specific closed-list document is named.",
O-FNM-15410,Product Specific,UW-Documentation3,Major,"In a purchase transaction, were all eligibility requirements  met?",Sales contract indicates personal property is included in the sales price.,doc_completeness,B2-1.3-01 Purchase Transactions; B3-4.1-04 Virtual Currency; B2-1.5-03 Legal Requirements,NOT_COMPILED,NOT_COMPILED_TRIGGER_GATED_NEEDS_FACT_MACHINERY,"Only applies to purchase transactions, not inventory-determinable; the flagged document is the Purchase Agreement, but the defect is a content/eligibility issue within it, not its absence.",
O-FNM-15411,Product Specific,O-FNM-50211,Critical,"In a limited cash-out refinance transaction, were all eligibility requirements  met?","The borrower received loan proceeds exceeding 2% of the subject loan amount or $2,000, which is unacceptable in a Limited Cash-Out refinance.",computation,B2-1.3-02 Limited Cash-Out Refinance Transactions,NOT_APPLICABLE,PRECONDITION_NOT_APPLICABLE,"Limited-cash-out-refinance trigger provably false: loanTerms.loanPurposeType='PURCHASE', not any refinance.",Precondition not met: Loans.ContextFlag_loan_product_limited_cash_out_refinance == 'True' does not hold for this loan.
O-FNM-15411,Product Specific,O-FNM-50209,Critical,"In a limited cash-out refinance transaction, were all eligibility requirements  met?",The subject had an outstanding first mortgage that was not a construction perm loan.,threshold_eligibility,B2-1.3-02 Limited Cash-Out Refinance Transactions,NOT_APPLICABLE,PRECONDITION_NOT_APPLICABLE,"Trigger presupposes a refinance transaction (limited cash-out refinance); loanSummary.loanTerms.loanPurposeType='PURCHASE' (positive extracted enum, single-valued) -- not any refinance type. Corroborated: Purchase Agreement in closed-world documents[13] and purchasePriceAmount=352000 (a refinance has neither). Every branch of the trigger requires a refinance, so the disjunction rule is satisfied.",Precondition not met: Loans.ContextFlag_loan_product_limited_cash_out_refinance == 'True' does not hold for this loan.
O-FNM-15411,Product Specific,O-FNM-50208,Critical,"In a limited cash-out refinance transaction, were all eligibility requirements  met?","In a Limited Cash Out transaction, the borrower financed the payment of the subject's real estate taxes that were more than 60 days delinquent.",threshold_eligibility,B2-1.3-02 Limited Cash-Out Refinance Transactions,NOT_APPLICABLE,PRECONDITION_NOT_APPLICABLE,"Trigger presupposes a refinance transaction (limited cash-out refinance); loanSummary.loanTerms.loanPurposeType='PURCHASE' (positive extracted enum, single-valued) -- not any refinance type. Corroborated: Purchase Agreement in closed-world documents[13] and purchasePriceAmount=352000 (a refinance has neither). Every branch of the trigger requires a refinance, so the disjunction rule is satisfied.",Precondition not met: Loans.ContextFlag_loan_product_limited_cash_out_refinance == 'True' does not hold for this loan.
O-FNM-15411,Product Specific,O-FNM-50207,Critical,"In a limited cash-out refinance transaction, were all eligibility requirements  met?","The LTV, CLTV or HCLTV exceeds 95% but one or more requirements were not met under the LCO refinance guidelines.",scripted_review,B2-1.3-02 Limited Cash-Out Refinance Transactions,NOT_APPLICABLE,STRUCTURAL_APPLICABILITY,Precondition not met: Loans.ContextFlag_loan_product_limited_cash_out_refinance == 'True' does not hold for this loan.,Precondition not met: Loans.ContextFlag_loan_product_limited_cash_out_refinance == 'True' does not hold for this loan.
O-FNM-15411,Product Specific,O-FNM-50210,Critical,"In a limited cash-out refinance transaction, were all eligibility requirements  met?",There was a short-term refi that combined a first mortgage and a non-purchase money subordinated loan into a new first mortgage or had a refi within the past 6 months making the subject ineligible for a Limited Cash Out refi.,date_window,B2-1.3-02 Limited Cash-Out Refinance Transactions,NOT_APPLICABLE,PRECONDITION_NOT_APPLICABLE,"Trigger presupposes a refinance transaction (limited cash-out refinance); loanSummary.loanTerms.loanPurposeType='PURCHASE' (positive extracted enum, single-valued) -- not any refinance type. Corroborated: Purchase Agreement in closed-world documents[13] and purchasePriceAmount=352000 (a refinance has neither). Every branch of the trigger requires a refinance, so the disjunction rule is satisfied.",Precondition not met: Loans.ContextFlag_loan_product_limited_cash_out_refinance == 'True' does not hold for this loan.
O-FNM-15411,Product Specific,O-FNM-50206,Critical,"In a limited cash-out refinance transaction, were all eligibility requirements  met?",The subject property was previously listed for sale without evidence that it was taken off the market on or before the disbursement date of the new loan.,doc_presence,B2-1.3-02 Limited Cash-Out Refinance Transactions,NOT_APPLICABLE,PRECONDITION_NOT_APPLICABLE,"Limited cash-out refinance requirement; loan is a PURCHASE, not any refinance.",Precondition not met: Loans.ContextFlag_loan_product_limited_cash_out_refinance == 'True' does not hold for this loan.
O-FNM-15411,Product Specific,O-FNM-50205,Critical,"In a limited cash-out refinance transaction, were all eligibility requirements  met?",A subordinated loan was paid off and included in the subject mortgage that was not originally opened to purchase the subject property.,cross_doc_consistency,B2-1.3-02 Limited Cash-Out Refinance Transactions,NOT_APPLICABLE,PRECONDITION_NOT_APPLICABLE,"Limited-cash-out-refinance trigger provably false: loanTerms.loanPurposeType='PURCHASE', not any refinance.",Precondition not met: Loans.ContextFlag_loan_product_limited_cash_out_refinance == 'True' does not hold for this loan.
O-FNM-15411,Product Specific,O-FNM-56598,Critical,"In a limited cash-out refinance transaction, were all eligibility requirements  met?","At least one borrower on the new limited cash-out refinance was not a current owner on the title at the time of the initial loan application and does not meet exceptions: acquired through inheritance, financially obligated but not on title, paying off an installment land contract over 12 months before application.",scripted_review,B2-1.3-02 Limited Cash-Out Refinance Transactions,NOT_APPLICABLE,STRUCTURAL_APPLICABILITY,Precondition not met: Loans.ContextFlag_loan_product_limited_cash_out_refinance == 'True' does not hold for this loan.,Precondition not met: Loans.ContextFlag_loan_product_limited_cash_out_refinance == 'True' does not hold for this loan.
O-FNM-15411,Product Specific,O-FNM-56579,Critical,"In a limited cash-out refinance transaction, were all eligibility requirements  met?",The limited cash-out refinance was obtained for an unacceptable use.,scripted_review,B2-1.3-02 Limited Cash-Out Refinance Transactions,NOT_APPLICABLE,STRUCTURAL_APPLICABILITY,Precondition not met: Loans.ContextFlag_loan_product_limited_cash_out_refinance == 'True' does not hold for this loan.,Precondition not met: Loans.ContextFlag_loan_product_limited_cash_out_refinance == 'True' does not hold for this loan.
O-FNM-15411,Product Specific,O-FNM-00728,Critical,"In a limited cash-out refinance transaction, were all eligibility requirements  met?",All required documents not provided as per requirements in a limited cash-out transaction to buy out an owner's interest.,doc_presence,B2-1.3-02 Limited Cash-Out Refinance Transactions,NOT_APPLICABLE,PRECONDITION_NOT_APPLICABLE,"Loan is a PURCHASE, not any refinance -> loan_product_limited_cash_out_refinance is false",Precondition not met: Loans.ContextFlag_loan_product_limited_cash_out_refinance == 'True' does not hold for this loan.
O-FNM-15412,Product Specific,O-FNM-56146,Critical,"In a cash-out refinance transaction, were all eligibility requirements  met?",The existing first mortgage being paid off through the cash-out refinance transaction was not at least 12 months old from the note date of the existing loan to the note date of the new loan.,date_window,B2-1.3-03 Cash-Out Refinance Transactions,NOT_APPLICABLE,PRECONDITION_NOT_APPLICABLE,"Trigger presupposes a refinance transaction (cash-out refinance); loanSummary.loanTerms.loanPurposeType='PURCHASE' (positive extracted enum, single-valued) -- not any refinance type. Corroborated: Purchase Agreement in closed-world documents[13] and purchasePriceAmount=352000 (a refinance has neither). Every branch of the trigger requires a refinance, so the disjunction rule is satisfied.",Precondition not met: Loans.ContextFlag_loan_product_cash_out_refinance == 'True' does not hold for this loan.
O-FNM-15412,Product Specific,O-FNM-52249,Critical,"In a cash-out refinance transaction, were all eligibility requirements  met?","In a cash-out where the subject was listed for sale, the file did not document that it was taken off the market prior to disbursement.",doc_presence,B2-1.3-03 Cash-Out Refinance Transactions,NOT_APPLICABLE,PRECONDITION_NOT_APPLICABLE,"Cash-out refinance requirement; loan is a PURCHASE, not any refinance.",Precondition not met: Loans.ContextFlag_loan_product_cash_out_refinance == 'True' does not hold for this loan.
O-FNM-15412,Product Specific,O-FNM-52251,Critical,"In a cash-out refinance transaction, were all eligibility requirements  met?",Proceeds from the cash-out refinance were used to pay off an installment land contract.,threshold_eligibility,B2-1.3-03 Cash-Out Refinance Transactions,NOT_APPLICABLE,PRECONDITION_NOT_APPLICABLE,"Trigger presupposes a refinance transaction (cash-out refinance); loanSummary.loanTerms.loanPurposeType='PURCHASE' (positive extracted enum, single-valued) -- not any refinance type. Corroborated: Purchase Agreement in closed-world documents[13] and purchasePriceAmount=352000 (a refinance has neither). Every branch of the trigger requires a refinance, so the disjunction rule is satisfied.",Precondition not met: Loans.ContextFlag_loan_product_cash_out_refinance == 'True' does not hold for this loan.
O-FNM-15412,Product Specific,O-FNM-52250,Critical,"In a cash-out refinance transaction, were all eligibility requirements  met?",At least one borrower has not been on title to the subject property for at least 6 months prior to the disbursement date of the new loan and did not meet ownership exceptions.,scripted_review,B2-1.3-03 Cash-Out Refinance Transactions,NOT_APPLICABLE,STRUCTURAL_APPLICABILITY,Precondition not met: Loans.ContextFlag_loan_product_cash_out_refinance == 'True' does not hold for this loan.,Precondition not met: Loans.ContextFlag_loan_product_cash_out_refinance == 'True' does not hold for this loan.
O-FNM-15412,Product Specific,O-FNM-52252,Critical,"In a cash-out refinance transaction, were all eligibility requirements  met?",The subject has a student loan cash-out refinance feature without all requirements being met.,scripted_review,B2-1.3-03 Cash-Out Refinance Transactions,NOT_APPLICABLE,STRUCTURAL_APPLICABILITY,Precondition not met: Loans.ContextFlag_loan_product_cash_out_refinance == 'True' does not hold for this loan.,Precondition not met: Loans.ContextFlag_loan_product_cash_out_refinance == 'True' does not hold for this loan.
O-FNM-15412,Product Specific,O-FNM-55648,Critical,"In a cash-out refinance transaction, were all eligibility requirements  met?",The subject delayed financing cash-out refinance did not confirm mortgage financing was not used to obtain the subject and no liens exist.,cross_doc_consistency,B2-1.3-03 Cash-Out Refinance Transactions,NOT_APPLICABLE,PRECONDITION_NOT_APPLICABLE,"Delayed-financing cash-out-refinance trigger provably false: loanTerms.loanPurposeType='PURCHASE', not any refinance.",Precondition not met: Loans.ContextFlag_loan_product_cash_out_refinance == 'True' does not hold for this loan.
O-FNM-15412,Product Specific,O-FNM-55650,Critical,"In a cash-out refinance transaction, were all eligibility requirements  met?",The new loan amount exceeded the documented amount of the borrower's initial investment to purchase the subject including all costs to close in a cash-out refinance with a delayed financing exception.,computation,B2-1.3-03 Cash-Out Refinance Transactions,NOT_APPLICABLE,PRECONDITION_NOT_APPLICABLE,"Cash-out-refinance (delayed financing) trigger provably false: loanTerms.loanPurposeType='PURCHASE', not any refinance.",Precondition not met: Loans.ContextFlag_loan_product_cash_out_refinance == 'True' does not hold for this loan.
O-FNM-15412,Product Specific,O-FNM-55649,Critical,"In a cash-out refinance transaction, were all eligibility requirements  met?",The subject is a cash-out refinance with a delayed financing exception that did not document the source of funds for the purchase transaction.,doc_presence,B2-1.3-03 Cash-Out Refinance Transactions,NOT_APPLICABLE,PRECONDITION_NOT_APPLICABLE,"Gated on loan_product_cash_out_refinance; loan is PURCHASE, so all refinance/cash-out rules are provably inapplicable",Precondition not met: Loans.ContextFlag_loan_product_cash_out_refinance == 'True' does not hold for this loan.
O-FNM-15412,Product Specific,O-FNM-00729,Critical,"In a cash-out refinance transaction, were all eligibility requirements  met?","The cash-out refinance, was an ineligible transaction not obtained to pay off an existing mortgage or a new mortgage on a lien free property.",threshold_eligibility,B2-1.3-03 Cash-Out Refinance Transactions,NOT_APPLICABLE,PRECONDITION_NOT_APPLICABLE,"Trigger presupposes a refinance transaction (cash-out refinance); loanSummary.loanTerms.loanPurposeType='PURCHASE' (positive extracted enum, single-valued) -- not any refinance type. Corroborated: Purchase Agreement in closed-world documents[13] and purchasePriceAmount=352000 (a refinance has neither). Every branch of the trigger requires a refinance, so the disjunction rule is satisfied.",Precondition not met: Loans.ContextFlag_loan_product_cash_out_refinance == 'True' does not hold for this loan.
O-FNM-15413,Product Specific,O-FNM-54305,Critical,"In a RefiNow transaction, were all borrower eligibility requirements met?","In a RefiNow, the total income is not less than or equal to 100% of the applicable AMI limit for the subject property’s location.",threshold_eligibility,B5-6-01 HomeReady Mortgage Loan and Borrower Eligibility,NOT_APPLICABLE,PRECONDITION_NOT_APPLICABLE,"Trigger presupposes a refinance transaction (RefiNow); loanSummary.loanTerms.loanPurposeType='PURCHASE' (positive extracted enum, single-valued) -- not any refinance type. Corroborated: Purchase Agreement in closed-world documents[13] and purchasePriceAmount=352000 (a refinance has neither). Every branch of the trigger requires a refinance, so the disjunction rule is satisfied.",Precondition not met: Loans.ContextFlag_loan_product_refinow == 'True' does not hold for this loan.
O-FNM-15413,Product Specific,O-FNM-54306,Critical,"In a RefiNow transaction, were all borrower eligibility requirements met?","In a RefiNow, income for all of the borrowers that are on the Note was not considered  when determining income limit eligibility.",computation,B5-6-01 HomeReady Mortgage Loan and Borrower Eligibility,NOT_APPLICABLE,PRECONDITION_NOT_APPLICABLE,"RefiNow trigger provably false: loanTerms.loanPurposeType='PURCHASE', not any refinance.",Precondition not met: Loans.ContextFlag_loan_product_refinow == 'True' does not hold for this loan.
O-FNM-15414,Product Specific,O-FNM-54333,Critical,"In a RefiNow transaction, were all income documentation requirements met?","In a RefiNow using alimony, child support or separate maintenance, a copy of the divorce decree, separation agreement, court order or equivalent documentation, and one month documentation of receipt was not provided.",doc_presence,"B3-3.2-01 Standards for Employment and Income Documentation; B3-3.4-02 Alimony, Child Support, Equalization Payments, or Separate Maintenance; B3-4.2-01 Verification of Deposits and Assets; B3-3.5-01 Underwriting Factors and Documentation for a Self-Employed Borrower",NOT_APPLICABLE,PRECONDITION_NOT_APPLICABLE,"context_flag loan_product_refinow false: loan is a PURCHASE, not a refinance",Precondition not met: Loans.ContextFlag_loan_product_refinow == 'True' does not hold for this loan.
O-FNM-15414,Product Specific,O-FNM-54335,Critical,"In a RefiNow transaction, were all income documentation requirements met?","In a RefiNow where recurring alimony and child support payments are a liability, the amount of the obligation was not documented with a divorce decree, separation agreement, court order, or equivalent.",doc_presence,"B3-3.2-01 Standards for Employment and Income Documentation; B3-3.4-02 Alimony, Child Support, Equalization Payments, or Separate Maintenance; B3-4.2-01 Verification of Deposits and Assets; B3-3.5-01 Underwriting Factors and Documentation for a Self-Employed Borrower",NOT_APPLICABLE,PRECONDITION_NOT_APPLICABLE,Not a RefiNow transaction; profile states no RefiNow/HomeReady mentions and purchase rules out RefiNow.,Precondition not met: Loans.ContextFlag_loan_product_refinow == 'True' does not hold for this loan.
O-FNM-15414,Product Specific,O-FNM-54334,Critical,"In a RefiNow transaction, were all income documentation requirements met?",The RefiNow file did not contain 1 recent statement showing asset balance verifying funds to close.,doc_presence,"B3-3.2-01 Standards for Employment and Income Documentation; B3-3.4-02 Alimony, Child Support, Equalization Payments, or Separate Maintenance; B3-4.2-01 Verification of Deposits and Assets; B3-3.5-01 Underwriting Factors and Documentation for a Self-Employed Borrower",NOT_APPLICABLE,PRECONDITION_NOT_APPLICABLE,"context_flag loan_product_refinow false: loan is a PURCHASE, not a refinance",Precondition not met: Loans.ContextFlag_loan_product_refinow == 'True' does not hold for this loan.
O-FNM-15414,Product Specific,O-FNM-54329,Critical,"In a RefiNow transaction, were all income documentation requirements met?","In a RefiNow using base pay only, the borrower’s year-to-date paystub was not provided or was dated over 30 days prior to the loan application date.",date_window,"B3-3.2-01 Standards for Employment and Income Documentation; B3-3.4-02 Alimony, Child Support, Equalization Payments, or Separate Maintenance; B3-4.2-01 Verification of Deposits and Assets; B3-3.5-01 Underwriting Factors and Documentation for a Self-Employed Borrower",NOT_APPLICABLE,PRECONDITION_NOT_APPLICABLE,"Trigger presupposes a refinance transaction (RefiNow); loanSummary.loanTerms.loanPurposeType='PURCHASE' (positive extracted enum, single-valued) -- not any refinance type. Corroborated: Purchase Agreement in closed-world documents[13] and purchasePriceAmount=352000 (a refinance has neither). Every branch of the trigger requires a refinance, so the disjunction rule is satisfied.",Precondition not met: Loans.ContextFlag_loan_product_refinow == 'True' does not hold for this loan.
O-FNM-15414,Product Specific,O-FNM-54330,Critical,"In a RefiNow transaction, were all income documentation requirements met?","In a RefiNow using base pay plus tips, bonus, overtime or commission income, the most recent paystub and W2 covering the most recent one-year period was not provided.",doc_presence,"B3-3.2-01 Standards for Employment and Income Documentation; B3-3.4-02 Alimony, Child Support, Equalization Payments, or Separate Maintenance; B3-4.2-01 Verification of Deposits and Assets; B3-3.5-01 Underwriting Factors and Documentation for a Self-Employed Borrower",NOT_APPLICABLE,PRECONDITION_NOT_APPLICABLE,"Not a RefiNow transaction; purchase loan rules out RefiNow, and no RefiNow mentions exist.",Precondition not met: Loans.ContextFlag_loan_product_refinow == 'True' does not hold for this loan.
O-FNM-15414,Product Specific,O-FNM-54331,Critical,"In a RefiNow transaction, were all income documentation requirements met?","In a RefiNow using military income, the military leave and earnings statement not provided.",doc_presence,"B3-3.2-01 Standards for Employment and Income Documentation; B3-3.4-02 Alimony, Child Support, Equalization Payments, or Separate Maintenance; B3-4.2-01 Verification of Deposits and Assets; B3-3.5-01 Underwriting Factors and Documentation for a Self-Employed Borrower",NOT_APPLICABLE,PRECONDITION_NOT_APPLICABLE,"context_flag loan_product_refinow false: loan is a PURCHASE, not a refinance",Precondition not met: Loans.ContextFlag_loan_product_refinow == 'True' does not hold for this loan.
O-FNM-15414,Product Specific,O-FNM-54332,Critical,"In a RefiNow transaction, were all income documentation requirements met?","In a RefiNow using self-employment, a one year personal and business tax returns not provided and the terms to waive business tax returns were not met.",doc_presence,"B3-3.2-01 Standards for Employment and Income Documentation; B3-3.4-02 Alimony, Child Support, Equalization Payments, or Separate Maintenance; B3-4.2-01 Verification of Deposits and Assets; B3-3.5-01 Underwriting Factors and Documentation for a Self-Employed Borrower",NOT_APPLICABLE,PRECONDITION_NOT_APPLICABLE,"RefiNow is a refinance program; loan is PURCHASE, provably ruling out any refinance/RefiNow scenario",Precondition not met: Loans.ContextFlag_loan_product_refinow == 'True' does not hold for this loan.
O-FNM-15415,Product Specific,O-FNM-54323,Critical,"In a RefiNow transaction, were all occupancy and property type documentation requirements met?","In a RefiNow loan, the project is a condo or co-op hotel, houseboat, timeshare or segmented ownership project.",threshold_eligibility,B5-7-01 High LTV Refinance Loan and Borrower Eligibility; B2-1.1-01 Occupancy Types,NOT_APPLICABLE,PRECONDITION_NOT_APPLICABLE,"Trigger presupposes a refinance transaction (RefiNow); loanSummary.loanTerms.loanPurposeType='PURCHASE' (positive extracted enum, single-valued) -- not any refinance type. Corroborated: Purchase Agreement in closed-world documents[13] and purchasePriceAmount=352000 (a refinance has neither). Every branch of the trigger requires a refinance, so the disjunction rule is satisfied.",Precondition not met: Loans.ContextFlag_loan_product_refinow == 'True' does not hold for this loan.
O-FNM-15415,Product Specific,O-FNM-54322,Critical,"In a RefiNow transaction, were all occupancy and property type documentation requirements met?",The RefiNow loan is not secured by a one-unit principal residence.,threshold_eligibility,B5-7-01 High LTV Refinance Loan and Borrower Eligibility; B2-1.1-01 Occupancy Types,NOT_APPLICABLE,PRECONDITION_NOT_APPLICABLE,"Trigger presupposes a refinance transaction (RefiNow); loanSummary.loanTerms.loanPurposeType='PURCHASE' (positive extracted enum, single-valued) -- not any refinance type. Corroborated: Purchase Agreement in closed-world documents[13] and purchasePriceAmount=352000 (a refinance has neither). Every branch of the trigger requires a refinance, so the disjunction rule is satisfied.",Precondition not met: Loans.ContextFlag_loan_product_refinow == 'True' does not hold for this loan.
O-FNM-15416,Product Specific,O-FNM-54307,Critical,"In a RefiNow transaction, were all existing loan eligibility documentation requirements met?",The loan refinanced into a RefiNow was not a conventional mortgage loan owned or securitized by Fannie Mae.,threshold_eligibility,B5-7-01 High LTV Refinance Loan and Borrower Eligibility,NOT_APPLICABLE,PRECONDITION_NOT_APPLICABLE,"Trigger presupposes a refinance transaction (RefiNow); loanSummary.loanTerms.loanPurposeType='PURCHASE' (positive extracted enum, single-valued) -- not any refinance type. Corroborated: Purchase Agreement in closed-world documents[13] and purchasePriceAmount=352000 (a refinance has neither). Every branch of the trigger requires a refinance, so the disjunction rule is satisfied.",Precondition not met: Loans.ContextFlag_loan_product_refinow == 'True' does not hold for this loan.
O-FNM-15416,Product Specific,O-FNM-54310,Critical,"In a RefiNow transaction, were all existing loan eligibility documentation requirements met?","The loan refinanced into a RefiNow is an existing high LTV refinance, DU Refi Plus loan, or Refi Plus loan.",threshold_eligibility,B5-7-01 High LTV Refinance Loan and Borrower Eligibility,NOT_APPLICABLE,PRECONDITION_NOT_APPLICABLE,"Trigger presupposes a refinance transaction (RefiNow); loanSummary.loanTerms.loanPurposeType='PURCHASE' (positive extracted enum, single-valued) -- not any refinance type. Corroborated: Purchase Agreement in closed-world documents[13] and purchasePriceAmount=352000 (a refinance has neither). Every branch of the trigger requires a refinance, so the disjunction rule is satisfied.",Precondition not met: Loans.ContextFlag_loan_product_refinow == 'True' does not hold for this loan.
O-FNM-15416,Product Specific,O-FNM-54308,Critical,"In a RefiNow transaction, were all existing loan eligibility documentation requirements met?",The loan refinanced into a RefiNow was not seasoned for at least 12 months.,date_window,B5-7-01 High LTV Refinance Loan and Borrower Eligibility,NOT_APPLICABLE,PRECONDITION_NOT_APPLICABLE,"Trigger presupposes a refinance transaction (RefiNow); loanSummary.loanTerms.loanPurposeType='PURCHASE' (positive extracted enum, single-valued) -- not any refinance type. Corroborated: Purchase Agreement in closed-world documents[13] and purchasePriceAmount=352000 (a refinance has neither). Every branch of the trigger requires a refinance, so the disjunction rule is satisfied.",Precondition not met: Loans.ContextFlag_loan_product_refinow == 'True' does not hold for this loan.
O-FNM-15416,Product Specific,O-FNM-54309,Critical,"In a RefiNow transaction, were all existing loan eligibility documentation requirements met?","The loan refinanced into a RefiNow was subject to recourse, repurchase, indemnification, or credit enhancement.",threshold_eligibility,B5-7-01 High LTV Refinance Loan and Borrower Eligibility,NOT_APPLICABLE,PRECONDITION_NOT_APPLICABLE,"Trigger presupposes a refinance transaction (RefiNow); loanSummary.loanTerms.loanPurposeType='PURCHASE' (positive extracted enum, single-valued) -- not any refinance type. Corroborated: Purchase Agreement in closed-world documents[13] and purchasePriceAmount=352000 (a refinance has neither). Every branch of the trigger requires a refinance, so the disjunction rule is satisfied.",Precondition not met: Loans.ContextFlag_loan_product_refinow == 'True' does not hold for this loan.
O-FNM-15417,Product Specific,O-FNM-54316,Critical,"In a RefiNow transaction, were all subject loan eligibility documentation requirements met?",Borrowers were added or removed on the RefiNow loan from the original loan without meeting applicable exceptions.,scripted_review,B5-7-01 High LTV Refinance Loan and Borrower Eligibility; B2-1.5-01 Loan Limits; B2-1.4-04 Temporary Interest Rate Buydowns,NOT_APPLICABLE,STRUCTURAL_APPLICABILITY,Precondition not met: Loans.ContextFlag_loan_product_refinow == 'True' does not hold for this loan.,Precondition not met: Loans.ContextFlag_loan_product_refinow == 'True' does not hold for this loan.
O-FNM-15417,Product Specific,O-FNM-54315,Critical,"In a RefiNow transaction, were all subject loan eligibility documentation requirements met?",The RefiNow loan is not a limited cash-out refinance.,threshold_eligibility,B5-7-01 High LTV Refinance Loan and Borrower Eligibility; B2-1.5-01 Loan Limits; B2-1.4-04 Temporary Interest Rate Buydowns,NOT_APPLICABLE,PRECONDITION_NOT_APPLICABLE,"Trigger presupposes a refinance transaction (RefiNow); loanSummary.loanTerms.loanPurposeType='PURCHASE' (positive extracted enum, single-valued) -- not any refinance type. Corroborated: Purchase Agreement in closed-world documents[13] and purchasePriceAmount=352000 (a refinance has neither). Every branch of the trigger requires a refinance, so the disjunction rule is satisfied.",Precondition not met: Loans.ContextFlag_loan_product_refinow == 'True' does not hold for this loan.
O-FNM-15417,Product Specific,O-FNM-54319,Critical,"In a RefiNow transaction, were all subject loan eligibility documentation requirements met?",The RefiNow loan was combined with a HomeReady refinance transaction.,threshold_eligibility,B5-7-01 High LTV Refinance Loan and Borrower Eligibility; B2-1.5-01 Loan Limits; B2-1.4-04 Temporary Interest Rate Buydowns,NOT_APPLICABLE,PRECONDITION_NOT_APPLICABLE,"Trigger presupposes a refinance transaction (RefiNow); loanSummary.loanTerms.loanPurposeType='PURCHASE' (positive extracted enum, single-valued) -- not any refinance type. Corroborated: Purchase Agreement in closed-world documents[13] and purchasePriceAmount=352000 (a refinance has neither). Every branch of the trigger requires a refinance, so the disjunction rule is satisfied.",Precondition not met: Loans.ContextFlag_loan_product_refinow == 'True' does not hold for this loan.
O-FNM-15417,Product Specific,O-FNM-54318,Critical,"In a RefiNow transaction, were all subject loan eligibility documentation requirements met?",The RefiNow loan is ineligible being subject to a temporary interest rate buydown.,threshold_eligibility,B5-7-01 High LTV Refinance Loan and Borrower Eligibility; B2-1.5-01 Loan Limits; B2-1.4-04 Temporary Interest Rate Buydowns,NOT_APPLICABLE,PRECONDITION_NOT_APPLICABLE,"Trigger presupposes a refinance transaction (RefiNow); loanSummary.loanTerms.loanPurposeType='PURCHASE' (positive extracted enum, single-valued) -- not any refinance type. Corroborated: Purchase Agreement in closed-world documents[13] and purchasePriceAmount=352000 (a refinance has neither). Every branch of the trigger requires a refinance, so the disjunction rule is satisfied.",Precondition not met: Loans.ContextFlag_loan_product_refinow == 'True' does not hold for this loan.
O-FNM-15417,Product Specific,O-FNM-54317,Critical,"In a RefiNow transaction, were all subject loan eligibility documentation requirements met?",The RefiNow loan is ineligible as a Texas Section 50(a)(6) loan.,threshold_eligibility,B5-7-01 High LTV Refinance Loan and Borrower Eligibility; B2-1.5-01 Loan Limits; B2-1.4-04 Temporary Interest Rate Buydowns,NOT_APPLICABLE,PRECONDITION_NOT_APPLICABLE,"Trigger presupposes a refinance transaction (RefiNow); loanSummary.loanTerms.loanPurposeType='PURCHASE' (positive extracted enum, single-valued) -- not any refinance type. Corroborated: Purchase Agreement in closed-world documents[13] and purchasePriceAmount=352000 (a refinance has neither). Every branch of the trigger requires a refinance, so the disjunction rule is satisfied.",Precondition not met: Loans.ContextFlag_loan_product_refinow == 'True' does not hold for this loan.
O-FNM-15417,Product Specific,O-FNM-54314,Critical,"In a RefiNow transaction, were all subject loan eligibility documentation requirements met?",The RefiNow loan limit does not conform to the general loan limits.,threshold_eligibility,B5-7-01 High LTV Refinance Loan and Borrower Eligibility; B2-1.5-01 Loan Limits; B2-1.4-04 Temporary Interest Rate Buydowns,NOT_APPLICABLE,PRECONDITION_NOT_APPLICABLE,"Trigger presupposes a refinance transaction (RefiNow); loanSummary.loanTerms.loanPurposeType='PURCHASE' (positive extracted enum, single-valued) -- not any refinance type. Corroborated: Purchase Agreement in closed-world documents[13] and purchasePriceAmount=352000 (a refinance has neither). Every branch of the trigger requires a refinance, so the disjunction rule is satisfied.",Precondition not met: Loans.ContextFlag_loan_product_refinow == 'True' does not hold for this loan.
O-FNM-15417,Product Specific,O-FNM-54313,Critical,"In a RefiNow transaction, were all subject loan eligibility documentation requirements met?",The RefiNow cash out exceeded $250 and/or any excess was not applied as a curtailment as applicable.,computation,B5-7-01 High LTV Refinance Loan and Borrower Eligibility; B2-1.5-01 Loan Limits; B2-1.4-04 Temporary Interest Rate Buydowns,NOT_APPLICABLE,PRECONDITION_NOT_APPLICABLE,"RefiNow trigger provably false: loanTerms.loanPurposeType='PURCHASE', not any refinance.",Precondition not met: Loans.ContextFlag_loan_product_refinow == 'True' does not hold for this loan.
O-FNM-15417,Product Specific,O-FNM-54676,Critical,"In a RefiNow transaction, were all subject loan eligibility documentation requirements met?",The subject loan closed as a RefiNow where the RefiNow option was previously used in a prior transaction.,threshold_eligibility,B5-7-01 High LTV Refinance Loan and Borrower Eligibility; B2-1.5-01 Loan Limits; B2-1.4-04 Temporary Interest Rate Buydowns,NOT_APPLICABLE,PRECONDITION_NOT_APPLICABLE,"Trigger presupposes a refinance transaction (RefiNow); loanSummary.loanTerms.loanPurposeType='PURCHASE' (positive extracted enum, single-valued) -- not any refinance type. Corroborated: Purchase Agreement in closed-world documents[13] and purchasePriceAmount=352000 (a refinance has neither). Every branch of the trigger requires a refinance, so the disjunction rule is satisfied.",Precondition not met: Loans.ContextFlag_loan_product_refinow == 'True' does not hold for this loan.
O-FNM-15417,Product Specific,O-FNM-54311,Critical,"In a RefiNow transaction, were all subject loan eligibility documentation requirements met?","The RefiNow loan is not a fixed rate and/or did not meet maximum LTV, CLTV, and HCLTV ratios.",threshold_eligibility,B5-7-01 High LTV Refinance Loan and Borrower Eligibility; B2-1.5-01 Loan Limits; B2-1.4-04 Temporary Interest Rate Buydowns,NOT_APPLICABLE,PRECONDITION_NOT_APPLICABLE,"Trigger presupposes a refinance transaction (RefiNow); loanSummary.loanTerms.loanPurposeType='PURCHASE' (positive extracted enum, single-valued) -- not any refinance type. Corroborated: Purchase Agreement in closed-world documents[13] and purchasePriceAmount=352000 (a refinance has neither). Every branch of the trigger requires a refinance, so the disjunction rule is satisfied.",Precondition not met: Loans.ContextFlag_loan_product_refinow == 'True' does not hold for this loan.
O-FNM-15418,Product Specific,O-FNM-54321,Critical,"In a RefiNow transaction, were all subordinate financing requirements met?","In a RefiNow, the existing subordinate financing was satisfied with the loan proceeds and/or was not subordinated to the new loan.",threshold_eligibility,B5-7-01 High LTV Refinance Loan and Borrower Eligibility; B2-1.2-04 Subordinate Financing,NOT_APPLICABLE,PRECONDITION_NOT_APPLICABLE,"Trigger presupposes a refinance transaction (RefiNow); loanSummary.loanTerms.loanPurposeType='PURCHASE' (positive extracted enum, single-valued) -- not any refinance type. Corroborated: Purchase Agreement in closed-world documents[13] and purchasePriceAmount=352000 (a refinance has neither). Every branch of the trigger requires a refinance, so the disjunction rule is satisfied.",Precondition not met: Loans.ContextFlag_loan_product_refinow == 'True' does not hold for this loan.
O-FNM-15418,Product Specific,O-FNM-54673,Critical,"In a RefiNow transaction, were all subordinate financing requirements met?",New subordinate financing was permitted in a RefiNow transaction that did not have existing subordinate financing.,threshold_eligibility,B5-7-01 High LTV Refinance Loan and Borrower Eligibility; B2-1.2-04 Subordinate Financing,NOT_APPLICABLE,PRECONDITION_NOT_APPLICABLE,"Trigger presupposes a refinance transaction (RefiNow); loanSummary.loanTerms.loanPurposeType='PURCHASE' (positive extracted enum, single-valued) -- not any refinance type. Corroborated: Purchase Agreement in closed-world documents[13] and purchasePriceAmount=352000 (a refinance has neither). Every branch of the trigger requires a refinance, so the disjunction rule is satisfied.",Precondition not met: Loans.ContextFlag_loan_product_refinow == 'True' does not hold for this loan.
O-FNM-15418,Product Specific,O-FNM-54672,Critical,"In a RefiNow transaction, were all subordinate financing requirements met?",The monthly principal and interest payment on the new subordinate lien increased from the existing subordinated loan in a RefiNow simultaneous refinance.,computation,B5-7-01 High LTV Refinance Loan and Borrower Eligibility; B2-1.2-04 Subordinate Financing,NOT_APPLICABLE,PRECONDITION_NOT_APPLICABLE,"RefiNow simultaneous-refinance trigger provably false: loanTerms.loanPurposeType='PURCHASE'; also no subordinate financing exists (subordinateLienAmount=null, ltv=cltv=hcltv=73.86, lienPriorityType='FirstLien').",Precondition not met: Loans.ContextFlag_loan_product_refinow == 'True' does not hold for this loan.
O-FNM-15418,Product Specific,O-FNM-54671,Critical,"In a RefiNow transaction, were all subordinate financing requirements met?",The unpaid principal balance of the new subordinate lien is higher than the UPB of the original subordinated lien at the time of payoff in a RefiNow simultaneous refinance.,computation,B5-7-01 High LTV Refinance Loan and Borrower Eligibility; B2-1.2-04 Subordinate Financing,NOT_APPLICABLE,PRECONDITION_NOT_APPLICABLE,"RefiNow simultaneous-refinance trigger provably false: loanTerms.loanPurposeType='PURCHASE'; also no subordinate financing exists (subordinateLienAmount=null, ltv=cltv=hcltv=73.86).",Precondition not met: Loans.ContextFlag_loan_product_refinow == 'True' does not hold for this loan.
O-FNM-15419,Product Specific,O-FNM-54336,Critical,"In a RefiNow transaction, were all property valuation documentation requirements met?","In a RefiNow where an appraisal was obtained, the file did not document that the $500 credit was passed to the borrower.",doc_completeness,"B5-7-02 High LTV Refinance Underwriting, Documentation, and Collateral Requirements for the New Loan",NOT_APPLICABLE,PRECONDITION_NOT_APPLICABLE,"Loan is a PURCHASE, not a refinance - RefiNow rules cannot apply to a purchase transaction.",Precondition not met: Loans.ContextFlag_loan_product_refinow == 'True' does not hold for this loan.
O-FNM-15420,Product Specific,O-FNM-54327,Critical,"In a RefiNow transaction, were all underwriting requirements met?",The RefiNow DTI ratio exceeds 65%.,threshold_eligibility,"B5-7-02 High LTV Refinance Underwriting, Documentation, and Collateral Requirements for the New Loan; B3-6-02 Debt-to-Income Ratios",NOT_APPLICABLE,STRUCTURAL_APPLICABILITY,Precondition not met: Loans.ContextFlag_loan_product_refinow == 'True' does not hold for this loan.,Precondition not met: Loans.ContextFlag_loan_product_refinow == 'True' does not hold for this loan.
O-FNM-15420,Product Specific,O-FNM-54324,Critical,"In a RefiNow transaction, were all underwriting requirements met?","A RefiNow was manually underwritten without LTV, DTI ratio and credit score requirements being met.",threshold_eligibility,"B5-7-02 High LTV Refinance Underwriting, Documentation, and Collateral Requirements for the New Loan; B3-6-02 Debt-to-Income Ratios",NOT_APPLICABLE,PRECONDITION_NOT_APPLICABLE,"Trigger presupposes a refinance transaction (RefiNow); loanSummary.loanTerms.loanPurposeType='PURCHASE' (positive extracted enum, single-valued) -- not any refinance type. Corroborated: Purchase Agreement in closed-world documents[13] and purchasePriceAmount=352000 (a refinance has neither). Every branch of the trigger requires a refinance, so the disjunction rule is satisfied.",Precondition not met: Loans.ContextFlag_loan_product_refinow == 'True' does not hold for this loan.
O-FNM-15420,Product Specific,O-FNM-54328,Critical,"In a RefiNow transaction, were all underwriting requirements met?","In a RefiNow with a non-occupant borrower, the maximum LTV, CLTV, and HCLTV ratio of 95% was not met.",threshold_eligibility,"B5-7-02 High LTV Refinance Underwriting, Documentation, and Collateral Requirements for the New Loan; B3-6-02 Debt-to-Income Ratios",NOT_APPLICABLE,STRUCTURAL_APPLICABILITY,Precondition not met: Loans.ContextFlag_loan_product_refinow == 'True' does not hold for this loan.,Precondition not met: Loans.ContextFlag_loan_product_refinow == 'True' does not hold for this loan.
O-FNM-15420,Product Specific,O-FNM-54326,Critical,"In a RefiNow transaction, were all underwriting requirements met?",The loan being refinanced into a RefiNow had a 30-day mortgage delinquency in the most recent 6 months and/or more than one 30-day delinquency in months 7 through 12.,threshold_eligibility,"B5-7-02 High LTV Refinance Underwriting, Documentation, and Collateral Requirements for the New Loan; B3-6-02 Debt-to-Income Ratios",NOT_APPLICABLE,PRECONDITION_NOT_APPLICABLE,"Trigger presupposes a refinance transaction (RefiNow); loanSummary.loanTerms.loanPurposeType='PURCHASE' (positive extracted enum, single-valued) -- not any refinance type. Corroborated: Purchase Agreement in closed-world documents[13] and purchasePriceAmount=352000 (a refinance has neither). Every branch of the trigger requires a refinance, so the disjunction rule is satisfied.",Precondition not met: Loans.ContextFlag_loan_product_refinow == 'True' does not hold for this loan.
O-FNM-15420,Product Specific,O-FNM-54674,Critical,"In a RefiNow transaction, were all underwriting requirements met?",Resolved COVID-19 forbearance missed payments were considered delinquencies for purposes of meeting RefiNow payment history requirements.,scripted_review,"B5-7-02 High LTV Refinance Underwriting, Documentation, and Collateral Requirements for the New Loan; B3-6-02 Debt-to-Income Ratios",NOT_APPLICABLE,STRUCTURAL_APPLICABILITY,Precondition not met: Loans.ContextFlag_loan_product_refinow == 'True' does not hold for this loan.,Precondition not met: Loans.ContextFlag_loan_product_refinow == 'True' does not hold for this loan.
O-FNM-15420,Product Specific,O-FNM-54675,Critical,"In a RefiNow transaction, were all underwriting requirements met?",The file did not contain an approval from Fannie Mae for the variance or exception impactful to underwriting or eligibility of a RefiNow transaction.,doc_presence,"B5-7-02 High LTV Refinance Underwriting, Documentation, and Collateral Requirements for the New Loan; B3-6-02 Debt-to-Income Ratios",NOT_APPLICABLE,PRECONDITION_NOT_APPLICABLE,"context_flag loan_product_refinow false: loan is a PURCHASE, not a refinance",Precondition not met: Loans.ContextFlag_loan_product_refinow == 'True' does not hold for this loan.
O-FNM-15421,Product Specific,O-FNM-54320,Critical,"In a RefiNow transaction, were all borrower benefit requirements met?",The RefiNow loan did not provide a benefit of a reduction in interest rate of at least 50 basis points and a reduction in the monthly payment.,computation,B5-7-01 High LTV Refinance Loan and Borrower Eligibility,NOT_APPLICABLE,PRECONDITION_NOT_APPLICABLE,"RefiNow borrower-benefit trigger provably false: loanTerms.loanPurposeType='PURCHASE', not any refinance.",Precondition not met: Loans.ContextFlag_loan_product_refinow == 'True' does not hold for this loan.
O-FNM-15422,Product Specific,O-FNM-55627,Critical,"In a refinance transaction, were all prohibited practices requirements  met?",There are indicators of a refinancing arrangement that call for the seller/servicer to advance a number of payments on the borrower’s behalf and then to refinance the mortgage once the agreed-upon payments have been advanced.,scripted_review,B2-1.3-04 Prohibited Refinancing Practices,NOT_APPLICABLE,STRUCTURAL_APPLICABILITY,Precondition not met: Loans.ContextFlag_any_refinance_type == 'True' does not hold for this loan.,Precondition not met: Loans.ContextFlag_any_refinance_type == 'True' does not hold for this loan.
O-FNM-15422,Product Specific,O-FNM-55110,Critical,"In a refinance transaction, were all prohibited practices requirements  met?",The borrower completed a cash-out refinance with a note date that was 30 days or less before the application date of the subject limited cash-out loan.,date_window,B2-1.3-04 Prohibited Refinancing Practices,NOT_APPLICABLE,PRECONDITION_NOT_APPLICABLE,"Trigger presupposes a refinance transaction (limited cash-out refinance subject loan); loanSummary.loanTerms.loanPurposeType='PURCHASE' (positive extracted enum, single-valued) -- not any refinance type. Corroborated: Purchase Agreement in closed-world documents[13] and purchasePriceAmount=352000 (a refinance has neither). Every branch of the trigger requires a refinance, so the disjunction rule is satisfied.",Precondition not met: Loans.ContextFlag_any_refinance_type == 'True' does not hold for this loan.
O-FNM-15422,Product Specific,O-FNM-55628,Critical,"In a refinance transaction, were all prohibited practices requirements  met?",There are indicators that the refinance was the result of a conditional tender of payment procedure.,scripted_review,B2-1.3-04 Prohibited Refinancing Practices,NOT_APPLICABLE,STRUCTURAL_APPLICABILITY,Precondition not met: Loans.ContextFlag_any_refinance_type == 'True' does not hold for this loan.,Precondition not met: Loans.ContextFlag_any_refinance_type == 'True' does not hold for this loan.
O-FNM-15422,Product Specific,O-FNM-55626,Critical,"In a refinance transaction, were all prohibited practices requirements  met?",There are indicators that the lender specifically targeted the Fannie Mae borrower to offer a refinance.,scripted_review,B2-1.3-04 Prohibited Refinancing Practices,NOT_APPLICABLE,STRUCTURAL_APPLICABILITY,Precondition not met: Loans.ContextFlag_any_refinance_type == 'True' does not hold for this loan.,Precondition not met: Loans.ContextFlag_any_refinance_type == 'True' does not hold for this loan.
O-FNM-15422,Product Specific,O-FNM-55109,Critical,"In a refinance transaction, were all prohibited practices requirements  met?",There are indicators in the loan file that the subject refinance had a prearranged refinancing agreement between the seller/servicer or affiliated TPO and the borrower.,scripted_review,B2-1.3-04 Prohibited Refinancing Practices,NOT_APPLICABLE,STRUCTURAL_APPLICABILITY,Precondition not met: Loans.ContextFlag_any_refinance_type == 'True' does not hold for this loan.,Precondition not met: Loans.ContextFlag_any_refinance_type == 'True' does not hold for this loan.
O-FNM-15423,Product Specific,O-FNM-57531,Critical,"In a purchase transaction, were all payoff of installment land contracts requirements  met?",The LTV ratio was not calculated correctly as applicable by dividing the new loan amount by the lesser of the total acquisition cost or the appraised value of the property at the time the new mortgage loan is closed.,computation,B2-1.3-05 Payoff of Installment Land Contract Requirements,NOT_APPLICABLE,PRECONDITION_NOT_APPLICABLE,Trigger requires the mortgage proceeds to pay off an installment land contract (contract for deed); the payoff's own contract must be in the closed file and no installment-land-contract/contract-for-deed documentType exists in the closed-world documents[]; the sale document is a standard Purchase Agreement documents[13]. Corroborating null: conversionOfContractForDeedIndicator=null.,Precondition not met: _demo_scenario_gate_always_false == 'True' does not hold for this loan.
O-FNM-15423,Product Specific,O-FNM-50214,Critical,"In a purchase transaction, were all payoff of installment land contracts requirements  met?","The subject mortgage proceeds were used to pay off an installment land contract executed more than 12 months before the subject application, and the loan was not underwritten as a limited cash-out refinance.",date_window,B2-1.3-05 Payoff of Installment Land Contract Requirements,NOT_APPLICABLE,PRECONDITION_NOT_APPLICABLE,Trigger requires the mortgage proceeds to pay off an installment land contract (contract for deed); the payoff's own contract must be in the closed file and no installment-land-contract/contract-for-deed documentType exists in the closed-world documents[]; the sale document is a standard Purchase Agreement documents[13]. Corroborating null: conversionOfContractForDeedIndicator=null.,Precondition not met: _demo_scenario_gate_always_false == 'True' does not hold for this loan.
O-FNM-15423,Product Specific,O-FNM-50213,Critical,"In a purchase transaction, were all payoff of installment land contracts requirements  met?","The subject mortgage proceeds were used to pay off the outstanding balance on an installment land contract executed within the preceding 12 months, and the loan was not underwritten as a purchase money loan.",date_window,B2-1.3-05 Payoff of Installment Land Contract Requirements,NOT_APPLICABLE,PRECONDITION_NOT_APPLICABLE,Trigger requires the mortgage proceeds to pay off an installment land contract (contract for deed); the payoff's own contract must be in the closed file and no installment-land-contract/contract-for-deed documentType exists in the closed-world documents[]; the sale document is a standard Purchase Agreement documents[13]. Corroborating null: conversionOfContractForDeedIndicator=null.,Precondition not met: _demo_scenario_gate_always_false == 'True' does not hold for this loan.
O-FNM-15425,Product Specific,O-FNM-50218,Critical,Were all Adjustable-Rate Mortgages (ARMs) general requirements  met?,Not all of the characteristics detailed in the Standard ARM Plan Matrix were met.,list_screening,B2-1.4-02 Adjustable-Rate Mortgages (ARMs),NOT_COMPILED,NOT_COMPILED_NOT_CONVERTED_BY_DESIGN,Check type not in this build's scope (e.g. reverification / list_screening -- deliberately out of scope),
O-FNM-15425,Product Specific,O-FNM-53027,Critical,Were all Adjustable-Rate Mortgages (ARMs) general requirements  met?,The Note and Riders did not contain the updated index “fallback” language in a non-SOFR ARM loan.,doc_completeness,B2-1.4-02 Adjustable-Rate Mortgages (ARMs),NOT_APPLICABLE,PRECONDITION_NOT_APPLICABLE,"Trigger requires a non-SOFR ARM loan; loanSummary.amortization.amortizationType='FIXED' and productName='Conventional Fixed' -- provably not an ARM. (Replaces existing UNKNOWN row, whose reason 'amortization type explicitly UNKNOWN' is contradicted by this extracted field.)",Precondition not met: Loans.ContextFlag_loan_product_arm == 'True' does not hold for this loan.
O-FNM-15425,Product Specific,O-FNM-50219,Critical,Were all Adjustable-Rate Mortgages (ARMs) general requirements  met?,The ARM is unacceptable due to the difference between the initial note rate and the fully indexed rate was more than 3%.,computation,B2-1.4-02 Adjustable-Rate Mortgages (ARMs),NOT_APPLICABLE,PRECONDITION_NOT_APPLICABLE,"ARM trigger provably false: amortizationType='FIXED', productName='Conventional Fixed', 360-month fixed amortization.",Precondition not met: Loans.ContextFlag_loan_product_arm == 'True' does not hold for this loan.
O-FNM-15425,Product Specific,O-FNM-50217,Critical,Were all Adjustable-Rate Mortgages (ARMs) general requirements  met?,The ARM Plan Index associated with the subject mortgage is not acceptable to FNMA.,list_screening,B2-1.4-02 Adjustable-Rate Mortgages (ARMs),NOT_COMPILED,NOT_COMPILED_NOT_CONVERTED_BY_DESIGN,Check type not in this build's scope (e.g. reverification / list_screening -- deliberately out of scope),
O-FNM-15425,Product Specific,O-FNM-55775,Critical,Were all Adjustable-Rate Mortgages (ARMs) general requirements  met?,The fully indexed rate is not the index value in effect during the 90 days that precede the note date.,date_window,B2-1.4-02 Adjustable-Rate Mortgages (ARMs),NOT_APPLICABLE,PRECONDITION_NOT_APPLICABLE,"Trigger requires an ARM; loanSummary.amortization.amortizationType='FIXED' and productName='Conventional Fixed' -- positive extracted facts, provably not an ARM.",Precondition not met: Loans.ContextFlag_loan_product_arm == 'True' does not hold for this loan.
O-FNM-15425,Product Specific,O-FNM-55774,Critical,Were all Adjustable-Rate Mortgages (ARMs) general requirements  met?,The fully indexed rate is not the sum of the value of the applicable index and the mortgage margin rounded to the nearest one-eighth percent.,computation,B2-1.4-02 Adjustable-Rate Mortgages (ARMs),NOT_APPLICABLE,PRECONDITION_NOT_APPLICABLE,"ARM trigger provably false: amortizationType='FIXED', productName='Conventional Fixed', 360-month fixed amortization.",Precondition not met: Loans.ContextFlag_loan_product_arm == 'True' does not hold for this loan.
O-FNM-15425,Product Specific,O-FNM-52742,Critical,Were all Adjustable-Rate Mortgages (ARMs) general requirements  met?,A SOFR ARM underwritten by DU was not submitted as a generic ARM.,doc_completeness,B2-1.4-02 Adjustable-Rate Mortgages (ARMs),NOT_APPLICABLE,AUTOPASS_DU_NOT_ACCESSIBLE_BUT_STRUCTURALLY_NOT_APPLICABLE,Precondition not met: Loans.ContextFlag_loan_product_arm == 'True' does not hold for this loan.,Precondition not met: Loans.ContextFlag_loan_product_arm == 'True' does not hold for this loan.
O-FNM-15425,Product Specific,O-FNM-50216,Critical,Were all Adjustable-Rate Mortgages (ARMs) general requirements  met?,One or more of the standard ARM requirements by FNMA was not met.,scripted_review,B2-1.4-02 Adjustable-Rate Mortgages (ARMs),NOT_APPLICABLE,STRUCTURAL_APPLICABILITY,Precondition not met: Loans.ContextFlag_loan_product_arm == 'True' does not hold for this loan.,Precondition not met: Loans.ContextFlag_loan_product_arm == 'True' does not hold for this loan.
O-FNM-15426,Product Specific,O-FNM-54583,Critical,Were all Adjustable-Rate Mortgages (ARMs) program requirements  met?,The subject ATR covered 1 year adjustable rate mortgage (ARM) has a 1% annual cap and the qualifying rate was not the Note rate plus 5%.,computation,B3-6-04 Qualifying Payment Requirements; B2-1.4-02 Adjustable-Rate Mortgages (ARMs); B2-1.4-03 Convertible ARMs,NOT_APPLICABLE,PRECONDITION_NOT_APPLICABLE,"ARM trigger provably false: amortizationType='FIXED', productName='Conventional Fixed', 360-month fixed amortization.",Precondition not met: Loans.ContextFlag_loan_product_arm == 'True' does not hold for this loan.
O-FNM-15426,Product Specific,O-FNM-54584,Critical,Were all Adjustable-Rate Mortgages (ARMs) program requirements  met?,The subject ATR covered 1 year adjustable rate mortgage (ARM) with a 2% annual cap and the qualifying rate was not the Note rate plus 6%.,computation,B3-6-04 Qualifying Payment Requirements; B2-1.4-02 Adjustable-Rate Mortgages (ARMs); B2-1.4-03 Convertible ARMs,NOT_APPLICABLE,PRECONDITION_NOT_APPLICABLE,"ARM trigger provably false: amortizationType='FIXED', productName='Conventional Fixed', 360-month fixed amortization.",Precondition not met: Loans.ContextFlag_loan_product_arm == 'True' does not hold for this loan.
O-FNM-15426,Product Specific,O-FNM-54585,Critical,Were all Adjustable-Rate Mortgages (ARMs) program requirements  met?,The subject ATR covered 3 year adjustable rate mortgage (ARM) qualifying rate was not the Note rate plus 5%.,computation,B3-6-04 Qualifying Payment Requirements; B2-1.4-02 Adjustable-Rate Mortgages (ARMs); B2-1.4-03 Convertible ARMs,NOT_APPLICABLE,PRECONDITION_NOT_APPLICABLE,"ARM trigger provably false: amortizationType='FIXED', productName='Conventional Fixed', 360-month fixed amortization.",Precondition not met: Loans.ContextFlag_loan_product_arm == 'True' does not hold for this loan.
O-FNM-15426,Product Specific,O-FNM-54586,Critical,Were all Adjustable-Rate Mortgages (ARMs) program requirements  met?,The subject ATR covered 5 year adjustable rate mortgage (ARM) qualifying rate was not the greater of the fully indexed rate or the Note rate plus 2%.,computation,B3-6-04 Qualifying Payment Requirements; B2-1.4-02 Adjustable-Rate Mortgages (ARMs); B2-1.4-03 Convertible ARMs,NOT_APPLICABLE,PRECONDITION_NOT_APPLICABLE,"ARM trigger provably false: amortizationType='FIXED', productName='Conventional Fixed', 360-month fixed amortization.",Precondition not met: Loans.ContextFlag_loan_product_arm == 'True' does not hold for this loan.
O-FNM-15426,Product Specific,O-FNM-54587,Critical,Were all Adjustable-Rate Mortgages (ARMs) program requirements  met?,The subject ATR covered 7 or 10 year adjustable rate mortgage (ARM) qualifying rate was not the greater of the fully indexed rate or the Note rate.,computation,B3-6-04 Qualifying Payment Requirements; B2-1.4-02 Adjustable-Rate Mortgages (ARMs); B2-1.4-03 Convertible ARMs,NOT_APPLICABLE,PRECONDITION_NOT_APPLICABLE,"ARM trigger provably false: amortizationType='FIXED', productName='Conventional Fixed', 360-month fixed amortization.",Precondition not met: Loans.ContextFlag_loan_product_arm == 'True' does not hold for this loan.
O-FNM-15426,Product Specific,O-FNM-54581,Critical,Were all Adjustable-Rate Mortgages (ARMs) program requirements  met?,The subject ATR covered 3 year adjustable rate mortgage (ARM) maximum interest rate ceiling exceeds the note rate plus the lifetime cap,computation,B3-6-04 Qualifying Payment Requirements; B2-1.4-02 Adjustable-Rate Mortgages (ARMs); B2-1.4-03 Convertible ARMs,NOT_APPLICABLE,PRECONDITION_NOT_APPLICABLE,"ARM trigger provably false: amortizationType='FIXED', productName='Conventional Fixed', 360-month fixed amortization.",Precondition not met: Loans.ContextFlag_loan_product_arm == 'True' does not hold for this loan.
O-FNM-15426,Product Specific,O-FNM-54582,Critical,Were all Adjustable-Rate Mortgages (ARMs) program requirements  met?,The subject ATR covered 5 year adjustable rate mortgage (ARM) maximum interest rate ceiling exceeds the note rate plus the first rate change cap.,computation,B3-6-04 Qualifying Payment Requirements; B2-1.4-02 Adjustable-Rate Mortgages (ARMs); B2-1.4-03 Convertible ARMs,NOT_APPLICABLE,PRECONDITION_NOT_APPLICABLE,"ARM trigger provably false: amortizationType='FIXED', productName='Conventional Fixed', 360-month fixed amortization.",Precondition not met: Loans.ContextFlag_loan_product_arm == 'True' does not hold for this loan.
O-FNM-15426,Product Specific,O-FNM-50220,Critical,Were all Adjustable-Rate Mortgages (ARMs) program requirements  met?,Not all requirements for convertible ARM loans were met.,scripted_review,B3-6-04 Qualifying Payment Requirements; B2-1.4-02 Adjustable-Rate Mortgages (ARMs); B2-1.4-03 Convertible ARMs,NOT_APPLICABLE,STRUCTURAL_APPLICABILITY,Precondition not met: Loans.ContextFlag_loan_product_arm == 'True' does not hold for this loan.,Precondition not met: Loans.ContextFlag_loan_product_arm == 'True' does not hold for this loan.
O-FNM-15426,Product Specific,O-FNM-54579,Critical,Were all Adjustable-Rate Mortgages (ARMs) program requirements  met?,The loan amount over the loan term was not used to calculate the periodic payments of principal and interest in a short term ARM ATR covered transaction.,computation,B3-6-04 Qualifying Payment Requirements; B2-1.4-02 Adjustable-Rate Mortgages (ARMs); B2-1.4-03 Convertible ARMs,NOT_APPLICABLE,PRECONDITION_NOT_APPLICABLE,"ARM trigger provably false: amortizationType='FIXED', productName='Conventional Fixed', 360-month fixed amortization.",Precondition not met: Loans.ContextFlag_loan_product_arm == 'True' does not hold for this loan.
O-FNM-15426,Product Specific,O-FNM-54580,Critical,Were all Adjustable-Rate Mortgages (ARMs) program requirements  met?,The qualifying interest rate was not calculated using the maximum rate that could apply during the first five years after the first payment is due in a short term ARM ATR covered transaction.,computation,B3-6-04 Qualifying Payment Requirements; B2-1.4-02 Adjustable-Rate Mortgages (ARMs); B2-1.4-03 Convertible ARMs,NOT_APPLICABLE,PRECONDITION_NOT_APPLICABLE,"ARM trigger provably false: amortizationType='FIXED', productName='Conventional Fixed', 360-month fixed amortization.",Precondition not met: Loans.ContextFlag_loan_product_arm == 'True' does not hold for this loan.
O-FNM-15428,Product Specific,O-FNM-50318,Critical,Were all high-balance mortgage loan requirements met?,The subject is a high-balance mortgage that did not meet all requirements and/or the file did not contain a variance.,threshold_eligibility,"B5-1-01 High-Balance Mortgage Loan Eligibility and Underwriting; B5-1-02 High-Balance Pricing, Mortgage Insurance, Special Feature Codes, and Delivery Limitations",NOT_COMPILED,NOT_COMPILED_THRESHOLD_NOT_PARSEABLE,"Rule cites a threshold but the compiler could not extract one unambiguous number+direction from the text (compile-time gap, same for every loan)",
O-FNM-15429,Product Specific,O-FNM-55772,Critical,Were all conversion of construction-to-permanent (CP) mortgage loan financing requirements met?,Two-closing construction-to-permanent loan had documented construction cost overruns that were incurred outside of the interim construction financing that were not paid directly to the builder at closing.,cross_doc_consistency,B5-3.1-01 Conversion of Construction-to-Permanent Financing: Overview; B2-1.3-02 Limited Cash-Out Refinance Transactions; B5-3.1-03 Conversion of Construction-to-Permanent Financing: Two-Closing Transactions,NOT_APPLICABLE,PRECONDITION_NOT_APPLICABLE,"Two-closing construction-to-permanent trigger provably false: Provably not a construction-to-permanent transaction: loanPurposeType='PURCHASE' of an existing home, loanSummary.construction=null, constructionLoanIndicator=null, constructionToPermanentClosingType=null, and the closed 62-doc inventory contains a standard Purchase Agreement and Form 1004 but no construction contract/loan agreement/1004D completion doc.",Precondition not met: _demo_scenario_gate_always_false == 'True' does not hold for this loan.
O-FNM-15429,Product Specific,O-FNM-55395,Critical,Were all conversion of construction-to-permanent (CP) mortgage loan financing requirements met?,A certificate of occupancy or an equivalent form from the applicable government authority was not in the file in a construction-to-permanent mortgage loan that provided funds for acquisition or refinancing of an unimproved lot and the construction of a residence on the lot.,doc_presence,B5-3.1-01 Conversion of Construction-to-Permanent Financing: Overview; B2-1.3-02 Limited Cash-Out Refinance Transactions; B5-3.1-03 Conversion of Construction-to-Permanent Financing: Two-Closing Transactions,NOT_APPLICABLE,PRECONDITION_NOT_APPLICABLE,Purchase loan with no construction docs - profile confirms construction/construction-to-perm is provably not present.,Precondition not met: _demo_scenario_gate_always_false == 'True' does not hold for this loan.
O-FNM-15429,Product Specific,O-FNM-55394,Critical,Were all conversion of construction-to-permanent (CP) mortgage loan financing requirements met?,The construction-to-permanent file did not evidence work that could entitle a party to file a mechanic's or materialmen’s lien was completed and paid for.,doc_presence,B5-3.1-01 Conversion of Construction-to-Permanent Financing: Overview; B2-1.3-02 Limited Cash-Out Refinance Transactions; B5-3.1-03 Conversion of Construction-to-Permanent Financing: Two-Closing Transactions,NOT_COMPILED,DEMO_EXCLUDED,not_automatable_for_demo,
O-FNM-15429,Product Specific,O-FNM-55396,Critical,Were all conversion of construction-to-permanent (CP) mortgage loan financing requirements met?,"In a construction-to-permanent mortgage loan, Fannie Mae's uniform mortgage instruments were not used to document the permanent mortgage or were altered to include reference to construction of the property.",doc_completeness,B5-3.1-01 Conversion of Construction-to-Permanent Financing: Overview; B2-1.3-02 Limited Cash-Out Refinance Transactions; B5-3.1-03 Conversion of Construction-to-Permanent Financing: Two-Closing Transactions,NOT_APPLICABLE,PRECONDITION_NOT_APPLICABLE,"Trigger requires construction-to-permanent conversion; profile states no construction docs exist, provably not a construction loan",Precondition not met: _demo_scenario_gate_always_false == 'True' does not hold for this loan.
O-FNM-15429,Product Specific,O-FNM-50918,Critical,Were all conversion of construction-to-permanent (CP) mortgage loan financing requirements met?,Ineligible for Conversion of Construction-to-Permanent Financing due to the borrower not owning the lot or purchasing the lot as part of the transaction.,threshold_eligibility,B5-3.1-01 Conversion of Construction-to-Permanent Financing: Overview; B2-1.3-02 Limited Cash-Out Refinance Transactions; B5-3.1-03 Conversion of Construction-to-Permanent Financing: Two-Closing Transactions,NOT_APPLICABLE,PRECONDITION_NOT_APPLICABLE,"Trigger requires a construction-to-permanent (CTP) transaction; provably not CTP by positive facts, not null-inference alone: loanPurposeType='PURCHASE' (positive enum); the closed-world 62-entry documents[] (complete per the Touchless contract) contains zero construction documentTypes -- no construction loan agreement, construction rider, draw schedule, or conversion/modification agreement, all of which a CTP closing package must contain; standard resale Purchase Agreement documents[13] and permanent Note documents[35] are present. Corroborating nulls: loanSummary.construction=null, constructionLoanIndicator=null, constructionToPermanentClosingType=null.",Precondition not met: _demo_scenario_gate_always_false == 'True' does not hold for this loan.
O-FNM-15429,Product Specific,O-FNM-51736,Critical,Were all conversion of construction-to-permanent (CP) mortgage loan financing requirements met?,The subject property type was ineligible for construction to permanent financing.,threshold_eligibility,B5-3.1-01 Conversion of Construction-to-Permanent Financing: Overview; B2-1.3-02 Limited Cash-Out Refinance Transactions; B5-3.1-03 Conversion of Construction-to-Permanent Financing: Two-Closing Transactions,NOT_APPLICABLE,PRECONDITION_NOT_APPLICABLE,"Trigger requires a construction-to-permanent (CTP) transaction; provably not CTP by positive facts, not null-inference alone: loanPurposeType='PURCHASE' (positive enum); the closed-world 62-entry documents[] (complete per the Touchless contract) contains zero construction documentTypes -- no construction loan agreement, construction rider, draw schedule, or conversion/modification agreement, all of which a CTP closing package must contain; standard resale Purchase Agreement documents[13] and permanent Note documents[35] are present. Corroborating nulls: loanSummary.construction=null, constructionLoanIndicator=null, constructionToPermanentClosingType=null.",Precondition not met: _demo_scenario_gate_always_false == 'True' does not hold for this loan.
O-FNM-15430,Product Specific,O-FNM-50323,Critical,Were all HomeStyle Renovation mortgage requirements met?,The HomeStyle Construction Contract and/or the Construction Loan agreement was incomplete and/or a lien waiver or clear title report was not provided prior to any disbursements during the renovation period.,doc_completeness,B5-3.2-01 HomeStyle Renovation Mortgages; B5-3.2-02 HomeStyle Renovation Mortgages: Loan and Borrower Eligibility; B5-3.2-03 HomeStyle Renovation Mortgages: Collateral Considerations; B5-3.2-04 HomeStyle Renovation Mortgages: Costs and Escrow Accounts,NOT_APPLICABLE,PRECONDITION_NOT_APPLICABLE,renovationLoanIndicator is null and no renovation/construction docs exist - provably not a HomeStyle Renovation loan.,Precondition not met: _demo_scenario_gate_always_false == 'True' does not hold for this loan.
O-FNM-15430,Product Specific,O-FNM-50883,Critical,Were all HomeStyle Renovation mortgage requirements met?,"The borrower has opted for the HomeStyle ""Do It Yourself"" option without all requirements being met.",threshold_eligibility,B5-3.2-01 HomeStyle Renovation Mortgages; B5-3.2-02 HomeStyle Renovation Mortgages: Loan and Borrower Eligibility; B5-3.2-03 HomeStyle Renovation Mortgages: Collateral Considerations; B5-3.2-04 HomeStyle Renovation Mortgages: Costs and Escrow Accounts,NOT_APPLICABLE,PRECONDITION_NOT_APPLICABLE,"Trigger requires a HomeStyle Renovation loan; provably not one: productName='Conventional Fixed' (positive product identification), zero renovation (contract, plans, escrow, completion) documentTypes in the closed-world 62-entry documents[], on a standard purchase of an existing home (Purchase Agreement + full URAR). Corroborating null: renovationLoanIndicator=null.",Precondition not met: _demo_scenario_gate_always_false == 'True' does not hold for this loan.
O-FNM-15430,Product Specific,O-FNM-50884,Critical,Were all HomeStyle Renovation mortgage requirements met?,"Homestyle LCO, excess funds after renovations were not applied to the loan balance as a curtailment or reimbursed to the borrower for the cost of actual supplies or additional renovations and/or receipts not provided.",computation,B5-3.2-01 HomeStyle Renovation Mortgages; B5-3.2-02 HomeStyle Renovation Mortgages: Loan and Borrower Eligibility; B5-3.2-03 HomeStyle Renovation Mortgages: Collateral Considerations; B5-3.2-04 HomeStyle Renovation Mortgages: Costs and Escrow Accounts,NOT_APPLICABLE,PRECONDITION_NOT_APPLICABLE,"HomeStyle Renovation trigger provably false: productName='Conventional Fixed', renovationLoanIndicator=null, and no renovation/HomeStyle documentType in the closed 62-doc inventory.",Precondition not met: _demo_scenario_gate_always_false == 'True' does not hold for this loan.
O-FNM-15430,Product Specific,O-FNM-50319,Critical,Were all HomeStyle Renovation mortgage requirements met?,The LTV was not calculated correctly for a purchase by dividing the original loan amount by the lesser of the “as completed” appraised value of the property or the sum of the purchase price of the property and the total rehabilitation costs.,computation,B5-3.2-01 HomeStyle Renovation Mortgages; B5-3.2-02 HomeStyle Renovation Mortgages: Loan and Borrower Eligibility; B5-3.2-03 HomeStyle Renovation Mortgages: Collateral Considerations; B5-3.2-04 HomeStyle Renovation Mortgages: Costs and Escrow Accounts,NOT_APPLICABLE,PRECONDITION_NOT_APPLICABLE,"Trigger requires a HomeStyle Renovation loan; provably not one: productName='Conventional Fixed' (positive product identification), zero renovation (contract, plans, escrow, completion) documentTypes in the closed-world 62-entry documents[], on a standard purchase of an existing home (Purchase Agreement + full URAR). Corroborating null: renovationLoanIndicator=null.",Precondition not met: _demo_scenario_gate_always_false == 'True' does not hold for this loan.
O-FNM-15430,Product Specific,O-FNM-50320,Critical,Were all HomeStyle Renovation mortgage requirements met?,The LTV was not calculated correctly for a refinance by dividing the original loan amount by the “as completed” appraised value of the property.,computation,B5-3.2-01 HomeStyle Renovation Mortgages; B5-3.2-02 HomeStyle Renovation Mortgages: Loan and Borrower Eligibility; B5-3.2-03 HomeStyle Renovation Mortgages: Collateral Considerations; B5-3.2-04 HomeStyle Renovation Mortgages: Costs and Escrow Accounts,NOT_APPLICABLE,PRECONDITION_NOT_APPLICABLE,"Trigger requires a HomeStyle Renovation loan; provably not one: productName='Conventional Fixed' (positive product identification), zero renovation (contract, plans, escrow, completion) documentTypes in the closed-world 62-entry documents[], on a standard purchase of an existing home (Purchase Agreement + full URAR). Corroborating null: renovationLoanIndicator=null.",Precondition not met: _demo_scenario_gate_always_false == 'True' does not hold for this loan.
O-FNM-15430,Product Specific,O-FNM-50321,Critical,Were all HomeStyle Renovation mortgage requirements met?,"For a HomeStyle Renovation mortgage, the appraisal report did not provide an “as completed” appraised value that estimates the value of the property after completion of the renovation work as required.",doc_completeness,B5-3.2-01 HomeStyle Renovation Mortgages; B5-3.2-02 HomeStyle Renovation Mortgages: Loan and Borrower Eligibility; B5-3.2-03 HomeStyle Renovation Mortgages: Collateral Considerations; B5-3.2-04 HomeStyle Renovation Mortgages: Costs and Escrow Accounts,NOT_APPLICABLE,PRECONDITION_NOT_APPLICABLE,"Not a HomeStyle Renovation loan: renovationLoanIndicator=null and no renovation docs, provably not a renovation loan",Precondition not met: _demo_scenario_gate_always_false == 'True' does not hold for this loan.
O-FNM-15430,Product Specific,O-FNM-50322,Critical,Were all HomeStyle Renovation mortgage requirements met?,"A certification of completion stating that the renovation was completed in accordance with plans and specs was not provided and/or was not on the Appraisal Update and/or Completion Report (Form 1004D), or a HomeStyle Completion Certificate (Form 1036), completed with all applicable signatures.",doc_presence,B5-3.2-01 HomeStyle Renovation Mortgages; B5-3.2-02 HomeStyle Renovation Mortgages: Loan and Borrower Eligibility; B5-3.2-03 HomeStyle Renovation Mortgages: Collateral Considerations; B5-3.2-04 HomeStyle Renovation Mortgages: Costs and Escrow Accounts,NOT_APPLICABLE,PRECONDITION_NOT_APPLICABLE,"Profile states renovationLoanIndicator=null, no renovation docs, provably not a HomeStyle renovation loan",Precondition not met: _demo_scenario_gate_always_false == 'True' does not hold for this loan.
O-FNM-15430,Product Specific,O-FNM-50882,Critical,Were all HomeStyle Renovation mortgage requirements met?,The cost of the renovations exceeded the allowable amount as per property and transaction type.,threshold_eligibility,B5-3.2-01 HomeStyle Renovation Mortgages; B5-3.2-02 HomeStyle Renovation Mortgages: Loan and Borrower Eligibility; B5-3.2-03 HomeStyle Renovation Mortgages: Collateral Considerations; B5-3.2-04 HomeStyle Renovation Mortgages: Costs and Escrow Accounts,NOT_APPLICABLE,PRECONDITION_NOT_APPLICABLE,"Trigger requires a HomeStyle Renovation loan; provably not one: productName='Conventional Fixed' (positive product identification), zero renovation (contract, plans, escrow, completion) documentTypes in the closed-world 62-entry documents[], on a standard purchase of an existing home (Purchase Agreement + full URAR). Corroborating null: renovationLoanIndicator=null.",Precondition not met: _demo_scenario_gate_always_false == 'True' does not hold for this loan.
O-FNM-15430,Product Specific,O-FNM-50951,Critical,Were all HomeStyle Renovation mortgage requirements met?,The renovation escrow account did not meet all HomeStyle Renovation loan requirements.,doc_completeness,B5-3.2-01 HomeStyle Renovation Mortgages; B5-3.2-02 HomeStyle Renovation Mortgages: Loan and Borrower Eligibility; B5-3.2-03 HomeStyle Renovation Mortgages: Collateral Considerations; B5-3.2-04 HomeStyle Renovation Mortgages: Costs and Escrow Accounts,NOT_APPLICABLE,PRECONDITION_NOT_APPLICABLE,"Not a HomeStyle Renovation loan: renovationLoanIndicator=null and no renovation docs, provably not a renovation loan",Precondition not met: _demo_scenario_gate_always_false == 'True' does not hold for this loan.
O-FNM-15431,Product Specific,O-FNM-52894,Critical,Were all HomeStyle Energy mortgage requirements met?,HomeStyle Energy financing used to pay off energy-related debt did not pay off the entire debt in full.,threshold_eligibility,B5-3.3-01 HomeStyle Refresh for Improvements on Existing Properties,NOT_APPLICABLE,PRECONDITION_NOT_APPLICABLE,"Trigger requires a HomeStyle Energy loan; provably not one: productName='Conventional Fixed' (positive product identification), zero energy-report/energy-improvement documentTypes in the closed-world 62-entry documents[], on a standard purchase of an existing home (Purchase Agreement + full URAR). Corroborating null: renovationLoanIndicator=null.",Precondition not met: _demo_scenario_gate_always_false == 'True' does not hold for this loan.
O-FNM-15431,Product Specific,O-FNM-00538,Critical,Were all HomeStyle Energy mortgage requirements met?,"For a HomeStyle loan with energy related improvements, the file did not contain all of the documents that support the energy-related improvement work, such as the energy report, “as completed” appraisal, home improvement contract, certification of completion, and title insurance endorsements or updates as applicable.",doc_completeness,B5-3.3-01 HomeStyle Refresh for Improvements on Existing Properties,NOT_APPLICABLE,PRECONDITION_NOT_APPLICABLE,No renovation/energy-improvement docs in file; same closed-world fact that rules out HomeStyle Renovation also rules out HomeStyle Energy,Precondition not met: _demo_scenario_gate_always_false == 'True' does not hold for this loan.
O-FNM-15431,Product Specific,O-FNM-58665,Critical,Were all HomeStyle Energy mortgage requirements met?,Alternative documentation (other than an energy report) was utilized without meeting qualified circumstances in a HomeStyle loan.,threshold_eligibility,B5-3.3-01 HomeStyle Refresh for Improvements on Existing Properties,NOT_APPLICABLE,PRECONDITION_NOT_APPLICABLE,"Trigger requires a HomeStyle Energy loan; provably not one: productName='Conventional Fixed' (positive product identification), zero energy-report/energy-improvement documentTypes in the closed-world 62-entry documents[], on a standard purchase of an existing home (Purchase Agreement + full URAR). Corroborating null: renovationLoanIndicator=null.",Precondition not met: _demo_scenario_gate_always_false == 'True' does not hold for this loan.
O-FNM-15431,Product Specific,O-FNM-58664,Critical,Were all HomeStyle Energy mortgage requirements met?,"The HomeStyle energy report did not meet the standard for having a Home Energy Rating Systems (HERS) report, Department of Energy (DOE) Home Energy Score Report, or a rating report completed by an independent and certified home energy consultant or auditor that is comparable in rating methods and scope to the HERS evaluation.",threshold_eligibility,B5-3.3-01 HomeStyle Refresh for Improvements on Existing Properties,NOT_APPLICABLE,PRECONDITION_NOT_APPLICABLE,"Trigger requires a HomeStyle Energy loan; provably not one: productName='Conventional Fixed' (positive product identification), zero energy-report/energy-improvement documentTypes in the closed-world 62-entry documents[], on a standard purchase of an existing home (Purchase Agreement + full URAR). Corroborating null: renovationLoanIndicator=null.",Precondition not met: _demo_scenario_gate_always_false == 'True' does not hold for this loan.
O-FNM-15431,Product Specific,O-FNM-56090,Critical,Were all HomeStyle Energy mortgage requirements met?,HomeStyle Energy used to finance energy-related improvements that are not included in the list of ENERGY STAR Efficient Products.,list_screening,B5-3.3-01 HomeStyle Refresh for Improvements on Existing Properties,NOT_COMPILED,NOT_COMPILED_NOT_CONVERTED_BY_DESIGN,Check type not in this build's scope (e.g. reverification / list_screening -- deliberately out of scope),
O-FNM-15431,Product Specific,O-FNM-58663,Critical,Were all HomeStyle Energy mortgage requirements met?,"The HomeStyle energy report did not contain all required energy savings, recommended energy improvements, cost-effectiveness and/or estimated costs.",doc_completeness,B5-3.3-01 HomeStyle Refresh for Improvements on Existing Properties,NOT_APPLICABLE,PRECONDITION_NOT_APPLICABLE,"Not a renovation/HomeStyle loan (renovationLoanIndicator=null, no renovation docs); HomeStyle Energy is a renovation/energy-improvement subtype",Precondition not met: _demo_scenario_gate_always_false == 'True' does not hold for this loan.
O-FNM-15431,Product Specific,O-FNM-58662,Critical,Were all HomeStyle Energy mortgage requirements met?,The subject HomeStyle loan did not include an energy report or the report was dated more than 24 months before the note date.,date_window,B5-3.3-01 HomeStyle Refresh for Improvements on Existing Properties,NOT_APPLICABLE,PRECONDITION_NOT_APPLICABLE,"Trigger requires a HomeStyle Energy loan; provably not one: productName='Conventional Fixed' (positive product identification), zero energy-report/energy-improvement documentTypes in the closed-world 62-entry documents[], on a standard purchase of an existing home (Purchase Agreement + full URAR). Corroborating null: renovationLoanIndicator=null.",Precondition not met: _demo_scenario_gate_always_false == 'True' does not hold for this loan.
O-FNM-15432,Product Specific,O-FNM-52716,Critical,"Where the loan is a Texas Equity Section 50(a)(6) loan, were all requirements met?","Remote online notarization, (RON), was used in a Texas Equity Section 50(a)(6) Mortgage.",threshold_eligibility,"B5-4.1-01 Texas Section 50(a)(6) Loans; B5-4.1-02 Texas Section 50(a)(6) Loan Eligibility; B5-4.1-03 Texas Section 50(a)(6) Loan Underwriting, Collateral, and Closing Considerations",NOT_APPLICABLE,PRECONDITION_NOT_APPLICABLE,"Trigger requires a Texas Equity Section 50(a)(6) loan, which exists only as a lien on a Texas homestead; subject property stateCode='HI' (Keaau, Hawaii County). Additionally the loan is a PURCHASE, and a 50(a)(6) is an equity/cash-out lien.",Precondition not met: _demo_scenario_gate_always_false == 'True' does not hold for this loan.
O-FNM-15432,Product Specific,O-FNM-50324,Critical,"Where the loan is a Texas Equity Section 50(a)(6) loan, were all requirements met?","The mortgage loan does not comply with Article XVI, Section 50(a)(6), of the Texas Constitution and all applicable requirements",scripted_review,"B5-4.1-01 Texas Section 50(a)(6) Loans; B5-4.1-02 Texas Section 50(a)(6) Loan Eligibility; B5-4.1-03 Texas Section 50(a)(6) Loan Underwriting, Collateral, and Closing Considerations",NOT_APPLICABLE,PRECONDITION_NOT_APPLICABLE,"Option text requires a Texas Section 50(a)(6) mortgage (""Article XVI, Section 50(a)(6), of the Texas Constitution""), which exists only as a lien on a Texas homestead; subject property state is HI (collateralDetail.collateral[0].propertyDetail.propertyAddress.stateCode=""HI"") and loanSummary.loanTerms.loanPurposeType=""PURCHASE"" (50(a)(6) is a home-equity structure) -- two independent negations. Trigger is card-level and both siblings restate the Texas scope verbatim; wired per-option for scenario-table consistency.",Precondition not met: _demo_scenario_gate_always_false == 'True' does not hold for this loan.
O-FNM-15432,Product Specific,O-FNM-51479,Critical,"Where the loan is a Texas Equity Section 50(a)(6) loan, were all requirements met?",The subject is an eMortgage which is not eligible for a Texas Section 50(a)(6).,threshold_eligibility,"B5-4.1-01 Texas Section 50(a)(6) Loans; B5-4.1-02 Texas Section 50(a)(6) Loan Eligibility; B5-4.1-03 Texas Section 50(a)(6) Loan Underwriting, Collateral, and Closing Considerations",NOT_APPLICABLE,PRECONDITION_NOT_APPLICABLE,"Trigger requires a Texas Equity Section 50(a)(6) loan, which exists only as a lien on a Texas homestead; subject property stateCode='HI' (Keaau, Hawaii County). Additionally the loan is a PURCHASE, and a 50(a)(6) is an equity/cash-out lien.",Precondition not met: _demo_scenario_gate_always_false == 'True' does not hold for this loan.
O-FNM-15433,Product Specific,O-FNM-56359,Critical,Were all Community Seconds and Community Land Trusts requirements met?,The title insurance policy or an endorsement did not include the specific requirements for community land trust/shared equity transactions.,doc_completeness,"B5-5.1-01 Community Seconds Loans; B5-5.1-02 Community Seconds Loan Eligibility; B5-5.1-03 Community Seconds: Shared Appreciation Transactions; B5-5.3-03 Shared Equity Transactions: Eligibility, Underwriting and Collateral Requirements",NOT_APPLICABLE,PRECONDITION_NOT_APPLICABLE,Trigger requires a Community Land Trust/shared-equity transaction; profile explicitly states no such docs or mentions exist,Precondition not met: _demo_scenario_gate_always_false == 'True' does not hold for this loan.
O-FNM-15433,Product Specific,O-FNM-54034,Critical,Were all Community Seconds and Community Land Trusts requirements met?,The affordable LTV ratio was not calculated appropriately for the subject community land trust purchase transaction.,computation,"B5-5.1-01 Community Seconds Loans; B5-5.1-02 Community Seconds Loan Eligibility; B5-5.1-03 Community Seconds: Shared Appreciation Transactions; B5-5.3-03 Shared Equity Transactions: Eligibility, Underwriting and Collateral Requirements",NOT_APPLICABLE,PRECONDITION_NOT_APPLICABLE,"Trigger requires subordinate/community-second financing or a Community Land Trust / shared-equity / resale-restricted property; additionally propertyEstateType='FeeSimple' (a CLT is a leasehold on trust land) and the only project rider in the closed doc inventory is a PUD Rider documents[16] -- no CLT ground lease or resale-restriction rider exists; no subordinate financing exists: ltv=cltv=hcltv=73.86 (CLTV and HCLTV exactly equal to LTV proves no subordinate lien, drawn or undrawn, in the ratios), lienPriorityType='FirstLien', subordinateLienAmount=null, and the closed-world documents[] contains exactly one Note (documents[35]) and one Security Instrument (documents[53]) -- no second note/deed of trust.",Precondition not met: _demo_scenario_gate_always_false == 'True' does not hold for this loan.
O-FNM-15433,Product Specific,O-FNM-54033,Critical,Were all Community Seconds and Community Land Trusts requirements met?,The subject's community ground lease is not based upon either the NCLTN or ICE ground lease models.,list_screening,"B5-5.1-01 Community Seconds Loans; B5-5.1-02 Community Seconds Loan Eligibility; B5-5.1-03 Community Seconds: Shared Appreciation Transactions; B5-5.3-03 Shared Equity Transactions: Eligibility, Underwriting and Collateral Requirements",NOT_COMPILED,NOT_COMPILED_NOT_CONVERTED_BY_DESIGN,Check type not in this build's scope (e.g. reverification / list_screening -- deliberately out of scope),
O-FNM-15433,Product Specific,O-FNM-50916,Critical,Were all Community Seconds and Community Land Trusts requirements met?,The Community Second mortgage was not obtained from an allowable party and/or all requirements not met.,threshold_eligibility,"B5-5.1-01 Community Seconds Loans; B5-5.1-02 Community Seconds Loan Eligibility; B5-5.1-03 Community Seconds: Shared Appreciation Transactions; B5-5.3-03 Shared Equity Transactions: Eligibility, Underwriting and Collateral Requirements",NOT_APPLICABLE,PRECONDITION_NOT_APPLICABLE,"Trigger requires subordinate/community-second financing; no subordinate financing exists: ltv=cltv=hcltv=73.86 (CLTV and HCLTV exactly equal to LTV proves no subordinate lien, drawn or undrawn, in the ratios), lienPriorityType='FirstLien', subordinateLienAmount=null, and the closed-world documents[] contains exactly one Note (documents[35]) and one Security Instrument (documents[53]) -- no second note/deed of trust.",Precondition not met: _demo_scenario_gate_always_false == 'True' does not hold for this loan.
O-FNM-15433,Product Specific,O-FNM-56348,Critical,Were all Community Seconds and Community Land Trusts requirements met?,The minimum borrower contribution requirement was not met for a transaction with a community second loan.,computation,"B5-5.1-01 Community Seconds Loans; B5-5.1-02 Community Seconds Loan Eligibility; B5-5.1-03 Community Seconds: Shared Appreciation Transactions; B5-5.3-03 Shared Equity Transactions: Eligibility, Underwriting and Collateral Requirements",NOT_APPLICABLE,PRECONDITION_NOT_APPLICABLE,"Community-second trigger provably false: no subordinate financing exists on this loan (subordinateLienAmount=null, ltv=cltv=hcltv=73.86, lienPriorityType='FirstLien').",Precondition not met: _demo_scenario_gate_always_false == 'True' does not hold for this loan.
O-FNM-15433,Product Specific,O-FNM-56349,Critical,Were all Community Seconds and Community Land Trusts requirements met?,The community second repayment structure is unacceptable.,threshold_eligibility,"B5-5.1-01 Community Seconds Loans; B5-5.1-02 Community Seconds Loan Eligibility; B5-5.1-03 Community Seconds: Shared Appreciation Transactions; B5-5.3-03 Shared Equity Transactions: Eligibility, Underwriting and Collateral Requirements",NOT_APPLICABLE,PRECONDITION_NOT_APPLICABLE,"Trigger requires subordinate/community-second financing; no subordinate financing exists: ltv=cltv=hcltv=73.86 (CLTV and HCLTV exactly equal to LTV proves no subordinate lien, drawn or undrawn, in the ratios), lienPriorityType='FirstLien', subordinateLienAmount=null, and the closed-world documents[] contains exactly one Note (documents[35]) and one Security Instrument (documents[53]) -- no second note/deed of trust.",Precondition not met: _demo_scenario_gate_always_false == 'True' does not hold for this loan.
O-FNM-15433,Product Specific,O-FNM-56351,Critical,Were all Community Seconds and Community Land Trusts requirements met?,The community second shared appreciation transaction did not meet eligibility requirements.,threshold_eligibility,"B5-5.1-01 Community Seconds Loans; B5-5.1-02 Community Seconds Loan Eligibility; B5-5.1-03 Community Seconds: Shared Appreciation Transactions; B5-5.3-03 Shared Equity Transactions: Eligibility, Underwriting and Collateral Requirements",NOT_APPLICABLE,PRECONDITION_NOT_APPLICABLE,"Trigger requires subordinate/community-second financing; no subordinate financing exists: ltv=cltv=hcltv=73.86 (CLTV and HCLTV exactly equal to LTV proves no subordinate lien, drawn or undrawn, in the ratios), lienPriorityType='FirstLien', subordinateLienAmount=null, and the closed-world documents[] contains exactly one Note (documents[35]) and one Security Instrument (documents[53]) -- no second note/deed of trust.",Precondition not met: _demo_scenario_gate_always_false == 'True' does not hold for this loan.
O-FNM-15433,Product Specific,O-FNM-56350,Critical,Were all Community Seconds and Community Land Trusts requirements met?,The community second shared appreciation transaction did not meet provider requirements.,threshold_eligibility,"B5-5.1-01 Community Seconds Loans; B5-5.1-02 Community Seconds Loan Eligibility; B5-5.1-03 Community Seconds: Shared Appreciation Transactions; B5-5.3-03 Shared Equity Transactions: Eligibility, Underwriting and Collateral Requirements",NOT_APPLICABLE,PRECONDITION_NOT_APPLICABLE,"Trigger requires subordinate/community-second financing; no subordinate financing exists: ltv=cltv=hcltv=73.86 (CLTV and HCLTV exactly equal to LTV proves no subordinate lien, drawn or undrawn, in the ratios), lienPriorityType='FirstLien', subordinateLienAmount=null, and the closed-world documents[] contains exactly one Note (documents[35]) and one Security Instrument (documents[53]) -- no second note/deed of trust.",Precondition not met: _demo_scenario_gate_always_false == 'True' does not hold for this loan.
O-FNM-15433,Product Specific,O-FNM-56352,Critical,Were all Community Seconds and Community Land Trusts requirements met?,The community second shared appreciation transaction did not meet repayment distribution requirements.,threshold_eligibility,"B5-5.1-01 Community Seconds Loans; B5-5.1-02 Community Seconds Loan Eligibility; B5-5.1-03 Community Seconds: Shared Appreciation Transactions; B5-5.3-03 Shared Equity Transactions: Eligibility, Underwriting and Collateral Requirements",NOT_APPLICABLE,PRECONDITION_NOT_APPLICABLE,"Trigger requires subordinate/community-second financing; no subordinate financing exists: ltv=cltv=hcltv=73.86 (CLTV and HCLTV exactly equal to LTV proves no subordinate lien, drawn or undrawn, in the ratios), lienPriorityType='FirstLien', subordinateLienAmount=null, and the closed-world documents[] contains exactly one Note (documents[35]) and one Security Instrument (documents[53]) -- no second note/deed of trust.",Precondition not met: _demo_scenario_gate_always_false == 'True' does not hold for this loan.
O-FNM-15433,Product Specific,O-FNM-56347,Critical,Were all Community Seconds and Community Land Trusts requirements met?,The community second loan proceeds were used toward an unacceptable use of funds.,threshold_eligibility,"B5-5.1-01 Community Seconds Loans; B5-5.1-02 Community Seconds Loan Eligibility; B5-5.1-03 Community Seconds: Shared Appreciation Transactions; B5-5.3-03 Shared Equity Transactions: Eligibility, Underwriting and Collateral Requirements",NOT_APPLICABLE,PRECONDITION_NOT_APPLICABLE,"Trigger requires subordinate/community-second financing; no subordinate financing exists: ltv=cltv=hcltv=73.86 (CLTV and HCLTV exactly equal to LTV proves no subordinate lien, drawn or undrawn, in the ratios), lienPriorityType='FirstLien', subordinateLienAmount=null, and the closed-world documents[] contains exactly one Note (documents[35]) and one Security Instrument (documents[53]) -- no second note/deed of trust.",Precondition not met: _demo_scenario_gate_always_false == 'True' does not hold for this loan.
O-FNM-15434,Product Specific,O-FNM-56358,Critical,Were all Loans with Resale Restrictions requirements met?,The community land trust ground lease did not include restrictions limiting future property buyers to those with specified income levels and limiting the maximum sales price of the property.,doc_completeness,"B5-5.2-01 Loans With Resale Restrictions: General Information; B5-5.2-02 Loans with Resale Restrictions: Eligibility, Collateral and Delivery Requirements; B5-5.3-03 Shared Equity Transactions: Eligibility, Underwriting and Collateral Requirements",NOT_APPLICABLE,PRECONDITION_NOT_APPLICABLE,Community land trust not evidenced anywhere in the file or profile,Precondition not met: _demo_scenario_gate_always_false == 'True' does not hold for this loan.
O-FNM-15434,Product Specific,O-FNM-50327,Critical,Were all Loans with Resale Restrictions requirements met?,"All requirements for properties with resale restrictions, including property type, amortization type, and loan purpose were not met.",threshold_eligibility,"B5-5.2-01 Loans With Resale Restrictions: General Information; B5-5.2-02 Loans with Resale Restrictions: Eligibility, Collateral and Delivery Requirements; B5-5.3-03 Shared Equity Transactions: Eligibility, Underwriting and Collateral Requirements",NOT_APPLICABLE,PRECONDITION_NOT_APPLICABLE,"Trigger requires subordinate/community-second financing or a Community Land Trust / shared-equity / resale-restricted property; additionally propertyEstateType='FeeSimple' (a CLT is a leasehold on trust land) and the only project rider in the closed doc inventory is a PUD Rider documents[16] -- no CLT ground lease or resale-restriction rider exists; no subordinate financing exists: ltv=cltv=hcltv=73.86 (CLTV and HCLTV exactly equal to LTV proves no subordinate lien, drawn or undrawn, in the ratios), lienPriorityType='FirstLien', subordinateLienAmount=null, and the closed-world documents[] contains exactly one Note (documents[35]) and one Security Instrument (documents[53]) -- no second note/deed of trust.",Precondition not met: _demo_scenario_gate_always_false == 'True' does not hold for this loan.
O-FNM-15434,Product Specific,O-FNM-56353,Critical,Were all Loans with Resale Restrictions requirements met?,The appraisal did not reflect the market value of the property without resale restrictions.,doc_completeness,"B5-5.2-01 Loans With Resale Restrictions: General Information; B5-5.2-02 Loans with Resale Restrictions: Eligibility, Collateral and Delivery Requirements; B5-5.3-03 Shared Equity Transactions: Eligibility, Underwriting and Collateral Requirements",NOT_APPLICABLE,PRECONDITION_NOT_APPLICABLE,No community land trust/shared equity/resale-restriction evidenced anywhere - provably not present.,Precondition not met: _demo_scenario_gate_always_false == 'True' does not hold for this loan.
O-FNM-15434,Product Specific,O-FNM-56354,Critical,Were all Loans with Resale Restrictions requirements met?,Borrower eligibility requirements not met for a loan with resale restrictions.,threshold_eligibility,"B5-5.2-01 Loans With Resale Restrictions: General Information; B5-5.2-02 Loans with Resale Restrictions: Eligibility, Collateral and Delivery Requirements; B5-5.3-03 Shared Equity Transactions: Eligibility, Underwriting and Collateral Requirements",NOT_APPLICABLE,PRECONDITION_NOT_APPLICABLE,"Trigger requires subordinate/community-second financing or a Community Land Trust / shared-equity / resale-restricted property; additionally propertyEstateType='FeeSimple' (a CLT is a leasehold on trust land) and the only project rider in the closed doc inventory is a PUD Rider documents[16] -- no CLT ground lease or resale-restriction rider exists; no subordinate financing exists: ltv=cltv=hcltv=73.86 (CLTV and HCLTV exactly equal to LTV proves no subordinate lien, drawn or undrawn, in the ratios), lienPriorityType='FirstLien', subordinateLienAmount=null, and the closed-world documents[] contains exactly one Note (documents[35]) and one Security Instrument (documents[53]) -- no second note/deed of trust.",Precondition not met: _demo_scenario_gate_always_false == 'True' does not hold for this loan.
O-FNM-15434,Product Specific,O-FNM-56980,Critical,Were all Loans with Resale Restrictions requirements met?,The source and terms of the resale restrictions are not in the public land records readily identifiable in a routine title search.,doc_presence,"B5-5.2-01 Loans With Resale Restrictions: General Information; B5-5.2-02 Loans with Resale Restrictions: Eligibility, Collateral and Delivery Requirements; B5-5.3-03 Shared Equity Transactions: Eligibility, Underwriting and Collateral Requirements",NOT_APPLICABLE,PRECONDITION_NOT_APPLICABLE,"Resale restrictions/shared equity not evidenced anywhere; property has only a PUD Rider, no CLT/resale-restriction docs or mentions",Precondition not met: _demo_scenario_gate_always_false == 'True' does not hold for this loan.
O-FNM-15434,Product Specific,O-FNM-56981,Critical,Were all Loans with Resale Restrictions requirements met?,Fannie Mae does not have first claim to insurance settlements and condemnation proceeds.,doc_completeness,"B5-5.2-01 Loans With Resale Restrictions: General Information; B5-5.2-02 Loans with Resale Restrictions: Eligibility, Collateral and Delivery Requirements; B5-5.3-03 Shared Equity Transactions: Eligibility, Underwriting and Collateral Requirements",NOT_COMPILED,DEMO_EXCLUDED,not_automatable_for_demo,
O-FNM-15435,Product Specific,O-FNM-51184,Critical,Were all HomeReady requirements met?,"In a HomeReady where boarder income is used, the boarder is obligated on the loan and/or all other requirements not met.",threshold_eligibility,B5-6-01 HomeReady Mortgage Loan and Borrower Eligibility; B5-6-02 HomeReady Mortgage Underwriting Methods and Requirements,NOT_APPLICABLE,PRECONDITION_NOT_APPLICABLE,"Trigger requires a HomeReady transaction; loanProduct.productName='Conventional Fixed' and productPortfolioName='FNMA' -- positive product identification of a standard conventional product, not HomeReady. Auxiliary context: qualifying income totalMonthlyIncomeAmount=19500/mo, inconsistent with an income-limited affordable product. Polarity checked: the defect condition attaches only inside a HomeReady transaction, 'not HomeReady' is the exemption here, not the trigger.",Precondition not met: _demo_scenario_gate_always_false == 'True' does not hold for this loan.
O-FNM-15435,Product Specific,O-FNM-50328,Critical,Were all HomeReady requirements met?,"Not all requirements were met for a HomeReady transaction with an LTV, CLTV, or HCLTV Ratio of 95.01 – 97%.",threshold_eligibility,B5-6-01 HomeReady Mortgage Loan and Borrower Eligibility; B5-6-02 HomeReady Mortgage Underwriting Methods and Requirements,NOT_APPLICABLE,PRECONDITION_NOT_APPLICABLE,"Trigger requires a HomeReady transaction; loanProduct.productName='Conventional Fixed' and productPortfolioName='FNMA' -- positive product identification of a standard conventional product, not HomeReady. Auxiliary context: qualifying income totalMonthlyIncomeAmount=19500/mo, inconsistent with an income-limited affordable product. Polarity checked: the defect condition attaches only inside a HomeReady transaction, 'not HomeReady' is the exemption here, not the trigger. Additionally the 95.01-97% LTV band conjunct is independently false: ltv=73.8637.",Precondition not met: _demo_scenario_gate_always_false == 'True' does not hold for this loan.
O-FNM-15435,Product Specific,O-FNM-50330,Critical,Were all HomeReady requirements met?,At least one borrower did not complete homeownership education when all occupying borrowers are first-time homebuyers regardless of LTV.,doc_presence,B5-6-01 HomeReady Mortgage Loan and Borrower Eligibility; B5-6-02 HomeReady Mortgage Underwriting Methods and Requirements,NOT_APPLICABLE,PRECONDITION_NOT_APPLICABLE,HomeReady explicitly listed as not evidenced/no mentions anywhere in the file,Precondition not met: _demo_scenario_gate_always_false == 'True' does not hold for this loan.
O-FNM-15435,Product Specific,O-FNM-51185,Critical,Were all HomeReady requirements met?,A HomeReady and HomeStyle Renovation is combined without all mortgage insurance requirements being met.,threshold_eligibility,B5-6-01 HomeReady Mortgage Loan and Borrower Eligibility; B5-6-02 HomeReady Mortgage Underwriting Methods and Requirements,NOT_APPLICABLE,PRECONDITION_NOT_APPLICABLE,"Trigger requires a HomeReady transaction; loanProduct.productName='Conventional Fixed' and productPortfolioName='FNMA' -- positive product identification of a standard conventional product, not HomeReady. Auxiliary context: qualifying income totalMonthlyIncomeAmount=19500/mo, inconsistent with an income-limited affordable product. Polarity checked: the defect condition attaches only inside a HomeReady transaction, 'not HomeReady' is the exemption here, not the trigger.",Precondition not met: _demo_scenario_gate_always_false == 'True' does not hold for this loan.
O-FNM-15435,Product Specific,O-FNM-50917,Critical,Were all HomeReady requirements met?,The mortgage was ineligible under the HomeReady borrower income limits.,threshold_eligibility,B5-6-01 HomeReady Mortgage Loan and Borrower Eligibility; B5-6-02 HomeReady Mortgage Underwriting Methods and Requirements,NOT_APPLICABLE,PRECONDITION_NOT_APPLICABLE,"Trigger requires a HomeReady transaction; loanProduct.productName='Conventional Fixed' and productPortfolioName='FNMA' -- positive product identification of a standard conventional product, not HomeReady. Auxiliary context: qualifying income totalMonthlyIncomeAmount=19500/mo, inconsistent with an income-limited affordable product. Polarity checked: the defect condition attaches only inside a HomeReady transaction, 'not HomeReady' is the exemption here, not the trigger.",Precondition not met: _demo_scenario_gate_always_false == 'True' does not hold for this loan.
O-FNM-15435,Product Specific,O-FNM-55905,Critical,Were all HomeReady requirements met?,HomeReady lender-funded grant was funded through premium pricing or another way through the loan.,cross_doc_consistency,B5-6-01 HomeReady Mortgage Loan and Borrower Eligibility; B5-6-02 HomeReady Mortgage Underwriting Methods and Requirements,NOT_APPLICABLE,PRECONDITION_NOT_APPLICABLE,"Provably not a HomeReady loan: loanSummary.loanProduct.productName='Conventional Fixed' (a populated product identification), with no HomeReady evidence anywhere in the closed doc inventory.",Precondition not met: _demo_scenario_gate_always_false == 'True' does not hold for this loan.
O-FNM-15435,Product Specific,O-FNM-55904,Critical,Were all HomeReady requirements met?,The borrower did not make at least a 3% contribution from their own funds or other eligible sources in a HomeReady with a lender-funded grant.,computation,B5-6-01 HomeReady Mortgage Loan and Borrower Eligibility; B5-6-02 HomeReady Mortgage Underwriting Methods and Requirements,NOT_APPLICABLE,PRECONDITION_NOT_APPLICABLE,"Provably not a HomeReady loan: loanSummary.loanProduct.productName='Conventional Fixed' (a populated product identification), with no HomeReady evidence anywhere in the closed doc inventory.",Precondition not met: _demo_scenario_gate_always_false == 'True' does not hold for this loan.
O-FNM-15435,Product Specific,O-FNM-55903,Critical,Were all HomeReady requirements met?,"In a HomeReady with a lender-funded grant, the terms and conditions of the lender-funded grant program is not in the file.",doc_presence,B5-6-01 HomeReady Mortgage Loan and Borrower Eligibility; B5-6-02 HomeReady Mortgage Underwriting Methods and Requirements,NOT_APPLICABLE,PRECONDITION_NOT_APPLICABLE,HomeReady not evidenced anywhere in the file or profile,Precondition not met: _demo_scenario_gate_always_false == 'True' does not hold for this loan.
O-FNM-15435,Product Specific,O-FNM-50329,Critical,Were all HomeReady requirements met?,"In a HomeReady Mortgage with an LTV over 80%, the borrower's minimum contribution amount was not met.",computation,B5-6-01 HomeReady Mortgage Loan and Borrower Eligibility; B5-6-02 HomeReady Mortgage Underwriting Methods and Requirements,NOT_APPLICABLE,PRECONDITION_NOT_APPLICABLE,"Provably not a HomeReady loan: loanSummary.loanProduct.productName='Conventional Fixed' (a populated product identification), with no HomeReady evidence anywhere in the closed doc inventory; additionally LTV is 73.8637, not over 80%.",Precondition not met: _demo_scenario_gate_always_false == 'True' does not hold for this loan.
O-FNM-15435,Product Specific,O-FNM-00193,Critical,Were all HomeReady requirements met?,"In a manually underwritten HomeReady where the credit score does not meet the minimum required due to an insufficient traditional credit history, the traditional credit was not supplemented with a nontraditional credit profile.",threshold_eligibility,B5-6-01 HomeReady Mortgage Loan and Borrower Eligibility; B5-6-02 HomeReady Mortgage Underwriting Methods and Requirements,NOT_APPLICABLE,PRECONDITION_NOT_APPLICABLE,"Trigger requires a HomeReady transaction; loanProduct.productName='Conventional Fixed' and productPortfolioName='FNMA' -- positive product identification of a standard conventional product, not HomeReady. Auxiliary context: qualifying income totalMonthlyIncomeAmount=19500/mo, inconsistent with an income-limited affordable product. Polarity checked: the defect condition attaches only inside a HomeReady transaction, 'not HomeReady' is the exemption here, not the trigger.",Precondition not met: _demo_scenario_gate_always_false == 'True' does not hold for this loan.
O-FNM-15446,Product Specific,O-FNM-54189,Critical,Were all NY CEMA Agreement requirements met?,"The New York CEMA consolidation was not documented on Form 3172, Consolidation, Extension and Modification Agreement, and/or was missing accompanying exhibits as required.",doc_presence,B8-2-02 Special-Purpose Security Instruments,NOT_APPLICABLE,PRECONDITION_NOT_APPLICABLE,"NY CEMA card applicability requires Loans.AddressState='NY'; property is in Hawaii (propertyAddress.stateCode='HI') -- a NY Consolidation, Extension and Modification Agreement is jurisdictionally impossible; also a PURCHASE, not a refinance consolidation.",Precondition not met: Loans.AddressState == 'NY' does not hold for this loan.
O-FNM-15845,Product Specific,O-FNM-55406,Critical,Were all additional conversion of construction-to-permanent (CP) mortgage loan financing requirements met?,Single-closing construction-to-permanent credit documents were dated over 4 months at the time of the conversion to permanent financing.,date_window,B5-3.1-02 Conversion of Construction-to-Permanent Financing: Single-Closing Transactions; B5-3.1-03 Conversion of Construction-to-Permanent Financing: Two-Closing Transactions; B2-1.3-02 Limited Cash-Out Refinance Transactions,NOT_APPLICABLE,PRECONDITION_NOT_APPLICABLE,"Trigger requires a construction-to-permanent (CTP) transaction; provably not CTP by positive facts, not null-inference alone: loanPurposeType='PURCHASE' (positive enum); the closed-world 62-entry documents[] (complete per the Touchless contract) contains zero construction documentTypes -- no construction loan agreement, construction rider, draw schedule, or conversion/modification agreement, all of which a CTP closing package must contain; standard resale Purchase Agreement documents[13] and permanent Note documents[35] are present. Corroborating nulls: loanSummary.construction=null, constructionLoanIndicator=null, constructionToPermanentClosingType=null.",Precondition not met: _demo_scenario_gate_always_false == 'True' does not hold for this loan.
O-FNM-15845,Product Specific,O-FNM-55407,Critical,Were all additional conversion of construction-to-permanent (CP) mortgage loan financing requirements met?,Single-closing construction-to-permanent credit documents are dated more than 4 months but not exceeding 12 months without all conditions met.,date_window,B5-3.1-02 Conversion of Construction-to-Permanent Financing: Single-Closing Transactions; B5-3.1-03 Conversion of Construction-to-Permanent Financing: Two-Closing Transactions; B2-1.3-02 Limited Cash-Out Refinance Transactions,NOT_APPLICABLE,PRECONDITION_NOT_APPLICABLE,"Trigger requires a construction-to-permanent (CTP) transaction; provably not CTP by positive facts, not null-inference alone: loanPurposeType='PURCHASE' (positive enum); the closed-world 62-entry documents[] (complete per the Touchless contract) contains zero construction documentTypes -- no construction loan agreement, construction rider, draw schedule, or conversion/modification agreement, all of which a CTP closing package must contain; standard resale Purchase Agreement documents[13] and permanent Note documents[35] are present. Corroborating nulls: loanSummary.construction=null, constructionLoanIndicator=null, constructionToPermanentClosingType=null.",Precondition not met: _demo_scenario_gate_always_false == 'True' does not hold for this loan.
O-FNM-15845,Product Specific,O-FNM-55402,Critical,Were all additional conversion of construction-to-permanent (CP) mortgage loan financing requirements met?,Down payment requirements were not met for the subject single-closing construction-to-permanent purchase transaction.,computation,B5-3.1-02 Conversion of Construction-to-Permanent Financing: Single-Closing Transactions; B5-3.1-03 Conversion of Construction-to-Permanent Financing: Two-Closing Transactions; B2-1.3-02 Limited Cash-Out Refinance Transactions,NOT_APPLICABLE,PRECONDITION_NOT_APPLICABLE,"Provably not a construction-to-permanent transaction: loanPurposeType='PURCHASE' of an existing home, loanSummary.construction=null, constructionLoanIndicator=null, constructionToPermanentClosingType=null, and the closed 62-doc inventory contains a standard Purchase Agreement and Form 1004 but no construction contract/loan agreement/1004D completion doc.",Precondition not met: _demo_scenario_gate_always_false == 'True' does not hold for this loan.
O-FNM-15845,Product Specific,O-FNM-55400,Critical,Were all additional conversion of construction-to-permanent (CP) mortgage loan financing requirements met?,The borrower did not use the proceeds from the interim construction financing to purchase the lot and finance the construction of the property in a single-closing construction-to-permanent purchase.,cross_doc_consistency,B5-3.1-02 Conversion of Construction-to-Permanent Financing: Single-Closing Transactions; B5-3.1-03 Conversion of Construction-to-Permanent Financing: Two-Closing Transactions; B2-1.3-02 Limited Cash-Out Refinance Transactions,NOT_APPLICABLE,PRECONDITION_NOT_APPLICABLE,"Provably not a construction-to-permanent transaction: loanPurposeType='PURCHASE' of an existing home, loanSummary.construction=null, constructionLoanIndicator=null, constructionToPermanentClosingType=null, and the closed 62-doc inventory contains a standard Purchase Agreement and Form 1004 but no construction contract/loan agreement/1004D completion doc.",Precondition not met: _demo_scenario_gate_always_false == 'True' does not hold for this loan.
O-FNM-15845,Product Specific,O-FNM-55408,Critical,Were all additional conversion of construction-to-permanent (CP) mortgage loan financing requirements met?,The single-closing construction-to-permanent did not use a construction loan rider or separate modification agreement to convert to a permanent mortgage.,doc_presence,B5-3.1-02 Conversion of Construction-to-Permanent Financing: Single-Closing Transactions; B5-3.1-03 Conversion of Construction-to-Permanent Financing: Two-Closing Transactions; B2-1.3-02 Limited Cash-Out Refinance Transactions,NOT_APPLICABLE,PRECONDITION_NOT_APPLICABLE,No construction docs in the closed-world file -> provably not a construction-to-permanent loan,Precondition not met: _demo_scenario_gate_always_false == 'True' does not hold for this loan.
O-FNM-15845,Product Specific,O-FNM-55405,Critical,Were all additional conversion of construction-to-permanent (CP) mortgage loan financing requirements met?,Underwriting of the single-closing construction-to-permanent loan was not based on the permanent financing terms or was modified and not re-underwritten.,cross_doc_consistency,B5-3.1-02 Conversion of Construction-to-Permanent Financing: Single-Closing Transactions; B5-3.1-03 Conversion of Construction-to-Permanent Financing: Two-Closing Transactions; B2-1.3-02 Limited Cash-Out Refinance Transactions,NOT_APPLICABLE,PRECONDITION_NOT_APPLICABLE,"Provably not a construction-to-permanent transaction: loanPurposeType='PURCHASE' of an existing home, loanSummary.construction=null, constructionLoanIndicator=null, constructionToPermanentClosingType=null, and the closed 62-doc inventory contains a standard Purchase Agreement and Form 1004 but no construction contract/loan agreement/1004D completion doc.",Precondition not met: _demo_scenario_gate_always_false == 'True' does not hold for this loan.
O-FNM-15845,Product Specific,O-FNM-55401,Critical,Were all additional conversion of construction-to-permanent (CP) mortgage loan financing requirements met?,"The single-closing construction-to-permanent LTV, CLTV and/or HCLTV was not calculated correctly based on property and loan type.",computation,B5-3.1-02 Conversion of Construction-to-Permanent Financing: Single-Closing Transactions; B5-3.1-03 Conversion of Construction-to-Permanent Financing: Two-Closing Transactions; B2-1.3-02 Limited Cash-Out Refinance Transactions,NOT_APPLICABLE,PRECONDITION_NOT_APPLICABLE,"Trigger requires a construction-to-permanent (CTP) transaction; provably not CTP by positive facts, not null-inference alone: loanPurposeType='PURCHASE' (positive enum); the closed-world 62-entry documents[] (complete per the Touchless contract) contains zero construction documentTypes -- no construction loan agreement, construction rider, draw schedule, or conversion/modification agreement, all of which a CTP closing package must contain; standard resale Purchase Agreement documents[13] and permanent Note documents[35] are present. Corroborating nulls: loanSummary.construction=null, constructionLoanIndicator=null, constructionToPermanentClosingType=null.",Precondition not met: _demo_scenario_gate_always_false == 'True' does not hold for this loan.
O-FNM-15845,Product Specific,O-FNM-55404,Critical,Were all additional conversion of construction-to-permanent (CP) mortgage loan financing requirements met?,The terms of the single-closing construction-to-permanent modified were ineligible for modification.,threshold_eligibility,B5-3.1-02 Conversion of Construction-to-Permanent Financing: Single-Closing Transactions; B5-3.1-03 Conversion of Construction-to-Permanent Financing: Two-Closing Transactions; B2-1.3-02 Limited Cash-Out Refinance Transactions,NOT_APPLICABLE,PRECONDITION_NOT_APPLICABLE,"Trigger requires a construction-to-permanent (CTP) transaction; provably not CTP by positive facts, not null-inference alone: loanPurposeType='PURCHASE' (positive enum); the closed-world 62-entry documents[] (complete per the Touchless contract) contains zero construction documentTypes -- no construction loan agreement, construction rider, draw schedule, or conversion/modification agreement, all of which a CTP closing package must contain; standard resale Purchase Agreement documents[13] and permanent Note documents[35] are present. Corroborating nulls: loanSummary.construction=null, constructionLoanIndicator=null, constructionToPermanentClosingType=null.",Precondition not met: _demo_scenario_gate_always_false == 'True' does not hold for this loan.
O-FNM-15845,Product Specific,O-FNM-55403,Critical,Were all additional conversion of construction-to-permanent (CP) mortgage loan financing requirements met?,The terms of the single-closing construction-to-permanent were modified after the time of conversion.,date_window,B5-3.1-02 Conversion of Construction-to-Permanent Financing: Single-Closing Transactions; B5-3.1-03 Conversion of Construction-to-Permanent Financing: Two-Closing Transactions; B2-1.3-02 Limited Cash-Out Refinance Transactions,NOT_APPLICABLE,PRECONDITION_NOT_APPLICABLE,"Trigger requires a construction-to-permanent (CTP) transaction; provably not CTP by positive facts, not null-inference alone: loanPurposeType='PURCHASE' (positive enum); the closed-world 62-entry documents[] (complete per the Touchless contract) contains zero construction documentTypes -- no construction loan agreement, construction rider, draw schedule, or conversion/modification agreement, all of which a CTP closing package must contain; standard resale Purchase Agreement documents[13] and permanent Note documents[35] are present. Corroborating nulls: loanSummary.construction=null, constructionLoanIndicator=null, constructionToPermanentClosingType=null.",Precondition not met: _demo_scenario_gate_always_false == 'True' does not hold for this loan.
O-FNM-15845,Product Specific,O-FNM-55409,Critical,Were all additional conversion of construction-to-permanent (CP) mortgage loan financing requirements met?,The two-closing construction-to-permanent transaction permanent mortgage is not a limited cash out or cash out refinance transaction.,threshold_eligibility,B5-3.1-02 Conversion of Construction-to-Permanent Financing: Single-Closing Transactions; B5-3.1-03 Conversion of Construction-to-Permanent Financing: Two-Closing Transactions; B2-1.3-02 Limited Cash-Out Refinance Transactions,NOT_APPLICABLE,PRECONDITION_NOT_APPLICABLE,"Trigger requires a construction-to-permanent (CTP) transaction; provably not CTP by positive facts, not null-inference alone: loanPurposeType='PURCHASE' (positive enum); the closed-world 62-entry documents[] (complete per the Touchless contract) contains zero construction documentTypes -- no construction loan agreement, construction rider, draw schedule, or conversion/modification agreement, all of which a CTP closing package must contain; standard resale Purchase Agreement documents[13] and permanent Note documents[35] are present. Corroborating nulls: loanSummary.construction=null, constructionLoanIndicator=null, constructionToPermanentClosingType=null.",Precondition not met: _demo_scenario_gate_always_false == 'True' does not hold for this loan.
O-FNM-15928,Product Specific,O-FNM-58738,Critical,Were all additional HomeStyle Renovation mortgage requirements met?,The renovation contract was not fully executed by both the contractor and the borrower prior to closing.,doc_completeness,"B5-3.2-06 HomeStyle Renovation: Renovation Contract, Renovation Loan Agreement, and Lien Waiver",NOT_APPLICABLE,PRECONDITION_NOT_APPLICABLE,"Not a HomeStyle Renovation loan: renovationLoanIndicator=null and no renovation docs, provably not a renovation loan",Precondition not met: _demo_scenario_gate_always_false == 'True' does not hold for this loan.
O-FNM-15928,Product Specific,O-FNM-55517,Critical,Were all additional HomeStyle Renovation mortgage requirements met?,The HomeStyle renovation loan agreement is not in the file or does not include all required elements and provisions.,doc_completeness,"B5-3.2-06 HomeStyle Renovation: Renovation Contract, Renovation Loan Agreement, and Lien Waiver",NOT_APPLICABLE,PRECONDITION_NOT_APPLICABLE,"renovationLoanIndicator=null, no renovation docs in the closed 54-doc inventory -> provably not a HomeStyle Renovation loan",Precondition not met: _demo_scenario_gate_always_false == 'True' does not hold for this loan.
O-FNM-15928,Product Specific,O-FNM-55518,Critical,Were all additional HomeStyle Renovation mortgage requirements met?,The HomeStyle loan agreement was not fully executed by both the lender and the borrower at closing dated the same date as the note.,doc_completeness,"B5-3.2-06 HomeStyle Renovation: Renovation Contract, Renovation Loan Agreement, and Lien Waiver",NOT_APPLICABLE,PRECONDITION_NOT_APPLICABLE,Not a HomeStyle Renovation loan; renovationLoanIndicator=null and no renovation docs -- provably not a renovation loan.,Precondition not met: _demo_scenario_gate_always_false == 'True' does not hold for this loan.
O-FNM-15939,Product Specific,O-FNM-55397,Critical,Were all single closing conversion of construction-to-permanent financing requirements met?,The construction loan period for the subject single-closing construction-to-permanent transaction had a single period of over 12 months and/or a total period exceeding 18 months.,date_window,B5-3.1-02 Conversion of Construction-to-Permanent Financing: Single-Closing Transactions,NOT_APPLICABLE,PRECONDITION_NOT_APPLICABLE,"Trigger requires a construction-to-permanent (CTP) transaction; provably not CTP by positive facts, not null-inference alone: loanPurposeType='PURCHASE' (positive enum); the closed-world 62-entry documents[] (complete per the Touchless contract) contains zero construction documentTypes -- no construction loan agreement, construction rider, draw schedule, or conversion/modification agreement, all of which a CTP closing package must contain; standard resale Purchase Agreement documents[13] and permanent Note documents[35] are present. Corroborating nulls: loanSummary.construction=null, constructionLoanIndicator=null, constructionToPermanentClosingType=null.",Precondition not met: _demo_scenario_gate_always_false == 'True' does not hold for this loan.
O-FNM-15939,Product Specific,O-FNM-55406,Critical,Were all single closing conversion of construction-to-permanent financing requirements met?,Single-closing construction-to-permanent credit documents were dated over 4 months at the time of the conversion to permanent financing.,date_window,B5-3.1-02 Conversion of Construction-to-Permanent Financing: Single-Closing Transactions,NOT_APPLICABLE,PRECONDITION_NOT_APPLICABLE,"Trigger requires a construction-to-permanent (CTP) transaction; provably not CTP by positive facts, not null-inference alone: loanPurposeType='PURCHASE' (positive enum); the closed-world 62-entry documents[] (complete per the Touchless contract) contains zero construction documentTypes -- no construction loan agreement, construction rider, draw schedule, or conversion/modification agreement, all of which a CTP closing package must contain; standard resale Purchase Agreement documents[13] and permanent Note documents[35] are present. Corroborating nulls: loanSummary.construction=null, constructionLoanIndicator=null, constructionToPermanentClosingType=null.",Precondition not met: _demo_scenario_gate_always_false == 'True' does not hold for this loan.
O-FNM-15939,Product Specific,O-FNM-55402,Critical,Were all single closing conversion of construction-to-permanent financing requirements met?,Down payment requirements were not met for the subject single-closing construction-to-permanent purchase transaction.,computation,B5-3.1-02 Conversion of Construction-to-Permanent Financing: Single-Closing Transactions,NOT_APPLICABLE,PRECONDITION_NOT_APPLICABLE,"Provably not a construction-to-permanent transaction: loanPurposeType='PURCHASE' of an existing home, loanSummary.construction=null, constructionLoanIndicator=null, constructionToPermanentClosingType=null, and the closed 62-doc inventory contains a standard Purchase Agreement and Form 1004 but no construction contract/loan agreement/1004D completion doc.",Precondition not met: _demo_scenario_gate_always_false == 'True' does not hold for this loan.
O-FNM-15939,Product Specific,O-FNM-55399,Critical,Were all single closing conversion of construction-to-permanent financing requirements met?,The borrower was not the owner of the lot at the time of the first advance of interim construction financing in a single-closing construction-to-permanent purchase.,date_window,B5-3.1-02 Conversion of Construction-to-Permanent Financing: Single-Closing Transactions,NOT_APPLICABLE,PRECONDITION_NOT_APPLICABLE,"Trigger requires a construction-to-permanent (CTP) transaction; provably not CTP by positive facts, not null-inference alone: loanPurposeType='PURCHASE' (positive enum); the closed-world 62-entry documents[] (complete per the Touchless contract) contains zero construction documentTypes -- no construction loan agreement, construction rider, draw schedule, or conversion/modification agreement, all of which a CTP closing package must contain; standard resale Purchase Agreement documents[13] and permanent Note documents[35] are present. Corroborating nulls: loanSummary.construction=null, constructionLoanIndicator=null, constructionToPermanentClosingType=null.",Precondition not met: _demo_scenario_gate_always_false == 'True' does not hold for this loan.
O-FNM-15939,Product Specific,O-FNM-55400,Critical,Were all single closing conversion of construction-to-permanent financing requirements met?,The borrower did not use the proceeds from the interim construction financing to purchase the lot and finance the construction of the property in a single-closing construction-to-permanent purchase.,cross_doc_consistency,B5-3.1-02 Conversion of Construction-to-Permanent Financing: Single-Closing Transactions,NOT_APPLICABLE,PRECONDITION_NOT_APPLICABLE,"Provably not a construction-to-permanent transaction: loanPurposeType='PURCHASE' of an existing home, loanSummary.construction=null, constructionLoanIndicator=null, constructionToPermanentClosingType=null, and the closed 62-doc inventory contains a standard Purchase Agreement and Form 1004 but no construction contract/loan agreement/1004D completion doc.",Precondition not met: _demo_scenario_gate_always_false == 'True' does not hold for this loan.
O-FNM-15939,Product Specific,O-FNM-55405,Critical,Were all single closing conversion of construction-to-permanent financing requirements met?,Underwriting of the single-closing construction-to-permanent loan was not based on the permanent financing terms or was modified and not re-underwritten.,cross_doc_consistency,B5-3.1-02 Conversion of Construction-to-Permanent Financing: Single-Closing Transactions,NOT_APPLICABLE,PRECONDITION_NOT_APPLICABLE,"Provably not a construction-to-permanent transaction: loanPurposeType='PURCHASE' of an existing home, loanSummary.construction=null, constructionLoanIndicator=null, constructionToPermanentClosingType=null, and the closed 62-doc inventory contains a standard Purchase Agreement and Form 1004 but no construction contract/loan agreement/1004D completion doc.",Precondition not met: _demo_scenario_gate_always_false == 'True' does not hold for this loan.
O-FNM-15939,Product Specific,O-FNM-55398,Critical,Were all single closing conversion of construction-to-permanent financing requirements met?,The loan term exceeded 30 years after conversion to permanent financing in a single-closing construction-to-permanent transaction (disregarding the construction period).,threshold_eligibility,B5-3.1-02 Conversion of Construction-to-Permanent Financing: Single-Closing Transactions,NOT_APPLICABLE,PRECONDITION_NOT_APPLICABLE,"Trigger requires a construction-to-permanent (CTP) transaction; provably not CTP by positive facts, not null-inference alone: loanPurposeType='PURCHASE' (positive enum); the closed-world 62-entry documents[] (complete per the Touchless contract) contains zero construction documentTypes -- no construction loan agreement, construction rider, draw schedule, or conversion/modification agreement, all of which a CTP closing package must contain; standard resale Purchase Agreement documents[13] and permanent Note documents[35] are present. Corroborating nulls: loanSummary.construction=null, constructionLoanIndicator=null, constructionToPermanentClosingType=null.",Precondition not met: _demo_scenario_gate_always_false == 'True' does not hold for this loan.
O-FNM-15939,Product Specific,O-FNM-55401,Critical,Were all single closing conversion of construction-to-permanent financing requirements met?,"The single-closing construction-to-permanent LTV, CLTV and/or HCLTV was not calculated correctly based on property and loan type.",computation,B5-3.1-02 Conversion of Construction-to-Permanent Financing: Single-Closing Transactions,NOT_APPLICABLE,PRECONDITION_NOT_APPLICABLE,"Trigger requires a construction-to-permanent (CTP) transaction; provably not CTP by positive facts, not null-inference alone: loanPurposeType='PURCHASE' (positive enum); the closed-world 62-entry documents[] (complete per the Touchless contract) contains zero construction documentTypes -- no construction loan agreement, construction rider, draw schedule, or conversion/modification agreement, all of which a CTP closing package must contain; standard resale Purchase Agreement documents[13] and permanent Note documents[35] are present. Corroborating nulls: loanSummary.construction=null, constructionLoanIndicator=null, constructionToPermanentClosingType=null.",Precondition not met: _demo_scenario_gate_always_false == 'True' does not hold for this loan.
O-FNM-15939,Product Specific,O-FNM-55404,Critical,Were all single closing conversion of construction-to-permanent financing requirements met?,The terms of the single-closing construction-to-permanent modified were ineligible for modification.,threshold_eligibility,B5-3.1-02 Conversion of Construction-to-Permanent Financing: Single-Closing Transactions,NOT_APPLICABLE,PRECONDITION_NOT_APPLICABLE,"Trigger requires a construction-to-permanent (CTP) transaction; provably not CTP by positive facts, not null-inference alone: loanPurposeType='PURCHASE' (positive enum); the closed-world 62-entry documents[] (complete per the Touchless contract) contains zero construction documentTypes -- no construction loan agreement, construction rider, draw schedule, or conversion/modification agreement, all of which a CTP closing package must contain; standard resale Purchase Agreement documents[13] and permanent Note documents[35] are present. Corroborating nulls: loanSummary.construction=null, constructionLoanIndicator=null, constructionToPermanentClosingType=null.",Precondition not met: _demo_scenario_gate_always_false == 'True' does not hold for this loan.
O-FNM-15939,Product Specific,O-FNM-55403,Critical,Were all single closing conversion of construction-to-permanent financing requirements met?,The terms of the single-closing construction-to-permanent were modified after the time of conversion.,date_window,B5-3.1-02 Conversion of Construction-to-Permanent Financing: Single-Closing Transactions,NOT_APPLICABLE,PRECONDITION_NOT_APPLICABLE,"Trigger requires a construction-to-permanent (CTP) transaction; provably not CTP by positive facts, not null-inference alone: loanPurposeType='PURCHASE' (positive enum); the closed-world 62-entry documents[] (complete per the Touchless contract) contains zero construction documentTypes -- no construction loan agreement, construction rider, draw schedule, or conversion/modification agreement, all of which a CTP closing package must contain; standard resale Purchase Agreement documents[13] and permanent Note documents[35] are present. Corroborating nulls: loanSummary.construction=null, constructionLoanIndicator=null, constructionToPermanentClosingType=null.",Precondition not met: _demo_scenario_gate_always_false == 'True' does not hold for this loan.
O-FNM-15940,Product Specific,O-FNM-55407,Critical,Were all additional single closing conversion of construction-to-permanent financing requirements met?,Single-closing construction-to-permanent credit documents are dated more than 4 months but not exceeding 12 months without all conditions met.,date_window,B5-3.1-02 Conversion of Construction-to-Permanent Financing: Single-Closing Transactions,NOT_APPLICABLE,PRECONDITION_NOT_APPLICABLE,"Trigger requires a construction-to-permanent (CTP) transaction; provably not CTP by positive facts, not null-inference alone: loanPurposeType='PURCHASE' (positive enum); the closed-world 62-entry documents[] (complete per the Touchless contract) contains zero construction documentTypes -- no construction loan agreement, construction rider, draw schedule, or conversion/modification agreement, all of which a CTP closing package must contain; standard resale Purchase Agreement documents[13] and permanent Note documents[35] are present. Corroborating nulls: loanSummary.construction=null, constructionLoanIndicator=null, constructionToPermanentClosingType=null.",Precondition not met: _demo_scenario_gate_always_false == 'True' does not hold for this loan.
O-FNM-15940,Product Specific,O-FNM-55603,Critical,Were all additional single closing conversion of construction-to-permanent financing requirements met?,"In a single-close construction-to-permanent transaction, the effective date of the appraisal is over four months old from the note date of the construction loan.",date_window,B5-3.1-02 Conversion of Construction-to-Permanent Financing: Single-Closing Transactions,NOT_APPLICABLE,PRECONDITION_NOT_APPLICABLE,"Trigger requires a construction-to-permanent (CTP) transaction; provably not CTP by positive facts, not null-inference alone: loanPurposeType='PURCHASE' (positive enum); the closed-world 62-entry documents[] (complete per the Touchless contract) contains zero construction documentTypes -- no construction loan agreement, construction rider, draw schedule, or conversion/modification agreement, all of which a CTP closing package must contain; standard resale Purchase Agreement documents[13] and permanent Note documents[35] are present. Corroborating nulls: loanSummary.construction=null, constructionLoanIndicator=null, constructionToPermanentClosingType=null.",Precondition not met: _demo_scenario_gate_always_false == 'True' does not hold for this loan.
O-FNM-15940,Product Specific,O-FNM-55604,Critical,Were all additional single closing conversion of construction-to-permanent financing requirements met?,"In a single-close construction-to-permanent transaction, a completed Appraisal Update and/or Completion Report (Form 1004D) including the appraisal update and certification of completion is not in the file.",doc_presence,B5-3.1-02 Conversion of Construction-to-Permanent Financing: Single-Closing Transactions,NOT_APPLICABLE,PRECONDITION_NOT_APPLICABLE,Not a construction loan; no construction docs evidenced -- provably not a single-close construction-to-permanent transaction.,Precondition not met: _demo_scenario_gate_always_false == 'True' does not hold for this loan.
O-FNM-15940,Product Specific,O-FNM-55605,Critical,Were all additional single closing conversion of construction-to-permanent financing requirements met?,"In a single-close construction-to-permanent transaction, the appraiser indicates on the Form 1004D that the property value has declined and a new appraisal was not obtained and the borrower was not requalified.",cross_doc_consistency,B5-3.1-02 Conversion of Construction-to-Permanent Financing: Single-Closing Transactions,NOT_APPLICABLE,PRECONDITION_NOT_APPLICABLE,"Provably not a construction-to-permanent transaction: loanPurposeType='PURCHASE' of an existing home, loanSummary.construction=null, constructionLoanIndicator=null, constructionToPermanentClosingType=null, and the closed 62-doc inventory contains a standard Purchase Agreement and Form 1004 but no construction contract/loan agreement/1004D completion doc No Form 1004D exists in the inventory either.",Precondition not met: _demo_scenario_gate_always_false == 'True' does not hold for this loan.
O-FNM-15940,Product Specific,O-FNM-55408,Critical,Were all additional single closing conversion of construction-to-permanent financing requirements met?,The single-closing construction-to-permanent did not use a construction loan rider or separate modification agreement to convert to a permanent mortgage.,doc_presence,B5-3.1-02 Conversion of Construction-to-Permanent Financing: Single-Closing Transactions,NOT_APPLICABLE,PRECONDITION_NOT_APPLICABLE,No construction docs in the closed-world file -> provably not a construction-to-permanent loan,Precondition not met: _demo_scenario_gate_always_false == 'True' does not hold for this loan.
O-FNM-16190,Product Specific,O-FNM-56091,Critical,Were all additional HomeReady requirements met?,The borrower did not make at least a 5% contribution from their own funds in a HomeReady 2-4 unit principal residence with a lender-funded grant and LTV over 80%.,computation,"B5-6-02 HomeReady Mortgage Underwriting Methods and Requirements; B5-6-03 HomeReady Mortgage Loan Pricing, Mortgage Insurance, and Special Feature Codes",NOT_APPLICABLE,PRECONDITION_NOT_APPLICABLE,"Provably not a HomeReady loan: loanSummary.loanProduct.productName='Conventional Fixed' (a populated product identification), with no HomeReady evidence anywhere in the closed doc inventory; additionally financedUnitCount=1 (not 2-4 unit) and LTV=73.8637 (not over 80%).",Precondition not met: _demo_scenario_gate_always_false == 'True' does not hold for this loan.
O-FNM-16190,Product Specific,O-FNM-57898,Critical,Were all additional HomeReady requirements met?,A HomeReady LLPA was applied where housing counseling was not completed within 12 months prior to closing and the data was not submitted to DU &/or delivered with SFC 184.,date_window,"B5-6-02 HomeReady Mortgage Underwriting Methods and Requirements; B5-6-03 HomeReady Mortgage Loan Pricing, Mortgage Insurance, and Special Feature Codes",NOT_COMPILED,NOT_COMPILED_NOT_CONVERTED_BY_DESIGN,Check type not in this build's scope (e.g. reverification / list_screening -- deliberately out of scope),
O-FNM-16190,Product Specific,O-FNM-56233,Critical,Were all additional HomeReady requirements met?,HomeReady sweat equity exceeded 2% of the lesser of the purchase price or appraised value in a two-to-four unit residence.,computation,"B5-6-02 HomeReady Mortgage Underwriting Methods and Requirements; B5-6-03 HomeReady Mortgage Loan Pricing, Mortgage Insurance, and Special Feature Codes",NOT_APPLICABLE,PRECONDITION_NOT_APPLICABLE,"Provably not a HomeReady loan: loanSummary.loanProduct.productName='Conventional Fixed' (a populated product identification), with no HomeReady evidence anywhere in the closed doc inventory; additionally financedUnitCount=1 (not 2-4 unit) and sole asset is a $10,000 GIFT_OF_CASH (no sweat equity).",Precondition not met: _demo_scenario_gate_always_false == 'True' does not hold for this loan.
O-FNM-16190,Product Specific,O-FNM-56234,Critical,Were all additional HomeReady requirements met?,HomeReady loan with sweat equity exceeded the maximum LTV of 95%.,threshold_eligibility,"B5-6-02 HomeReady Mortgage Underwriting Methods and Requirements; B5-6-03 HomeReady Mortgage Loan Pricing, Mortgage Insurance, and Special Feature Codes",PASS,REAL_DATA_MATCH,FIELD_VALUE 73.8637% <= 95%,FIELD_VALUE 73.8637% <= 95%
O-FNM-16190,Product Specific,O-FNM-56235,Critical,Were all additional HomeReady requirements met?,The HomeReady contributory value of the sweat equity was calculated incorrectly.,computation,"B5-6-02 HomeReady Mortgage Underwriting Methods and Requirements; B5-6-03 HomeReady Mortgage Loan Pricing, Mortgage Insurance, and Special Feature Codes",NOT_APPLICABLE,PRECONDITION_NOT_APPLICABLE,"Provably not a HomeReady loan: loanSummary.loanProduct.productName='Conventional Fixed' (a populated product identification), with no HomeReady evidence anywhere in the closed doc inventory; no sweat-equity contribution exists (sole asset is a $10,000 GIFT_OF_CASH).",Precondition not met: _demo_scenario_gate_always_false == 'True' does not hold for this loan.
O-FNM-16190,Product Specific,O-FNM-56236,Critical,Were all additional HomeReady requirements met?,The file did not contain the HomeReady sweat equity program provider log.,doc_presence,"B5-6-02 HomeReady Mortgage Underwriting Methods and Requirements; B5-6-03 HomeReady Mortgage Loan Pricing, Mortgage Insurance, and Special Feature Codes",NOT_APPLICABLE,PRECONDITION_NOT_APPLICABLE,Not a HomeReady loan; profile states no RefiNow/HomeReady mentions anywhere.,Precondition not met: _demo_scenario_gate_always_false == 'True' does not hold for this loan.
O-FNM-16190,Product Specific,O-FNM-57455,Critical,Were all additional HomeReady requirements met?,"The temporary $2,500 LLPA credit was not provided directly to the borrower through the transaction, such as being applied to down payment and closing costs, including escrows and mortgage insurance premiums.",cross_doc_consistency,"B5-6-02 HomeReady Mortgage Underwriting Methods and Requirements; B5-6-03 HomeReady Mortgage Loan Pricing, Mortgage Insurance, and Special Feature Codes",NOT_APPLICABLE,PRECONDITION_NOT_APPLICABLE,"Provably not a HomeReady loan: loanSummary.loanProduct.productName='Conventional Fixed' (a populated product identification), with no HomeReady evidence anywhere in the closed doc inventory ($2,500 LLPA credit is a HomeReady-only feature).",Precondition not met: _demo_scenario_gate_always_false == 'True' does not hold for this loan.
O-FNM-16190,Product Specific,O-FNM-57454,Critical,Were all additional HomeReady requirements met?,"The temporary $2,500 LLPA credit was given in a loan that was not an eligible HomeReady purchase loan.",threshold_eligibility,"B5-6-02 HomeReady Mortgage Underwriting Methods and Requirements; B5-6-03 HomeReady Mortgage Loan Pricing, Mortgage Insurance, and Special Feature Codes",NOT_COMPILED,NOT_COMPILED_THRESHOLD_NOT_PARSEABLE,"Rule cites a threshold but the compiler could not extract one unambiguous number+direction from the text (compile-time gap, same for every loan)",
O-FNM-16190,Product Specific,O-FNM-57456,Critical,Were all additional HomeReady requirements met?,"The loan closed with the temporary $2,500 LLPA credit and was not delivered with the applicable 900 or 884 special feature code.",scripted_review,"B5-6-02 HomeReady Mortgage Underwriting Methods and Requirements; B5-6-03 HomeReady Mortgage Loan Pricing, Mortgage Insurance, and Special Feature Codes",NOT_APPLICABLE,PRECONDITION_NOT_APPLICABLE,HomeReady not evidenced anywhere in the file or profile,Precondition not met: _demo_scenario_gate_always_false == 'True' does not hold for this loan.
O-FNM-16231,Product Specific,O-FNM-56473,Critical,Were all shared equity transaction requirements met?,The shared equity provider did not meet eligible provider requirements.,list_screening,"B5-5.3-01 Shared Equity Overview; B5-5.3-02 Shared Equity Transactions: General Requirements; B5-5.3-03 Shared Equity Transactions: Eligibility, Underwriting and Collateral Requirements",NOT_COMPILED,NOT_COMPILED_NOT_CONVERTED_BY_DESIGN,Check type not in this build's scope (e.g. reverification / list_screening -- deliberately out of scope),
O-FNM-16231,Product Specific,O-FNM-56480,Critical,Were all shared equity transaction requirements met?,The borrower does not meet the specific eligibility criteria set up by the shared equity program.,threshold_eligibility,"B5-5.3-01 Shared Equity Overview; B5-5.3-02 Shared Equity Transactions: General Requirements; B5-5.3-03 Shared Equity Transactions: Eligibility, Underwriting and Collateral Requirements",NOT_APPLICABLE,PRECONDITION_NOT_APPLICABLE,"Trigger requires subordinate/community-second financing or a Community Land Trust / shared-equity / resale-restricted property; additionally propertyEstateType='FeeSimple' (a CLT is a leasehold on trust land) and the only project rider in the closed doc inventory is a PUD Rider documents[16] -- no CLT ground lease or resale-restriction rider exists; no subordinate financing exists: ltv=cltv=hcltv=73.86 (CLTV and HCLTV exactly equal to LTV proves no subordinate lien, drawn or undrawn, in the ratios), lienPriorityType='FirstLien', subordinateLienAmount=null, and the closed-world documents[] contains exactly one Note (documents[35]) and one Security Instrument (documents[53]) -- no second note/deed of trust.",Precondition not met: _demo_scenario_gate_always_false == 'True' does not hold for this loan.
O-FNM-16231,Product Specific,O-FNM-56474,Critical,Were all shared equity transaction requirements met?,The shared equity community land trust did not meet the required legal documentation requirements.,doc_completeness,"B5-5.3-01 Shared Equity Overview; B5-5.3-02 Shared Equity Transactions: General Requirements; B5-5.3-03 Shared Equity Transactions: Eligibility, Underwriting and Collateral Requirements",NOT_APPLICABLE,PRECONDITION_NOT_APPLICABLE,"Shared equity/community land trust not evidenced anywhere in the file (no docs, no mentions).",Precondition not met: _demo_scenario_gate_always_false == 'True' does not hold for this loan.
O-FNM-16231,Product Specific,O-FNM-56476,Critical,Were all shared equity transaction requirements met?,"The shared equity community land trust did not contain the required Community Land Trust Ground Lease Rider, Form 2100, signed by the borrower.",doc_presence,"B5-5.3-01 Shared Equity Overview; B5-5.3-02 Shared Equity Transactions: General Requirements; B5-5.3-03 Shared Equity Transactions: Eligibility, Underwriting and Collateral Requirements",NOT_APPLICABLE,PRECONDITION_NOT_APPLICABLE,Shared equity/community land trust not evidenced anywhere in file per profile,Precondition not met: _demo_scenario_gate_always_false == 'True' does not hold for this loan.
O-FNM-16231,Product Specific,O-FNM-56478,Critical,Were all shared equity transaction requirements met?,Fannie Mae does not have first claim to insurance settlements and condemnation proceeds in a shared equity loan.,doc_completeness,"B5-5.3-01 Shared Equity Overview; B5-5.3-02 Shared Equity Transactions: General Requirements; B5-5.3-03 Shared Equity Transactions: Eligibility, Underwriting and Collateral Requirements",NOT_APPLICABLE,PRECONDITION_NOT_APPLICABLE,Shared equity scenario not evidenced anywhere in file per profile,Precondition not met: _demo_scenario_gate_always_false == 'True' does not hold for this loan.
O-FNM-16231,Product Specific,O-FNM-56475,Critical,Were all shared equity transaction requirements met?,The shared equity income and price restrictions did not meet the required legal documentation requirements.,doc_completeness,"B5-5.3-01 Shared Equity Overview; B5-5.3-02 Shared Equity Transactions: General Requirements; B5-5.3-03 Shared Equity Transactions: Eligibility, Underwriting and Collateral Requirements",NOT_APPLICABLE,PRECONDITION_NOT_APPLICABLE,"Shared equity/community land trust not evidenced anywhere (no docs, no mentions).",Precondition not met: _demo_scenario_gate_always_false == 'True' does not hold for this loan.
O-FNM-16231,Product Specific,O-FNM-56472,Major,Were all shared equity transaction requirements met?,"The private transfer fee covenant does not qualify as an ""excepted transfer fee covenant"" under 12 C.F.R. § 1228.1(2).",threshold_eligibility,"B5-5.3-01 Shared Equity Overview; B5-5.3-02 Shared Equity Transactions: General Requirements; B5-5.3-03 Shared Equity Transactions: Eligibility, Underwriting and Collateral Requirements",NOT_APPLICABLE,PRECONDITION_NOT_APPLICABLE,"Trigger requires subordinate/community-second financing or a Community Land Trust / shared-equity / resale-restricted property; additionally propertyEstateType='FeeSimple' (a CLT is a leasehold on trust land) and the only project rider in the closed doc inventory is a PUD Rider documents[16] -- no CLT ground lease or resale-restriction rider exists; no subordinate financing exists: ltv=cltv=hcltv=73.86 (CLTV and HCLTV exactly equal to LTV proves no subordinate lien, drawn or undrawn, in the ratios), lienPriorityType='FirstLien', subordinateLienAmount=null, and the closed-world documents[] contains exactly one Note (documents[35]) and one Security Instrument (documents[53]) -- no second note/deed of trust.",Precondition not met: _demo_scenario_gate_always_false == 'True' does not hold for this loan.
O-FNM-16231,Product Specific,O-FNM-56479,Critical,Were all shared equity transaction requirements met?,The file did not evidence the required counseling for a shared equity loan.,doc_presence,"B5-5.3-01 Shared Equity Overview; B5-5.3-02 Shared Equity Transactions: General Requirements; B5-5.3-03 Shared Equity Transactions: Eligibility, Underwriting and Collateral Requirements",NOT_APPLICABLE,PRECONDITION_NOT_APPLICABLE,Shared equity scenario not evidenced anywhere in file per profile,Precondition not met: _demo_scenario_gate_always_false == 'True' does not hold for this loan.
O-FNM-16231,Product Specific,O-FNM-56481,Critical,Were all shared equity transaction requirements met?,"The property, occupancy, or loan type is ineligible for a shared equity loan.",threshold_eligibility,"B5-5.3-01 Shared Equity Overview; B5-5.3-02 Shared Equity Transactions: General Requirements; B5-5.3-03 Shared Equity Transactions: Eligibility, Underwriting and Collateral Requirements",NOT_APPLICABLE,PRECONDITION_NOT_APPLICABLE,"Trigger requires subordinate/community-second financing or a Community Land Trust / shared-equity / resale-restricted property; additionally propertyEstateType='FeeSimple' (a CLT is a leasehold on trust land) and the only project rider in the closed doc inventory is a PUD Rider documents[16] -- no CLT ground lease or resale-restriction rider exists; no subordinate financing exists: ltv=cltv=hcltv=73.86 (CLTV and HCLTV exactly equal to LTV proves no subordinate lien, drawn or undrawn, in the ratios), lienPriorityType='FirstLien', subordinateLienAmount=null, and the closed-world documents[] contains exactly one Note (documents[35]) and one Security Instrument (documents[53]) -- no second note/deed of trust.",Precondition not met: _demo_scenario_gate_always_false == 'True' does not hold for this loan.
UGV Exception,Product Specific,PrivateBank,Note,Were all Underwriter Guideline Variances (UGV) procedures met?,Private Bank approved exceptions including UGV,scripted_review,,NOT_APPLICABLE,AUTOPASS_EPIC_NOT_ACCESSIBLE_BUT_STRUCTURALLY_NOT_APPLICABLE,Precondition not met: Loans.LoanType == 'Portfolio' does not hold for this loan.,Precondition not met: Loans.LoanType == 'Portfolio' does not hold for this loan.
UGV Exception,Product Specific,UGVAPPRVL,Critical,Were all Underwriter Guideline Variances (UGV) procedures met?,Unable to locate the approval by the portfolio rep in EPIC and/or Notepad.,doc_presence,,NOT_APPLICABLE,AUTOPASS_EPIC_NOT_ACCESSIBLE_BUT_STRUCTURALLY_NOT_APPLICABLE,Precondition not met: Loans.LoanType == 'Portfolio' does not hold for this loan.,Precondition not met: Loans.LoanType == 'Portfolio' does not hold for this loan.
UGV Exception,Product Specific,UGV EPIC,Critical,Were all Underwriter Guideline Variances (UGV) procedures met?,The UGV exception is not properly reflected in EPIC.  (Portfolio Exception Screen).   Expanded box & Request Underwriting Guideline Variance Box.,doc_completeness,,NOT_APPLICABLE,AUTOPASS_EPIC_NOT_ACCESSIBLE_BUT_STRUCTURALLY_NOT_APPLICABLE,Precondition not met: Loans.LoanType == 'Portfolio' does not hold for this loan.,Precondition not met: Loans.LoanType == 'Portfolio' does not hold for this loan.
UGV Exception,Product Specific,UGV Identifier,Critical,Were all Underwriter Guideline Variances (UGV) procedures met?,All UGV exceptions are not clearly identified in the portfolio exception screen.,scripted_review,,NOT_APPLICABLE,AUTOPASS_EPIC_NOT_ACCESSIBLE_BUT_STRUCTURALLY_NOT_APPLICABLE,Precondition not met: Loans.LoanType == 'Portfolio' does not hold for this loan.,Precondition not met: Loans.LoanType == 'Portfolio' does not hold for this loan.
UGV Exception,Product Specific,UGVLendAuth,Critical,Were all Underwriter Guideline Variances (UGV) procedures met?,The submitting underwriter did not have the proper lending authority and the loan was not escalated to an underwriting manager.,threshold_eligibility,,NOT_APPLICABLE,PRECONDITION_NOT_APPLICABLE,"Card applicability requires Loans.LoanType='Portfolio' (lender portfolio / private-bank variance program); the loan is positively identified as an agency FNMA loan: loanProduct.productPortfolioName='FNMA', investorGuidelineName='FNMA', consistent with the table's own QC_Policy='Fannie Mae' premise. Flagged: LoanType is identified via product/investor fields, not a literal LoanType field.",Precondition not met: Loans.LoanType == 'Portfolio' does not hold for this loan.
CU Score 2.5,Property - Appraisal,Appraisal-Score=<2.5,Critical,Was the appropriate level of appraisal review completed based on the CU score?,"The CU score is =<2.5 or below and property is one unit detached, attached, or condo and ""data integrity"" concerns have not been met based on safety and soundness.",threshold_eligibility,D1-3-03 Lender Post-Closing Quality Control Reverifications,NOT_COMPILED,NOT_COMPILED_THRESHOLD_NOT_PARSEABLE,"Rule cites a threshold but the compiler could not extract one unambiguous number+direction from the text (compile-time gap, same for every loan)",
CU Score 2.5,Property - Appraisal,Appraisal-Score>2.5,Critical,Was the appropriate level of appraisal review completed based on the CU score?,"The CU score is >2.5 or 0 or 999 Score or 2 - 4 Unit property, or COOP and unable to locate GAAR Worksheet or comments assuring a full review was completed",threshold_eligibility,D1-3-03 Lender Post-Closing Quality Control Reverifications,NOT_COMPILED,NOT_COMPILED_THRESHOLD_NOT_PARSEABLE,"Rule cites a threshold but the compiler could not extract one unambiguous number+direction from the text (compile-time gap, same for every loan)",
GAAR,Property - Appraisal,CRMReview,Major,Was the GAAR worksheet completed in the file and all applicable conditions met?,The collateral review was not performed by a CRM colleague.,doc_presence,D1-3-03 Lender Post-Closing Quality Control Reverifications,NOT_COMPILED,DEMO_EXCLUDED,not_automatable_for_demo,
O-BP-FED-16681,Property - Appraisal,O-BP-FED-59094,Critical,"Where there was an appraisal and AVM in the file, and the AVM value was used, was the AVM value based on appropriate valuation methods?","(Best Practice) Where there was an appraisal and AVM in the file, the use of the AVM value was based on inappropriate valuation methods.",scripted_review,,NOT_APPLICABLE,PRECONDITION_NOT_APPLICABLE,"Trigger requires ""an appraisal AND AVM in the file, and the AVM value was used"" -- both conditions must hold. This loan has a full Form 1004 Uniform Residential Appraisal in documents[] (the closed-world, already-confirmed-complete 62-entry inventory) and zero AVM anywhere -- no AVM document type, no AVM field in the schema at all (confirmed during the 2026-08-01 DATA_NEVER_CAPTURED investigation). The compound precondition (AVM present AND used) is provably false; a full appraisal being present is not itself proof (a loan could in principle have both), but the confirmed absence of any AVM data/document anywhere in this payload is.",Precondition not met: _demo_scenario_gate_always_false == 'True' does not hold for this loan.
O-FNM-14370,Property - Appraisal,O-FNM-50902,Critical,(Fannie Mae) Is there an appraisal in the file?,The loan file did not contain an appraisal report as required.,doc_presence,B4-1.2-01 Appraisal Report Forms and Exhibits; B4-1.4-10 Value Acceptance; B4-1.4-11 Value Acceptance + Property Data,NOT_COMPILED,NOT_COMPILED_PURE_PRESENCE_REVIEWED_REJECTED,"Purely asks whether an appraisal report exists in the file, with no content/compound qualifiers; the closed list's appraisal entry ('Form 1004 Uniform Residential Appraisal') is one specific form and the check's own prose only says 'appraisal', so no exact mapping is made.",
O-FNM-15354,Property - Appraisal,O-FNM-00542,Critical,Were all appraisal delivery requirements met?,The file did not document that the borrower was provided a copy of all appraisal reports concerning the subject property promptly upon completion at no additional cost.,doc_presence,,NOT_COMPILED,NOT_COMPILED_PRESENCE_GATE_NEEDS_CONDITIONAL_LOGIC,"The appraisal report is the identifiable document, but the defect is about untimely delivery (not at least 3 days before closing), a process qualifier beyond mere presence; 'appraisal report' is generic, not a specific closed-list form name.",
O-FNM-15356,Property - Appraisal,O-FNM-50310,Critical,Were all leasehold estate appraisal requirements met?,"The terms, restrictions, and conditions regarding lease agreements or ground leases was not provided in the appraisal report for a leasehold property.",doc_completeness,B2-3-03 Special Property Eligibility and Underwriting Considerations: Leasehold Estates; B4-1.4-05 Leasehold Interests Appraisal Requirements,NOT_APPLICABLE,PRECONDITION_NOT_APPLICABLE,"No leasehold estate/ground lease evidenced; Title Commitment, Title Policy, and a PUD Rider (not a leasehold rider) imply fee-simple ownership.",Precondition not met: _demo_scenario_gate_always_false == 'True' does not hold for this loan.
O-FNM-15356,Property - Appraisal,O-FNM-55646,Critical,Were all leasehold estate appraisal requirements met?,The leasehold estate lease payments/assessments were unpaid or were in default.,threshold_eligibility,B2-3-03 Special Property Eligibility and Underwriting Considerations: Leasehold Estates; B4-1.4-05 Leasehold Interests Appraisal Requirements,NOT_APPLICABLE,PRECONDITION_NOT_APPLICABLE,Trigger requires the subject be held as a leasehold estate; propertyDetail.propertyEstateType='FeeSimple' (positive extracted enum) directly contradicts a leasehold.,Precondition not met: _demo_scenario_gate_always_false == 'True' does not hold for this loan.
O-FNM-15356,Property - Appraisal,O-FNM-58730,Critical,Were all leasehold estate appraisal requirements met?,The property is subject to a leasehold estate and is an ineligible property type.,threshold_eligibility,B2-3-03 Special Property Eligibility and Underwriting Considerations: Leasehold Estates; B4-1.4-05 Leasehold Interests Appraisal Requirements,NOT_APPLICABLE,PRECONDITION_NOT_APPLICABLE,Trigger requires the subject be held as a leasehold estate; propertyDetail.propertyEstateType='FeeSimple' (positive extracted enum) directly contradicts a leasehold.,Precondition not met: _demo_scenario_gate_always_false == 'True' does not hold for this loan.
O-FNM-15356,Property - Appraisal,O-FNM-55645,Critical,Were all leasehold estate appraisal requirements met?,The provisions of the lease associated with the leasehold estate did not meet requirements.,scripted_review,B2-3-03 Special Property Eligibility and Underwriting Considerations: Leasehold Estates; B4-1.4-05 Leasehold Interests Appraisal Requirements,NOT_APPLICABLE,PRECONDITION_NOT_APPLICABLE,"collateralDetail.collateral[0].propertyDetail.propertyEstateType=""FeeSimple"" -- the card requires a leasehold estate; a fee-simple property cannot have leasehold lease provisions to violate.",Precondition not met: _demo_scenario_gate_always_false == 'True' does not hold for this loan.
O-FNM-15356,Property - Appraisal,O-FNM-55642,Critical,Were all leasehold estate appraisal requirements met?,The leasehold estate and improvements did not constitute real property subject to the mortgage lien.,threshold_eligibility,B2-3-03 Special Property Eligibility and Underwriting Considerations: Leasehold Estates; B4-1.4-05 Leasehold Interests Appraisal Requirements,NOT_APPLICABLE,PRECONDITION_NOT_APPLICABLE,Trigger requires the subject be held as a leasehold estate; propertyDetail.propertyEstateType='FeeSimple' (positive extracted enum) directly contradicts a leasehold.,Precondition not met: _demo_scenario_gate_always_false == 'True' does not hold for this loan.
O-FNM-15356,Property - Appraisal,O-FNM-55647,Critical,Were all leasehold estate appraisal requirements met?,Requirements not met for establishing the purchase price of the land where the leasehold has an option to purchase.,computation,B2-3-03 Special Property Eligibility and Underwriting Considerations: Leasehold Estates; B4-1.4-05 Leasehold Interests Appraisal Requirements,NOT_APPLICABLE,PRECONDITION_NOT_APPLICABLE,Leasehold-estate trigger provably false: propertyEstateType='FeeSimple'.,Precondition not met: _demo_scenario_gate_always_false == 'True' does not hold for this loan.
O-FNM-15356,Property - Appraisal,O-FNM-55641,Critical,Were all leasehold estate appraisal requirements met?,The leasehold estate and the mortgage will be impaired by a merger of title between the lessor and lessee.,scripted_review,B2-3-03 Special Property Eligibility and Underwriting Considerations: Leasehold Estates; B4-1.4-05 Leasehold Interests Appraisal Requirements,NOT_APPLICABLE,PRECONDITION_NOT_APPLICABLE,"collateralDetail.collateral[0].propertyDetail.propertyEstateType=""FeeSimple"" -- lessor/lessee title-merger defect requires a leasehold estate to exist at all.",Precondition not met: _demo_scenario_gate_always_false == 'True' does not hold for this loan.
O-FNM-15356,Property - Appraisal,O-FNM-55643,Critical,Were all leasehold estate appraisal requirements met?,A default under the leasehold estate will terminate the sublease securing the mortgage.,doc_completeness,B2-3-03 Special Property Eligibility and Underwriting Considerations: Leasehold Estates; B4-1.4-05 Leasehold Interests Appraisal Requirements,NOT_APPLICABLE,PRECONDITION_NOT_APPLICABLE,"appraisal_in_file true but no Ground Lease/leasehold doc in closed 54-doc inventory; PUD Rider present indicates a fee-simple PUD, not a leasehold estate",Precondition not met: _demo_scenario_gate_always_false == 'True' does not hold for this loan.
O-FNM-15356,Property - Appraisal,O-FNM-55644,Critical,Were all leasehold estate appraisal requirements met?,The term of the leasehold estate is not at least 5 years beyond the maturity date of the loan and the fee simple title will not vest to the borrower at an earlier date.,date_window,B2-3-03 Special Property Eligibility and Underwriting Considerations: Leasehold Estates; B4-1.4-05 Leasehold Interests Appraisal Requirements,NOT_APPLICABLE,PRECONDITION_NOT_APPLICABLE,Trigger requires the subject be held as a leasehold estate; propertyDetail.propertyEstateType='FeeSimple' (positive extracted enum) directly contradicts a leasehold.,Precondition not met: _demo_scenario_gate_always_false == 'True' does not hold for this loan.
O-FNM-15357,Property - Appraisal,O-FNM-57136,Critical,Were all special property appraisal requirements met?,"The appraiser did not identify the subject as a ""3D Printed Home"" in the bottom free-form description field of the Sales Comparison Approach grid.",doc_completeness,B2-3-04 Special Property Eligibility Considerations; B4-1.4-07 Mixed-Use Property Appraisal Requirements; B4-1.3-05 Improvements Section of the Appraisal Report,NOT_APPLICABLE,PRECONDITION_NOT_APPLICABLE,Property is a standard detached single-family home; no '3D Printed Home' construction evidenced anywhere in the profile.,Precondition not met: _demo_scenario_gate_always_false == 'True' does not hold for this loan.
O-FNM-15357,Property - Appraisal,O-FNM-54684,Critical,Were all special property appraisal requirements met?,Each of the subject's multiple parcels were not conveyed in entirety with the mortgage being the first lien on each parcel.,threshold_eligibility,B2-3-04 Special Property Eligibility Considerations; B4-1.4-07 Mixed-Use Property Appraisal Requirements; B4-1.3-05 Improvements Section of the Appraisal Report,NOT_COMPILED,NOT_COMPILED_THRESHOLD_NOT_PARSEABLE,"Rule cites a threshold but the compiler could not extract one unambiguous number+direction from the text (compile-time gap, same for every loan)",
O-FNM-15357,Property - Appraisal,O-FNM-54683,Critical,Were all special property appraisal requirements met?,The subject's additional parcels were not adjoining and/or did not have the same basic zoning.,threshold_eligibility,B2-3-04 Special Property Eligibility Considerations; B4-1.4-07 Mixed-Use Property Appraisal Requirements; B4-1.3-05 Improvements Section of the Appraisal Report,NOT_COMPILED,NOT_COMPILED_THRESHOLD_NOT_PARSEABLE,"Rule cites a threshold but the compiler could not extract one unambiguous number+direction from the text (compile-time gap, same for every loan)",
O-FNM-15357,Property - Appraisal,O-FNM-50241,Critical,Were all special property appraisal requirements met?,The subject property is in Hawaiian Lava Zone 1 or 2 which is not eligible for delivery to FNMA.,list_screening,B2-3-04 Special Property Eligibility Considerations; B4-1.4-07 Mixed-Use Property Appraisal Requirements; B4-1.3-05 Improvements Section of the Appraisal Report,NOT_COMPILED,NOT_COMPILED_NOT_CONVERTED_BY_DESIGN,Check type not in this build's scope (e.g. reverification / list_screening -- deliberately out of scope),
O-FNM-15357,Property - Appraisal,O-FNM-50240,Critical,Were all special property appraisal requirements met?,Not all requirements for a mixed-use property were complied with.,scripted_review,B2-3-04 Special Property Eligibility Considerations; B4-1.4-07 Mixed-Use Property Appraisal Requirements; B4-1.3-05 Improvements Section of the Appraisal Report,NEEDS_REVIEW,EXTRACTION_GAP_DOC_PRESENT,"propertyMixedUsageIndicator null; appraisal doc present, field unextracted",No data present for scripted_review_checklist__not_all_requirements_for_a_mixed_use_property_were__df38698f -- cannot determine whether this condition is true or false; needs SME review.
O-FNM-15357,Property - Appraisal,O-FNM-54686,Critical,Were all special property appraisal requirements met?,The file does not document that the non-adjoining parcels without the residence cannot be improved with a dwelling.,doc_presence,B2-3-04 Special Property Eligibility Considerations; B4-1.4-07 Mixed-Use Property Appraisal Requirements; B4-1.3-05 Improvements Section of the Appraisal Report,NOT_COMPILED,NOT_COMPILED_TRIGGER_GATED_NEEDS_FACT_MACHINERY,"This special property-type scenario is a content fact of the appraisal, not something the document-type inventory alone can establish.",
O-FNM-15357,Property - Appraisal,O-FNM-54685,Critical,Were all special property appraisal requirements met?,"The subject's non-adjoining parcels are not separated due to a road, waterfront access or similar as allowable.",threshold_eligibility,B2-3-04 Special Property Eligibility Considerations; B4-1.4-07 Mixed-Use Property Appraisal Requirements; B4-1.3-05 Improvements Section of the Appraisal Report,NOT_COMPILED,NOT_COMPILED_THRESHOLD_NOT_PARSEABLE,"Rule cites a threshold but the compiler could not extract one unambiguous number+direction from the text (compile-time gap, same for every loan)",
O-FNM-15357,Property - Appraisal,O-FNM-50242,Critical,Were all special property appraisal requirements met?,All requirements were not met for properties with solar panels owned or leased by a third party and not the property owner.,scripted_review,B2-3-04 Special Property Eligibility Considerations; B4-1.4-07 Mixed-Use Property Appraisal Requirements; B4-1.3-05 Improvements Section of the Appraisal Report,NOT_APPLICABLE,PRECONDITION_NOT_APPLICABLE,"Trigger requires solar panels owned or leased by a third party. ASSUMED (demo-scoped, Gordon 2026-08-02): no solar panels / no ADU / no 4506-C rejection on this loan -- not derived from any real field (none exist for this concept in the payload or schema), a deliberate policy decision for this demo build, same standing as the Category C assume-DU-underwritten decision. Revisit if this demo's audience or purpose changes, or the moment real data on any of these three facts becomes available.",Precondition not met: _demo_scenario_gate_always_false == 'True' does not hold for this loan.
O-FNM-15358,Property - Appraisal,O-FNM-55653,Critical,"Where a property has been affected by a disaster, were all appraisal requirements met?",The appraisal was dated over 180 days before the note date in a property affected by a disaster.,date_window,B2-3-05 Properties Affected by a Disaster,NOT_COMPILED,NOT_COMPILED_NOT_CONVERTED_BY_DESIGN,Check type not in this build's scope (e.g. reverification / list_screening -- deliberately out of scope),
O-FNM-15358,Property - Appraisal,O-FNM-55652,Critical,"Where a property has been affected by a disaster, were all appraisal requirements met?","In a property affected by a disaster, the underwriting documentation, credit reports, verifications of income and/or assets are older than 180 days prior to the note date.",date_window,B2-3-05 Properties Affected by a Disaster,NOT_COMPILED,NOT_COMPILED_NOT_CONVERTED_BY_DESIGN,Check type not in this build's scope (e.g. reverification / list_screening -- deliberately out of scope),
O-FNM-15358,Property - Appraisal,O-FNM-00544,Critical,"Where a property has been affected by a disaster, were all appraisal requirements met?","The subject was affected by a disaster without impact to the safety, soundness, or structural integrity however, repair estimates and available insurance proceeds not documented.",doc_presence,B2-3-05 Properties Affected by a Disaster,NOT_COMPILED,NOT_COMPILED_TRIGGER_GATED_NEEDS_FACT_MACHINERY,"Only applies when the subject property was affected by a disaster, a property-condition fact not derivable from document inventory.",
O-FNM-15358,Property - Appraisal,O-FNM-55651,Critical,"Where a property has been affected by a disaster, were all appraisal requirements met?","The property was not repaired prior to delivery in a property affected by a disaster with uninsured damage affecting the safety, soundness, or structural integrity of the property.",threshold_eligibility,B2-3-05 Properties Affected by a Disaster,NOT_COMPILED,NOT_COMPILED_THRESHOLD_NOT_PARSEABLE,"Rule cites a threshold but the compiler could not extract one unambiguous number+direction from the text (compile-time gap, same for every loan)",
O-FNM-15359,Property - Appraisal,O-FNM-00703,Critical,Were all lender responsibilities requirements met?,The file did not contain documentation that the property seller in a purchase or the borrower in a refinance transaction is the owner of the subject property.,doc_presence,B4-1.1-02 Lender Responsibilities; B4-1.1-05 Disclosure of Information to Appraisers; B4-1.1-04 Unacceptable Appraisal Practices; B4-1.2-04 Appraisal Age and Use Requirements,NOT_COMPILED,DEMO_EXCLUDED,not_automatable_for_demo,
O-FNM-15359,Property - Appraisal,O-FNM-55730,Critical,Were all lender responsibilities requirements met?,A new appraisal was not obtained where the appraiser indicated on Form 1004D that the property value has declined.,doc_presence,B4-1.1-02 Lender Responsibilities; B4-1.1-05 Disclosure of Information to Appraisers; B4-1.1-04 Unacceptable Appraisal Practices; B4-1.2-04 Appraisal Age and Use Requirements,NOT_APPLICABLE,PRECONDITION_NOT_APPLICABLE,"Trigger requires a Form 1004D indicating value decline; Form 1004D is not among the 54 closed-world document types, so this scenario is not evidenced",Precondition not met: _demo_scenario_gate_always_false == 'True' does not hold for this loan.
O-FNM-15359,Property - Appraisal,O-FNM-00530,Critical,Were all lender responsibilities requirements met?,"The appraiser was not provided the full contract with all counteroffers, including finance terms, known property information and/or after appraisal contract changes, where applicable.",doc_presence,B4-1.1-02 Lender Responsibilities; B4-1.1-05 Disclosure of Information to Appraisers; B4-1.1-04 Unacceptable Appraisal Practices; B4-1.2-04 Appraisal Age and Use Requirements,NOT_COMPILED,DEMO_EXCLUDED,not_automatable_for_demo,
O-FNM-15359,Property - Appraisal,O-FNM-00537,Critical,Were all lender responsibilities requirements met?,"There are indications that the development of the opinion of market value in the appraisal report was influenced by subjective, racial, or stereotypical terms, phrases or comments in the appraisal report.",scripted_review,B4-1.1-02 Lender Responsibilities; B4-1.1-05 Disclosure of Information to Appraisers; B4-1.1-04 Unacceptable Appraisal Practices; B4-1.2-04 Appraisal Age and Use Requirements,NEEDS_REVIEW,IRREDUCIBLE_JUDGMENT,discriminatory-language review of appraiser narrative,No data present for scripted_review_checklist__there_are_indications_that_the_development_of_the__e3c5c666 -- cannot determine whether this condition is true or false; needs SME review.
O-FNM-15359,Property - Appraisal,O-FNM-00539,Critical,Were all lender responsibilities requirements met?,The appraiser reported unfavorable environmental or economic factors without providing comments and/or comps not included that share the same unfavorable condition.,scripted_review,B4-1.1-02 Lender Responsibilities; B4-1.1-05 Disclosure of Information to Appraisers; B4-1.1-04 Unacceptable Appraisal Practices; B4-1.2-04 Appraisal Age and Use Requirements,NEEDS_REVIEW,IRREDUCIBLE_JUDGMENT,unfavorable-factors-without-comment narrative judgment,No data present for scripted_review_checklist__the_appraiser_reported_unfavorable_environmental_o__939298b9 -- cannot determine whether this condition is true or false; needs SME review.
O-FNM-15360,Property - Appraisal,O-FNM-00523,Critical,Were all appraiser selection criteria and information disclosure requirements met?,The file did not document that the appraiser's state license/certification is active as of the effective date of the appraisal.,doc_presence,B4-1.1-03 Appraiser Selection Criteria,NOT_COMPILED,NOT_COMPILED_PRESENCE_GATE_NEEDS_CONDITIONAL_LOGIC,"Requires documenting the appraiser's active license as of the appraisal's effective date, a content/timing check on the appraisal; no specific appraisal form name is stated in the prose.",
O-FNM-15360,Property - Appraisal,O-FNM-51044,Critical,Were all appraiser selection criteria and information disclosure requirements met?,"The appraisal was completed by a trainee, unlicensed or uncertified appraiser, without a supervisory appraiser signature.",doc_presence,B4-1.1-03 Appraiser Selection Criteria,NOT_COMPILED,NOT_COMPILED_PRESENCE_GATE_NEEDS_CONDITIONAL_LOGIC,"A standard appraiser-credential check applicable whenever an appraisal exists; presence of an appraisal isn't enough, it must show a qualified/countersigning appraiser.",
O-FNM-15361,Property - Appraisal,O-FNM-54344,Critical,Were all Collateral Risk Assessment requirements met?,Extra steps not taken to ensure the property characteristics were reported accurately regardless of CU risk score.,scripted_review,D1-3-03 Lender Post-Closing Quality Control Reverifications,PASS,AUTOPASS_CU_NOT_ACCESSIBLE,"auto-pass: requires verification inside cu_not_accessible, which this project has no connection to (demo-scoped decision, see autopass_no_system_access.json)","auto-pass: requires verification inside cu_not_accessible, which this project has no connection to (demo-scoped decision, see autopass_no_system_access.json)"
O-FNM-15361,Property - Appraisal,O-FNM-54352,Critical,Were all Collateral Risk Assessment requirements met?,Information provided in CU or other sources did not confirm the sales provided were appropriate.,scripted_review,D1-3-03 Lender Post-Closing Quality Control Reverifications,PASS,AUTOPASS_CU_NOT_ACCESSIBLE,"auto-pass: requires verification inside cu_not_accessible, which this project has no connection to (demo-scoped decision, see autopass_no_system_access.json)","auto-pass: requires verification inside cu_not_accessible, which this project has no connection to (demo-scoped decision, see autopass_no_system_access.json)"
O-FNM-15361,Property - Appraisal,O-FNM-54349,Critical,Were all Collateral Risk Assessment requirements met?,The review of the messages and data alerts on the Comparables tab in CU reveal quality and condition ratings are not consist to the market.,cross_doc_consistency,D1-3-03 Lender Post-Closing Quality Control Reverifications,NOT_COMPILED,NOT_COMPILED_CROSS_DOC_NO_CURATED_COMPARISON,Rule requires comparing two documents to each other; no curated comparison logic exists yet (compile-time gap),
O-FNM-15363,Property - Appraisal,O-FNM-00576,Critical,"Were all appraisal report form, age, and use requirements met?","The appraisal report is over 4 months old but less than 12 months old on the date of closing without a reinspection of the property provided on Appraisal Update and/or Completion Report, Form 1004D.",date_window,B4-1.2-01 Appraisal Report Forms and Exhibits; B4-1.2-02 Desktop Appraisals; B4-1.2-03 Hybrid Appraisals; B4-1.2-04 Appraisal Age and Use Requirements,NOT_COMPILED,NOT_COMPILED_NOT_CONVERTED_BY_DESIGN,Check type not in this build's scope (e.g. reverification / list_screening -- deliberately out of scope),
O-FNM-15363,Property - Appraisal,O-FNM-54356,Critical,"Were all appraisal report form, age, and use requirements met?",The appraiser’s certification and/or statement of assumptions and limiting conditions conflict with Fannie Mae’s policies or standard certifications on Fannie Mae appraisal forms.,doc_completeness,B4-1.2-01 Appraisal Report Forms and Exhibits; B4-1.2-02 Desktop Appraisals; B4-1.2-03 Hybrid Appraisals; B4-1.2-04 Appraisal Age and Use Requirements,NOT_COMPILED,NOT_COMPILED_PRESENCE_GATE_NEEDS_CONDITIONAL_LOGIC,"Presupposes an appraisal already in the file and evaluates whether its certification language conflicts with policy, not the appraisal's own presence.",
O-FNM-15363,Property - Appraisal,O-FNM-00528,Critical,"Were all appraisal report form, age, and use requirements met?",The appraisal report form did not include an appraiser’s certification and a statement of assumptions and limiting conditions.,doc_presence,B4-1.2-01 Appraisal Report Forms and Exhibits; B4-1.2-02 Desktop Appraisals; B4-1.2-03 Hybrid Appraisals; B4-1.2-04 Appraisal Age and Use Requirements,NOT_COMPILED,NOT_COMPILED_PRESENCE_GATE_NEEDS_CONDITIONAL_LOGIC,"The appraisal is present, but must also include the appraiser's certification and statement of assumptions/limiting conditions — a content-completeness requirement beyond presence.",
O-FNM-15363,Property - Appraisal,O-FNM-55729,Critical,"Were all appraisal report form, age, and use requirements met?",A desktop appraisal was utilized in a transaction that was not a SFR purchase of a primary residence with an LTV of 90% or less.,threshold_eligibility,B4-1.2-01 Appraisal Report Forms and Exhibits; B4-1.2-02 Desktop Appraisals; B4-1.2-03 Hybrid Appraisals; B4-1.2-04 Appraisal Age and Use Requirements,NOT_APPLICABLE,PRECONDITION_NOT_APPLICABLE,"Trigger requires a desktop appraisal to have been used; the appraisal of record in the closed doc inventory is documents[52] 'Form 1004 Uniform Residential Appraisal' (a full traditional URAR), and no desktop-appraisal form documentType exists anywhere in the closed-world 62-entry inventory.",Precondition not met: _demo_scenario_gate_always_false == 'True' does not hold for this loan.
O-FNM-15363,Property - Appraisal,O-FNM-50271,Critical,"Were all appraisal report form, age, and use requirements met?",The appraisal is an exterior only inspection and is missing a street map showing the location of both the subject and the comps and/or a photograph that shows the front scene of the subject property.,doc_presence,B4-1.2-01 Appraisal Report Forms and Exhibits; B4-1.2-02 Desktop Appraisals; B4-1.2-03 Hybrid Appraisals; B4-1.2-04 Appraisal Age and Use Requirements,NOT_APPLICABLE,PRECONDITION_NOT_APPLICABLE,"Appraisal doc is named 'Form 1004 Uniform Residential Appraisal' (a full interior/exterior report), not an exterior-only inspection form, so the exterior-only scenario is provably false",Precondition not met: _demo_scenario_gate_always_false == 'True' does not hold for this loan.
O-FNM-15363,Property - Appraisal,O-FNM-58350,Critical,"Were all appraisal report form, age, and use requirements met?",A hybrid appraisal was used in an ineligible transaction type.,threshold_eligibility,B4-1.2-01 Appraisal Report Forms and Exhibits; B4-1.2-02 Desktop Appraisals; B4-1.2-03 Hybrid Appraisals; B4-1.2-04 Appraisal Age and Use Requirements,NOT_APPLICABLE,PRECONDITION_NOT_APPLICABLE,"Trigger requires a hybrid appraisal to have been used; the appraisal of record in the closed doc inventory is documents[52] 'Form 1004 Uniform Residential Appraisal' (a full traditional URAR), and no hybrid-appraisal form documentType exists anywhere in the closed-world 62-entry inventory.",Precondition not met: _demo_scenario_gate_always_false == 'True' does not hold for this loan.
O-FNM-15363,Property - Appraisal,O-FNM-58351,Critical,"Were all appraisal report form, age, and use requirements met?",A hybrid appraisal was used that did not meet all of the required preconditions.,scripted_review,B4-1.2-01 Appraisal Report Forms and Exhibits; B4-1.2-02 Desktop Appraisals; B4-1.2-03 Hybrid Appraisals; B4-1.2-04 Appraisal Age and Use Requirements,NEEDS_REVIEW,EXTRACTION_GAP_DOC_PRESENT,valuationAssignmentType null,No data present for scripted_review_checklist__a_hybrid_appraisal_was_used_that_did_not_meet_all__7748aa81 -- cannot determine whether this condition is true or false; needs SME review.
O-FNM-15363,Property - Appraisal,O-FNM-50878,Critical,"Were all appraisal report form, age, and use requirements met?",A second appraisal was obtained without documenting the deficiencies that were the basis for ordering a new appraisal and/or the most reliable appraisal not used.,doc_completeness,B4-1.2-01 Appraisal Report Forms and Exhibits; B4-1.2-02 Desktop Appraisals; B4-1.2-03 Hybrid Appraisals; B4-1.2-04 Appraisal Age and Use Requirements,NOT_COMPILED,DEMO_EXCLUDED,not_automatable_for_demo,
O-FNM-15363,Property - Appraisal,O-FNM-51045,Critical,"Were all appraisal report form, age, and use requirements met?","Form 1007, Single-Family Comparable Rent Schedule was not included for a one-unit investment property and the borrower is using rental income to qualify.",doc_presence,B4-1.2-01 Appraisal Report Forms and Exhibits; B4-1.2-02 Desktop Appraisals; B4-1.2-03 Hybrid Appraisals; B4-1.2-04 Appraisal Age and Use Requirements,NOT_APPLICABLE,PRECONDITION_NOT_APPLICABLE,Subject property is not an investment property - it is the purchase property with an Occupancy Affidavit present; the borrower's separate rental REO is a different property,Precondition not met: _demo_scenario_gate_always_false == 'True' does not hold for this loan.
O-FNM-15363,Property - Appraisal,O-FNM-55654,Critical,"Were all appraisal report form, age, and use requirements met?","In a 2-4 unit investment property where the borrower is using rental income to qualify, Form 1025, Small Residential Income Property Appraisal Report was not included.",doc_presence,B4-1.2-01 Appraisal Report Forms and Exhibits; B4-1.2-02 Desktop Appraisals; B4-1.2-03 Hybrid Appraisals; B4-1.2-04 Appraisal Age and Use Requirements,NOT_APPLICABLE,PRECONDITION_NOT_APPLICABLE,Property explicitly stated NOT a 2-4 unit,Precondition not met: _demo_scenario_gate_always_false == 'True' does not hold for this loan.
O-FNM-15364,Property - Appraisal,O-FNM-53021,Critical,Were all Subject and Contract sections of the appraisal requirements met?,The appraiser did not enter the contract date for the subject purchase transaction.,doc_completeness,B4-1.3-02 Subject and Contract Sections of the Appraisal Report,NOT_COMPILED,NOT_COMPILED_PRESENCE_GATE_NEEDS_CONDITIONAL_LOGIC,"Presupposes an appraisal already in the file and checks a specific data field within it (contract date), not the appraisal's own presence.",
O-FNM-15364,Property - Appraisal,O-FNM-50274,Critical,Were all Subject and Contract sections of the appraisal requirements met?,The appraiser did not indicate whether the sales contract was analyzed and/or did not provide the results of that analysis in the contract section of the appraisal.,doc_completeness,B4-1.3-02 Subject and Contract Sections of the Appraisal Report,NOT_COMPILED,NOT_COMPILED_PRESENCE_GATE_NEEDS_CONDITIONAL_LOGIC,"The appraisal is present, but must also document whether the contract was analyzed in its Contract section — a content requirement beyond presence.",
O-FNM-15364,Property - Appraisal,O-FNM-53022,Critical,Were all Subject and Contract sections of the appraisal requirements met?,The contract section of the appraisal did not indicate if the property seller is the owner of record.,doc_completeness,B4-1.3-02 Subject and Contract Sections of the Appraisal Report,NOT_COMPILED,NOT_COMPILED_PRESENCE_GATE_NEEDS_CONDITIONAL_LOGIC,"Gated on the appraisal being present; the defect concerns missing content within the contract section, not mere presence.",
O-FNM-15364,Property - Appraisal,O-FNM-50273,Critical,Were all Subject and Contract sections of the appraisal requirements met?,"The appraiser did not identify if the subject property is currently for sale or if it has been offered for sale in the last 12 months by checking the ""yes or no"" box and if applicable provide the data source, offering price and offering date.",doc_completeness,B4-1.3-02 Subject and Contract Sections of the Appraisal Report,NOT_COMPILED,NOT_COMPILED_PRESENCE_GATE_NEEDS_CONDITIONAL_LOGIC,"The appraisal document's presence is structurally inventory-determinable, but this checks a specific field's completeness within it (for-sale yes/no box, data source) — presence alone doesn't clear it.",
O-FNM-15364,Property - Appraisal,O-FNM-53020,Critical,Were all Subject and Contract sections of the appraisal requirements met?,The contract price in the contract section of the appraisal did not match the contract/sales comparison approach section.,cross_doc_consistency,B4-1.3-02 Subject and Contract Sections of the Appraisal Report,NOT_COMPILED,NOT_COMPILED_CROSS_DOC_NO_CURATED_COMPARISON,Rule requires comparing two documents to each other; no curated comparison logic exists yet (compile-time gap),
O-FNM-15364,Property - Appraisal,O-FNM-53023,Critical,Were all Subject and Contract sections of the appraisal requirements met?,"The appraiser did not indicate if there was any financial assistance, sales concessions, gift, personal property, or down payment assistance to be paid by any party on behalf of the borrower, including any closing costs or other payments from the seller or other third party.",doc_completeness,B4-1.3-02 Subject and Contract Sections of the Appraisal Report,NOT_COMPILED,NOT_COMPILED_PRESENCE_GATE_NEEDS_CONDITIONAL_LOGIC,"Requires the appraisal to note financial assistance/concessions paid on the borrower's behalf, a content-completeness check on the appraisal; no specific form is named.",
O-FNM-15365,Property - Appraisal,O-FNM-50276,Critical,Were all Neighborhood section of the appraisal requirements met?,The percentage of available land and degree of development was not reported or did not include zoning and present land use information to ensure the subject is residential in nature.,doc_completeness,B4-1.3-03 Neighborhood Section of the Appraisal Report,NOT_COMPILED,NOT_COMPILED_PRESENCE_GATE_NEEDS_CONDITIONAL_LOGIC,"A standard appraisal-completeness check (Neighborhood section) applicable whenever an appraisal exists; presence isn't sufficient, the analysis must be complete.",
O-FNM-15365,Property - Appraisal,O-FNM-50275,Critical,Were all Neighborhood section of the appraisal requirements met?,"The appraisal did not report on one or more of the following, neighborhood boundaries, neighborhood characteristics and/or any factors that would affect the value and marketability of properties in the neighborhood.",doc_completeness,B4-1.3-03 Neighborhood Section of the Appraisal Report,NOT_COMPILED,NOT_COMPILED_PRESENCE_GATE_NEEDS_CONDITIONAL_LOGIC,"Presupposes an appraisal already in the file and checks completeness of its neighborhood section, not the appraisal's own presence.",
O-FNM-15365,Property - Appraisal,O-FNM-50278,Critical,Were all Neighborhood section of the appraisal requirements met?,The property appears to have an over-improvement that was not commented on by the appraiser and/or was not listed in the Sales Comparison Approach adjustment grid.,scripted_review,B4-1.3-03 Neighborhood Section of the Appraisal Report,NEEDS_REVIEW,IRREDUCIBLE_JUDGMENT,over-improvement-without-comment narrative judgment,No data present for scripted_review_checklist__the_property_appears_to_have_an_over_improvement_t__01b4e471 -- cannot determine whether this condition is true or false; needs SME review.
O-FNM-15365,Property - Appraisal,O-FNM-50279,Critical,Were all Neighborhood section of the appraisal requirements met?,The age range and predominant age of the properties in the subject neighborhood was not provided by the appraiser.,doc_completeness,B4-1.3-03 Neighborhood Section of the Appraisal Report,NOT_COMPILED,NOT_COMPILED_PRESENCE_GATE_NEEDS_CONDITIONAL_LOGIC,"The appraisal is present, but must also report the neighborhood age range/predominant age — a content requirement beyond presence.",
O-FNM-15365,Property - Appraisal,O-FNM-50277,Critical,Were all Neighborhood section of the appraisal requirements met?,The appraiser did not provide the price range and predominant price of properties in the subject neighborhood reflecting the high and low prevailing prices of the same property type as the subject.,doc_completeness,B4-1.3-03 Neighborhood Section of the Appraisal Report,NOT_COMPILED,NOT_COMPILED_PRESENCE_GATE_NEEDS_CONDITIONAL_LOGIC,Gated on the appraisal being present; presence alone doesn't clear it — neighborhood pricing data must be reported.,
O-FNM-15365,Property - Appraisal,O-FNM-52895,Critical,Were all Neighborhood section of the appraisal requirements met?,The predominant age and predominant price were not given in whole numbers.,doc_completeness,B4-1.3-03 Neighborhood Section of the Appraisal Report,NOT_COMPILED,NOT_COMPILED_PRESENCE_GATE_NEEDS_CONDITIONAL_LOGIC,Checks whether the Neighborhood section's predominant age/price fields are reported as whole numbers — a content-completeness matter on the (present) appraisal.,
O-FNM-15365,Property - Appraisal,O-FNM-59374,Critical,Were all Neighborhood section of the appraisal requirements met?,"The appraisal did not include primary indicators of market conditions for properties in the subject neighborhood including the trend of property values, supply of properties, and marketing time.",doc_completeness,B4-1.3-03 Neighborhood Section of the Appraisal Report,NOT_COMPILED,NOT_COMPILED_PRESENCE_GATE_NEEDS_CONDITIONAL_LOGIC,"Requires the appraisal's Neighborhood section to report market-condition indicators, a content-completeness check; no specific form is named.",
O-FNM-15366,Property - Appraisal,O-FNM-54817,Critical,Were all Site sections of the appraisal requirements met?,"The appraiser did not comment on any adverse conditions affecting the subject property, nor on the present or anticipated use of adjoining properties or their impact on the value and marketability of the subject property.",doc_completeness,B4-1.3-04 Site Section of the Appraisal Report,NOT_COMPILED,NOT_COMPILED_PRESENCE_GATE_NEEDS_CONDITIONAL_LOGIC,"A standard appraisal-completeness check (Site section) applicable whenever an appraisal exists; presence isn't sufficient, adverse conditions must be addressed.",
O-FNM-15366,Property - Appraisal,O-FNM-50281,Critical,Were all Site sections of the appraisal requirements met?,The specific zoning class along with a general statement as to what the zoning permits was not reported within the appraisal.,doc_completeness,B4-1.3-04 Site Section of the Appraisal Report,NOT_COMPILED,NOT_COMPILED_PRESENCE_GATE_NEEDS_CONDITIONAL_LOGIC,"Presupposes an appraisal already in the file and checks completeness of its site section, not the appraisal's own presence.",
O-FNM-15366,Property - Appraisal,O-FNM-50283,Critical,Were all Site sections of the appraisal requirements met?,The subject is on a community owned or privately maintained street but the file did not contain a legally enforceable agreement or covenant for maintenance of the street as required.,doc_presence,B4-1.3-04 Site Section of the Appraisal Report,NOT_COMPILED,NOT_COMPILED_PRESENCE_GATE_NEEDS_CONDITIONAL_LOGIC,"A legally enforceable maintenance agreement/covenant for the community/private street is the identifiable requirement; presence alone is insufficient since it must be legally enforceable, and it's not a closed-list entry.",
O-FNM-15366,Property - Appraisal,O-FNM-50282,Critical,Were all Site sections of the appraisal requirements met?,The subject improvements are not considered the highest and best use of the site.,doc_completeness,B4-1.3-04 Site Section of the Appraisal Report,NOT_COMPILED,NOT_COMPILED_PRESENCE_GATE_NEEDS_CONDITIONAL_LOGIC,"Gated on the appraisal being present; the defect is an appraiser conclusion/content issue, not mere document absence.",
O-FNM-15366,Property - Appraisal,O-FNM-51474,Critical,Were all Site sections of the appraisal requirements met?,An encroachment was identified on the subject or neighboring property without an easement being present.,doc_presence,B4-1.3-04 Site Section of the Appraisal Report,NOT_COMPILED,NOT_COMPILED_PRESENCE_GATE_NEEDS_CONDITIONAL_LOGIC,Checks whether the appraiser documented an easement for an identified encroachment — content analysis within the Site section of the (present) appraisal.,
O-FNM-15367,Property - Appraisal,O-FNM-50290,Critical,Were all Improvements section of the appraisal requirements met?,"An addition that was not permitted was identified without additional commentary regarding the appearance of work and its impact, if any, on the subject's market value.",doc_completeness,B4-1.3-05 Improvements Section of the Appraisal Report; B4-1.3-04 Site Section of the Appraisal Report,NOT_COMPILED,NOT_COMPILED_PRESENCE_GATE_NEEDS_CONDITIONAL_LOGIC,"Requires appraiser commentary on the impact of an unpermitted addition, a content-completeness check on the appraisal; no specific form is named.",
O-FNM-15367,Property - Appraisal,O-FNM-50286,Critical,Were all Improvements section of the appraisal requirements met?,The effective age is higher than the actual age indicating the subject may not have been well maintained without comment.,doc_completeness,B4-1.3-05 Improvements Section of the Appraisal Report; B4-1.3-04 Site Section of the Appraisal Report,NOT_COMPILED,NOT_COMPILED_PRESENCE_GATE_NEEDS_CONDITIONAL_LOGIC,"A standard appraisal-completeness check (Improvements section) applicable whenever an appraisal exists; presence isn't sufficient, effective age must be commented on.",
O-FNM-15367,Property - Appraisal,O-FNM-50287,Critical,Were all Improvements section of the appraisal requirements met?,"The subject is an energy-efficient property, but the appraiser didn't detail the special energy saving items.",doc_completeness,B4-1.3-05 Improvements Section of the Appraisal Report; B4-1.3-04 Site Section of the Appraisal Report,NOT_COMPILED,NOT_COMPILED_TRIGGER_GATED_NEEDS_FACT_MACHINERY,"Only applies when the subject is an energy-efficient property, a property attribute not derivable from document inventory.",
O-FNM-15367,Property - Appraisal,O-FNM-50291,Critical,Were all Improvements section of the appraisal requirements met?,The property has an outbuilding that was not described in the Improvements and Sales Comparison Approach section of the report.,doc_completeness,B4-1.3-05 Improvements Section of the Appraisal Report; B4-1.3-04 Site Section of the Appraisal Report,NOT_COMPILED,NOT_COMPILED_PRESENCE_GATE_NEEDS_CONDITIONAL_LOGIC,"The appraisal is present, but must also describe the outbuilding and its impact — a content requirement beyond presence.",
O-FNM-15367,Property - Appraisal,FNM-Private Rd,Critical,Were all Improvements section of the appraisal requirements met?,The subject access is by a private road and the condition of the road was not noted and/or a maintenance agreement was not in place.,doc_presence,B4-1.3-05 Improvements Section of the Appraisal Report; B4-1.3-04 Site Section of the Appraisal Report,NOT_APPLICABLE,PRECONDITION_NOT_APPLICABLE,No private road access is evidenced anywhere in the profile; standard PUD detached home.,Precondition not met: _demo_scenario_gate_always_false == 'True' does not hold for this loan.
O-FNM-15367,Property - Appraisal,O-FNM-58599,Critical,Were all Improvements section of the appraisal requirements met?,"The subject is a unique property and the appraiser failed to locate recent similar comps, or determine sound adjustments for differences between the available comps or demonstrate marketability.",scripted_review,B4-1.3-05 Improvements Section of the Appraisal Report; B4-1.3-04 Site Section of the Appraisal Report,NEEDS_REVIEW,IRREDUCIBLE_JUDGMENT,"comp-selection suitability judgment (even with comp data extracted, suitability is judgment)",No data present for scripted_review_checklist__the_subject_is_a_unique_property_and_the_appraiser__748e1255 -- cannot determine whether this condition is true or false; needs SME review.
O-FNM-15369,Property - Appraisal,O-FNM-50294,Critical,Were all Sales Comparison Approach section of the appraisal requirements met?,The appraiser did not provide the subject's sales history for the past 3 years and/or the past 12 months for the comparables.,doc_completeness,B4-1.3-07 Sales Comparison Approach Section of the Appraisal Report,NOT_COMPILED,NOT_COMPILED_PRESENCE_GATE_NEEDS_CONDITIONAL_LOGIC,"Checks whether sales-history fields (3-year subject, 12-month comps) are reported — content completeness within the (present) appraisal's Sales Comparison Approach section.",
O-FNM-15369,Property - Appraisal,O-FNM-50293,Critical,Were all Sales Comparison Approach section of the appraisal requirements met?,"The data and verification source for each comparable was not reported and/or the appraiser used a generic source such as ""public records.""",doc_completeness,B4-1.3-07 Sales Comparison Approach Section of the Appraisal Report,NOT_COMPILED,NOT_COMPILED_PRESENCE_GATE_NEEDS_CONDITIONAL_LOGIC,"Requires the appraisal to report a specific, non-generic verification source per comparable, a content-quality check; no specific form is named.",
O-FNM-15370,Property - Appraisal,O-FNM-00535,Critical,Were all Comparable sales requirements met?,The comparable sales were not closed within the last 12 months and commentary was not provided to explain their use.,date_window,B4-1.3-08 Comparable Sales; B4-1.3-09 Adjustments to Comparable Sales,NOT_COMPILED,NOT_COMPILED_NOT_CONVERTED_BY_DESIGN,Check type not in this build's scope (e.g. reverification / list_screening -- deliberately out of scope),
O-FNM-15370,Property - Appraisal,O-FNM-54119,Critical,Were all Comparable sales requirements met?,"The collateral underwriter risk score is 2.6 or higher, and evidence additional steps were taken to ensure the comparables provided were appropriate, physically similar in site, GLA, and adjusted properly was not noted.",threshold_eligibility,B4-1.3-08 Comparable Sales; B4-1.3-09 Adjustments to Comparable Sales,NOT_COMPILED,NOT_COMPILED_THRESHOLD_NOT_PARSEABLE,"Rule cites a threshold but the compiler could not extract one unambiguous number+direction from the text (compile-time gap, same for every loan)",
O-FNM-15370,Property - Appraisal,O-FNM-50296,Critical,Were all Comparable sales requirements met?,"The subject is in a new condo, subdivision or PUD but the comps were not from other neighborhood properties as well as properties within the subject's subdivision or project and/or a reasonable explanation was not provided by the appraiser.",doc_completeness,B4-1.3-08 Comparable Sales; B4-1.3-09 Adjustments to Comparable Sales,NOT_COMPILED,NOT_COMPILED_TRIGGER_GATED_NEEDS_FACT_MACHINERY,"Only applies when the subject is in a new project, a property fact not derivable from document inventory.",
O-FNM-15370,Property - Appraisal,O-FNM-54816,Critical,Were all Comparable sales requirements met?,The comparable properties from the subject's location do not reflect the same positive and negative location characteristics.,scripted_review,B4-1.3-08 Comparable Sales; B4-1.3-09 Adjustments to Comparable Sales,NEEDS_REVIEW,EXTRACTION_GAP_DOC_PRESENT,comparableProperty null -- comp data on the 1004 unextracted,No data present for scripted_review_checklist__the_comparable_properties_from_the_subject_s_locat__544371f6 -- cannot determine whether this condition is true or false; needs SME review.
O-FNM-15370,Property - Appraisal,O-FNM-58598,Critical,Were all Comparable sales requirements met?,Time adjustments were applied to the comparables without explanation or analysis from the appraiser for any changes in market conditions from their contract dates through the effective date.,doc_completeness,B4-1.3-08 Comparable Sales; B4-1.3-09 Adjustments to Comparable Sales,NOT_COMPILED,NOT_COMPILED_PRESENCE_GATE_NEEDS_CONDITIONAL_LOGIC,"Presupposes an appraisal already in the file and checks whether comparable time adjustments were explained, not the appraisal's own presence.",
O-FNM-15370,Property - Appraisal,O-FNM-00536,Critical,Were all Comparable sales requirements met?,"The comparable sales included sales or financing concessions, without the dollar amount being reported and/or adjustments not made and an explanation not provided for the concessions.",doc_completeness,B4-1.3-08 Comparable Sales; B4-1.3-09 Adjustments to Comparable Sales,NOT_COMPILED,NOT_COMPILED_PRESENCE_GATE_NEEDS_CONDITIONAL_LOGIC,"The appraisal is present, but comparable-sale concessions must be dollar-quantified and adjusted with explanation — a content requirement beyond presence.",
O-FNM-15370,Property - Appraisal,O-FNM-58600,Critical,Were all Comparable sales requirements met?,The comparable sales do not have similar physical and legal characteristics when compared to the subject property without commentary from the appraiser.,scripted_review,B4-1.3-08 Comparable Sales; B4-1.3-09 Adjustments to Comparable Sales,NEEDS_REVIEW,EXTRACTION_GAP_DOC_PRESENT,comparableProperty null,No data present for scripted_review_checklist__the_comparable_sales_do_not_have_similar_physical__1d34d741 -- cannot determine whether this condition is true or false; needs SME review.
O-FNM-15371,Property - Appraisal,O-FNM-50299,Critical,Were all cost and income approach to value requirements met?,"The appraiser has completed the cost approach, but a review of the information provided was not conducted to confirm that the appraiser’s analysis and comments for the cost approach to value are consistent with comments and adjustments mentioned elsewhere in the appraisal.",scripted_review,B4-1.3-10 Cost and Income Approach to Value,NEEDS_REVIEW,EXTRACTION_GAP_DOC_PRESENT,cost-approach section (approachToValue) null,No data present for scripted_review_checklist__the_appraiser_has_completed_the_cost_approach_but__3b6434f0 -- cannot determine whether this condition is true or false; needs SME review.
O-FNM-15371,Property - Appraisal,O-FNM-50300,Critical,Were all cost and income approach to value requirements met?,"The appraiser used an income approach to value but did not include supporting comparable rental and sales data, and the calculations used to determine the gross rent multiplier.",doc_completeness,B4-1.3-10 Cost and Income Approach to Value,NOT_APPLICABLE,PRECONDITION_NOT_APPLICABLE,"Trigger requires the appraiser used an income approach to value; subject property itself is NOT a rental (purchase, occupancy affidavit present), making an income-approach valuation inapplicable",Precondition not met: _demo_scenario_gate_always_false == 'True' does not hold for this loan.
O-FNM-15374,Property - Appraisal,O-FNM-50304,Critical,Were all condo appraisal requirements met?,"It was not evident that the appraiser paid special attention to the location of the individual unit within the project, the project amenities and the amount and purpose of the HOA as part of analyzing the project as well as the individual unit.",doc_completeness,B4-1.4-03 Condo Appraisal Requirements,NOT_APPLICABLE,PRECONDITION_NOT_APPLICABLE,"Card applicability requires Loans.PropertyType='Condominium'; Property is provably a detached single-family home in a PUD, not a Condominium or Cooperative: pudIndicator='Y', attachmentType='Detached', projectLegalStructureType='Detached', condominiumIndicator=null, cooperativeIndicator=null, and a 'PUD Rider' (not a condo rider) is in the closed doc inventory.",Precondition not met: Loans.PropertyType == 'Condominium' does not hold for this loan.
O-FNM-15377,Property - Appraisal,O-FNM-50312,Critical,Were all community land trust appraisal requirements met?,"The appraiser didn't complete one of the following requirements, determine the leasehold value, the fee simple value and the applicable capitalization rate and convert the income from the ground lease into a leased fee value by using the market-derived capitalization rate",computation,B4-1.4-06 Community Land Trust Appraisal Requirements,NOT_APPLICABLE,PRECONDITION_NOT_APPLICABLE,Community-land-trust trigger provably false: propertyEstateType='FeeSimple' (a CLT requires a ground-lease/leasehold structure) and no CLT documentType in the closed inventory.,Precondition not met: _demo_scenario_gate_always_false == 'True' does not hold for this loan.
O-FNM-15377,Property - Appraisal,O-FNM-50311,Critical,Were all community land trust appraisal requirements met?,The subject is held by a community land trust without a ground lease analysis being provided by the appraiser.,doc_completeness,B4-1.4-06 Community Land Trust Appraisal Requirements,NOT_APPLICABLE,PRECONDITION_NOT_APPLICABLE,Community land trust not evidenced anywhere; no CLT docs or mentions.,Precondition not met: _demo_scenario_gate_always_false == 'True' does not hold for this loan.
O-FNM-15378,Property - Appraisal,O-FNM-50313,Critical,Were all mixed-use properties appraisal requirements met?,One or more of the requirements for a mixed-use property appraisal was not met.,scripted_review,B4-1.4-07 Mixed-Use Property Appraisal Requirements,NEEDS_REVIEW,EXTRACTION_GAP_DOC_PRESENT,propertyMixedUsageIndicator null,No data present for scripted_review_checklist__one_or_more_of_the_requirements_for_a_mixed_use_pr__1ad1f42c -- cannot determine whether this condition is true or false; needs SME review.
O-FNM-15379,Property - Appraisal,O-FNM-50314,Critical,Were all environmental hazards appraisal requirements met?,"An environmental hazardous condition exists at the subject property or in vicinity without the condition being specified, or comment on impact and adjusted as appropriate by the appraiser.",scripted_review,B4-1.4-08 Environmental Hazards Appraisal Requirements,NEEDS_REVIEW,IRREDUCIBLE_JUDGMENT,hazardous-condition-noted-without-commentary narrative judgment,No data present for scripted_review_checklist__an_environmental_hazardous_condition_exists_at_the__f4904cce -- cannot determine whether this condition is true or false; needs SME review.
O-FNM-15379,Property - Appraisal,O-FNM-00540,Critical,Were all environmental hazards appraisal requirements met?,"The property has a known environmental hazard, the file did not document the information was disclosed to the borrower and if appropriate, additional inspections were not conducted.",doc_presence,B4-1.4-08 Environmental Hazards Appraisal Requirements,NOT_COMPILED,NOT_COMPILED_COMPOUND_DOCS_NEEDS_MULTI_DOC_LOGIC,"Requires both a borrower disclosure of a known environmental hazard and, as applicable, additional inspections -- two distinct pieces of documentation, so no single document's presence decides it.",
O-FNM-15379,Property - Appraisal,HealthSafe,Critical,Were all environmental hazards appraisal requirements met?,"All health & safety issues, from the appraisal, were not addressed or corrected.",doc_presence,B4-1.4-08 Environmental Hazards Appraisal Requirements,NOT_COMPILED,NOT_COMPILED_TRIGGER_GATED_NEEDS_FACT_MACHINERY,"Only applies once health/safety issues were identified in the appraisal's content, which isn't visible from a document-type inventory.",
O-FNM-15380,Property - Appraisal,O-FNM-56086,Critical,Were all value acceptance (appraisal waiver) requirements met?,Value acceptance was exercised where an appraisal was obtained for the transaction.,threshold_eligibility,B4-1.4-10 Value Acceptance,NOT_COMPILED,NOT_COMPILED_THRESHOLD_NOT_PARSEABLE,"Rule cites a threshold but the compiler could not extract one unambiguous number+direction from the text (compile-time gap, same for every loan)",
O-FNM-15380,Property - Appraisal,O-FNM-55740,Critical,Were all value acceptance (appraisal waiver) requirements met?,A home inspection determining acceptable property condition is not in the file where a rural high-needs value acceptance was exercised.,doc_presence,B4-1.4-10 Value Acceptance,NOT_APPLICABLE,PRECONDITION_NOT_APPLICABLE,"Trigger requires value acceptance (appraisal waiver) exercised, but Form 1004 Uniform Residential Appraisal is present, evidencing a traditional appraisal not a waiver",Precondition not met: _demo_scenario_gate_always_false == 'True' does not hold for this loan.
O-FNM-15380,Property - Appraisal,O-FNM-56087,Critical,Were all value acceptance (appraisal waiver) requirements met?,The value acceptance offer is over 4 months old on the Note date.,date_window,B4-1.4-10 Value Acceptance,NOT_APPLICABLE,PRECONDITION_NOT_APPLICABLE,"Trigger requires value acceptance (appraisal waiver) to have been the transaction's valuation path; the valuation of record is a full traditional appraisal: documents[52] 'Form 1004 Uniform Residential Appraisal' plus a populated valuationServices[0].valuationReport used for the collateral valuation (352000); piw=null, ace=null. Matches the table's established standard (existing NA rows O-FNM-55740/56088/56225/56231/56232/56227, incl. same-card siblings).",Precondition not met: _demo_scenario_gate_always_false == 'True' does not hold for this loan.
O-FNM-15380,Property - Appraisal,O-FNM-54874,Critical,Were all value acceptance (appraisal waiver) requirements met?,Value acceptance was exercised where there were situations in which it would have been prudent or required to obtain an appraisal.,scripted_review,B4-1.4-10 Value Acceptance,NEEDS_REVIEW,IRREDUCIBLE_JUDGMENT,prudence-of-appraisal-waiver judgment call,No data present for scripted_review_checklist__value_acceptance_was_exercised_where_there_were_si__2c5269f3 -- cannot determine whether this condition is true or false; needs SME review.
O-FNM-15380,Property - Appraisal,O-FNM-54132,Critical,Were all value acceptance (appraisal waiver) requirements met?,Value acceptance was exercised when rental income from the subject property is used.,threshold_eligibility,B4-1.4-10 Value Acceptance,NOT_APPLICABLE,PRECONDITION_NOT_APPLICABLE,"Trigger requires value acceptance (appraisal waiver) to have been the transaction's valuation path; the valuation of record is a full traditional appraisal: documents[52] 'Form 1004 Uniform Residential Appraisal' plus a populated valuationServices[0].valuationReport used for the collateral valuation (352000); piw=null, ace=null. Matches the table's established standard (existing NA rows O-FNM-55740/56088/56225/56231/56232/56227, incl. same-card siblings).",Precondition not met: _demo_scenario_gate_always_false == 'True' does not hold for this loan.
O-FNM-15380,Property - Appraisal,O-FNM-56088,Critical,Were all value acceptance (appraisal waiver) requirements met?,Special feature code 801 was not included at delivery where value acceptance was exercised.,doc_completeness,B4-1.4-10 Value Acceptance,NOT_APPLICABLE,PRECONDITION_NOT_APPLICABLE,"Trigger requires value acceptance (appraisal waiver) exercised, but Form 1004 appraisal is present, evidencing a traditional appraisal not a waiver",Precondition not met: _demo_scenario_gate_always_false == 'True' does not hold for this loan.
O-FNM-15380,Property - Appraisal,O-FNM-56089,Major,Were all value acceptance (appraisal waiver) requirements met?,The loan had a characteristic that was not eligible for value acceptance.,threshold_eligibility,B4-1.4-10 Value Acceptance,NOT_APPLICABLE,PRECONDITION_NOT_APPLICABLE,"Trigger requires value acceptance (appraisal waiver) to have been the transaction's valuation path; the valuation of record is a full traditional appraisal: documents[52] 'Form 1004 Uniform Residential Appraisal' plus a populated valuationServices[0].valuationReport used for the collateral valuation (352000); piw=null, ace=null. Matches the table's established standard (existing NA rows O-FNM-55740/56088/56225/56231/56232/56227, incl. same-card siblings).",Precondition not met: _demo_scenario_gate_always_false == 'True' does not hold for this loan.
O-FNM-15381,Property - Appraisal,O-FNM-55515,Critical,Were all Condominium Project Questionnaire appraisal requirements met?,"(Best Practice) Form 1076A, an addendum to Form 1076, Condominium Project Questionnaire, was not completed to determine whether a project meets the temporary requirements for condo and co-op projects.",doc_presence,B4-2.1-01 General Information on Project Standards; B4-2.1-02 Waiver of Project Review,NOT_APPLICABLE,PRECONDITION_NOT_APPLICABLE,"Form 1076A applies to condo/co-op projects only (card applicability requires PropertyType='Condominium'); Property is provably a detached single-family home in a PUD, not a Condominium or Cooperative: pudIndicator='Y', attachmentType='Detached', projectLegalStructureType='Detached', condominiumIndicator=null, cooperativeIndicator=null, and a 'PUD Rider' (not a condo rider) is in the closed doc inventory.",Precondition not met: Loans.PropertyType == 'Condominium' does not hold for this loan.
O-FNM-15381,Property - Appraisal,O-FNM-53853,Critical,Were all Condominium Project Questionnaire appraisal requirements met?,"The loan file did not contain a Condominium Project Questionnaire, Form 1076, including the deferred maintenance addendum as recommended.",doc_presence,B4-2.1-01 General Information on Project Standards; B4-2.1-02 Waiver of Project Review,NOT_APPLICABLE,PRECONDITION_NOT_APPLICABLE,"Form 1076 Condominium Project Questionnaire applies to condo projects only (card applicability requires PropertyType='Condominium'); Property is provably a detached single-family home in a PUD, not a Condominium or Cooperative: pudIndicator='Y', attachmentType='Detached', projectLegalStructureType='Detached', condominiumIndicator=null, cooperativeIndicator=null, and a 'PUD Rider' (not a condo rider) is in the closed doc inventory.",Precondition not met: Loans.PropertyType == 'Condominium' does not hold for this loan.
O-FNM-15381,Property - Appraisal,O-FNM-55420,Critical,Were all Condominium Project Questionnaire appraisal requirements met?,"The status of the subject condo or co-op project is “Unavailable” in Condo Project Manager, CPM.",threshold_eligibility,B4-2.1-01 General Information on Project Standards; B4-2.1-02 Waiver of Project Review,NOT_APPLICABLE,PRECONDITION_NOT_APPLICABLE,"Trigger requires a condominium or cooperative project; both any_of branches provably false: attachmentType='Detached', projectLegalStructureType='Detached', pudIndicator='Y' (detached single-family home in a PUD), condominiumIndicator=null, cooperativeIndicator=null, and the closed doc inventory carries a 'PUD Rider' documents[16], not a condo/co-op rider.",Precondition not met: Loans.PropertyType == 'Condominium' does not hold for this loan.
O-FNM-15381,Property - Appraisal,O-FNM-59132,Critical,Were all Condominium Project Questionnaire appraisal requirements met?,CPM displays a delivery restriction with a CPM Approved by Fannie Mae message in DU without evidence that the stated restrictions were complied with.,scripted_review,B4-2.1-01 General Information on Project Standards; B4-2.1-02 Waiver of Project Review,NOT_APPLICABLE,AUTOPASS_DU_NOT_ACCESSIBLE_BUT_STRUCTURALLY_NOT_APPLICABLE,Precondition not met: Loans.PropertyType == 'Condominium' does not hold for this loan.,Precondition not met: Loans.PropertyType == 'Condominium' does not hold for this loan.
O-FNM-15381,Property - Appraisal,O-FNM-59133,Critical,Were all Condominium Project Questionnaire appraisal requirements met?,"The CPM project approved status was not retained as of the note date, and a CPM Approved by Fannie Mae message in DU was not received.",threshold_eligibility,B4-2.1-01 General Information on Project Standards; B4-2.1-02 Waiver of Project Review,NOT_APPLICABLE,PRECONDITION_NOT_APPLICABLE,"Trigger requires a condominium or cooperative project; both any_of branches provably false: attachmentType='Detached', projectLegalStructureType='Detached', pudIndicator='Y' (detached single-family home in a PUD), condominiumIndicator=null, cooperativeIndicator=null, and the closed doc inventory carries a 'PUD Rider' documents[16], not a condo/co-op rider.",Precondition not met: Loans.PropertyType == 'Condominium' does not hold for this loan.
O-FNM-15381,Property - Appraisal,O-FNM-50876,Critical,Were all Condominium Project Questionnaire appraisal requirements met?,"The subject is a detached condo; however, the unit did not meet property standards, appraisal standards, insurance, and/or priority lien requirements.",scripted_review,B4-2.1-01 General Information on Project Standards; B4-2.1-02 Waiver of Project Review,NOT_APPLICABLE,STRUCTURAL_APPLICABILITY,Precondition not met: Loans.PropertyType == 'Condominium' does not hold for this loan.,Precondition not met: Loans.PropertyType == 'Condominium' does not hold for this loan.
O-FNM-15381,Property - Appraisal,O-FNM-59131,Critical,Were all Condominium Project Questionnaire appraisal requirements met?,"The CPM Approved by Fannie Mae message in DU lost its status due to credit report expiration or changes made to the CPM ID, project name, property address (state or zip code), or credit report that was not updated.",threshold_eligibility,B4-2.1-01 General Information on Project Standards; B4-2.1-02 Waiver of Project Review,NOT_APPLICABLE,PRECONDITION_NOT_APPLICABLE,"Trigger requires a condominium or cooperative project; both any_of branches provably false: attachmentType='Detached', projectLegalStructureType='Detached', pudIndicator='Y' (detached single-family home in a PUD), condominiumIndicator=null, cooperativeIndicator=null, and the closed doc inventory carries a 'PUD Rider' documents[16], not a condo/co-op rider.",Precondition not met: Loans.PropertyType == 'Condominium' does not hold for this loan.
O-FNM-15381,Property - Appraisal,O-FNM-59348,Critical,Were all Condominium Project Questionnaire appraisal requirements met?,A project review waiver was exercised where the project is terminating or is involved in insolvency proceedings.,threshold_eligibility,B4-2.1-01 General Information on Project Standards; B4-2.1-02 Waiver of Project Review,NOT_APPLICABLE,PRECONDITION_NOT_APPLICABLE,"Trigger requires a condominium or cooperative project; both any_of branches provably false: attachmentType='Detached', projectLegalStructureType='Detached', pudIndicator='Y' (detached single-family home in a PUD), condominiumIndicator=null, cooperativeIndicator=null, and the closed doc inventory carries a 'PUD Rider' documents[16], not a condo/co-op rider.",Precondition not met: Loans.PropertyType == 'Condominium' does not hold for this loan.
O-FNM-15381,Property - Appraisal,O-FNM-51046,Critical,Were all Condominium Project Questionnaire appraisal requirements met?,The project review was waived without all property eligibility requirements being met.,scripted_review,B4-2.1-01 General Information on Project Standards; B4-2.1-02 Waiver of Project Review,NOT_APPLICABLE,STRUCTURAL_APPLICABILITY,Precondition not met: Loans.PropertyType == 'Condominium' does not hold for this loan.,Precondition not met: Loans.PropertyType == 'Condominium' does not hold for this loan.
O-FNM-15382,Property - Appraisal,O-FNM-50877,Critical,Were all condo or co-op ineligible projects appraisal requirements met?,The condo or co-op project is the subject of litigation without meeting the eligible minor litigation criteria.,threshold_eligibility,B4-2.1-03 Ineligible Projects,NOT_APPLICABLE,PRECONDITION_NOT_APPLICABLE,"Trigger requires a condominium or cooperative project; both any_of branches provably false: attachmentType='Detached', projectLegalStructureType='Detached', pudIndicator='Y' (detached single-family home in a PUD), condominiumIndicator=null, cooperativeIndicator=null, and the closed doc inventory carries a 'PUD Rider' documents[16], not a condo/co-op rider.",Precondition not met: Loans.PropertyType in 'Condominium|Cooperative' does not hold for this loan.
O-FNM-15382,Property - Appraisal,CoopDoc,Major,Were all condo or co-op ineligible projects appraisal requirements met?,Sponsor ownership and/or the cooperative shares were not documented or outside of allotted %.  20% for Portfolio - 40% for Agency,threshold_eligibility,B4-2.1-03 Ineligible Projects,NOT_APPLICABLE,PRECONDITION_NOT_APPLICABLE,"Trigger requires a condominium or cooperative project; both any_of branches provably false: attachmentType='Detached', projectLegalStructureType='Detached', pudIndicator='Y' (detached single-family home in a PUD), condominiumIndicator=null, cooperativeIndicator=null, and the closed doc inventory carries a 'PUD Rider' documents[16], not a condo/co-op rider.",Precondition not met: Loans.PropertyType in 'Condominium|Cooperative' does not hold for this loan.
O-FNM-15382,Property - Appraisal,O-FNM-00541,Critical,Were all condo or co-op ineligible projects appraisal requirements met?,"There are indications that the condo or co-op project is operating as a condotel, even though the units are individually owned.",scripted_review,B4-2.1-03 Ineligible Projects,NOT_APPLICABLE,PRECONDITION_NOT_APPLICABLE,"collateralDetail.collateral[0].propertyDetail: condominiumIndicator=null, cooperativeIndicator=null, pudIndicator=""Y"" -- condotel defect requires an individually-owned condo/co-op unit; this property is a PUD.",Precondition not met: Loans.PropertyType in 'Condominium|Cooperative' does not hold for this loan.
O-FNM-15382,Property - Appraisal,O-FNM-53854,Critical,Were all condo or co-op ineligible projects appraisal requirements met?,The total space used for nonresidential or commercial purposes exceeds 35% in a condo or cooperative.,threshold_eligibility,B4-2.1-03 Ineligible Projects,NOT_APPLICABLE,PRECONDITION_NOT_APPLICABLE,"Trigger requires a condominium or cooperative project; both any_of branches provably false: attachmentType='Detached', projectLegalStructureType='Detached', pudIndicator='Y' (detached single-family home in a PUD), condominiumIndicator=null, cooperativeIndicator=null, and the closed doc inventory carries a 'PUD Rider' documents[16], not a condo/co-op rider.",Precondition not met: Loans.PropertyType in 'Condominium|Cooperative' does not hold for this loan.
O-FNM-15382,Property - Appraisal,O-FNM-53863,Critical,Were all condo or co-op ineligible projects appraisal requirements met?,The condo or co-op project has recreational leases or mandatory memberships that require the payment of dues.,threshold_eligibility,B4-2.1-03 Ineligible Projects,NOT_APPLICABLE,PRECONDITION_NOT_APPLICABLE,"Trigger requires a condominium or cooperative project; both any_of branches provably false: attachmentType='Detached', projectLegalStructureType='Detached', pudIndicator='Y' (detached single-family home in a PUD), condominiumIndicator=null, cooperativeIndicator=null, and the closed doc inventory carries a 'PUD Rider' documents[16], not a condo/co-op rider.",Precondition not met: Loans.PropertyType in 'Condominium|Cooperative' does not hold for this loan.
O-FNM-15382,Property - Appraisal,O-FNM-53789,Critical,Were all condo or co-op ineligible projects appraisal requirements met?,The project did not meet single entity ownership limits.,threshold_eligibility,B4-2.1-03 Ineligible Projects,NOT_APPLICABLE,PRECONDITION_NOT_APPLICABLE,"Trigger requires a condominium or cooperative project; both any_of branches provably false: attachmentType='Detached', projectLegalStructureType='Detached', pudIndicator='Y' (detached single-family home in a PUD), condominiumIndicator=null, cooperativeIndicator=null, and the closed doc inventory carries a 'PUD Rider' documents[16], not a condo/co-op rider.",Precondition not met: Loans.PropertyType in 'Condominium|Cooperative' does not hold for this loan.
O-FNM-15384,Property - Appraisal,CondoAUS,Critical,Were all condo or co-op project review requirements met?,The condo project does not meet AUS requirements,scripted_review,B4-2.1-01 General Information on Project Standards; B4-2.2-02 Full Review Process; B4-2.3-03 Legal Requirements for Co-op Projects,NOT_APPLICABLE,PRECONDITION_NOT_APPLICABLE,"collateralDetail.collateral[0].propertyDetail: condominiumIndicator=null, cooperativeIndicator=null, pudIndicator=""Y"" -- AUS condo-project requirement can only apply to a condo/co-op project; this property is a PUD.",Precondition not met: Loans.PropertyType in 'Condominium|Cooperative' does not hold for this loan.
O-FNM-15384,Property - Appraisal,O-FNM-56482,Critical,Were all condo or co-op project review requirements met?,"Condo Project Manager, CPM, was not used to conduct the condo project full review without being exempt or receiving a waiver.",threshold_eligibility,B4-2.1-01 General Information on Project Standards; B4-2.2-02 Full Review Process; B4-2.3-03 Legal Requirements for Co-op Projects,NOT_APPLICABLE,PRECONDITION_NOT_APPLICABLE,"Trigger requires a condominium or cooperative project; both any_of branches provably false: attachmentType='Detached', projectLegalStructureType='Detached', pudIndicator='Y' (detached single-family home in a PUD), condominiumIndicator=null, cooperativeIndicator=null, and the closed doc inventory carries a 'PUD Rider' documents[16], not a condo/co-op rider.",Precondition not met: Loans.PropertyType in 'Condominium|Cooperative' does not hold for this loan.
O-FNM-15384,Property - Appraisal,CondoQuestionnaire,Critical,Were all condo or co-op project review requirements met?,Missing condo questionnaire or checklist if applicable.,doc_presence,B4-2.1-01 General Information on Project Standards; B4-2.2-02 Full Review Process; B4-2.3-03 Legal Requirements for Co-op Projects,NOT_APPLICABLE,PRECONDITION_NOT_APPLICABLE,"Card any_of requires Loans.PropertyType Condominium or Cooperative -- both provably false: Property is provably a detached single-family home in a PUD, not a Condominium or Cooperative: pudIndicator='Y', attachmentType='Detached', projectLegalStructureType='Detached', condominiumIndicator=null, cooperativeIndicator=null, and a 'PUD Rider' (not a condo rider) is in the closed doc inventory. (All 7 sibling defect options on this card already carry NA in the table on this fact.)",Precondition not met: Loans.PropertyType in 'Condominium|Cooperative' does not hold for this loan.
O-FNM-15384,Property - Appraisal,O-FNM-58745,Critical,Were all condo or co-op project review requirements met?,The project is subject to a ground lease and the file does not evidence documentation to support that the co-op corporation protected the lender's financial interest in the event of a condemnation or similar taking proceeding affecting any portion of the co-op project or the unit.,doc_completeness,B4-2.1-01 General Information on Project Standards; B4-2.2-02 Full Review Process; B4-2.3-03 Legal Requirements for Co-op Projects,NOT_APPLICABLE,PRECONDITION_NOT_APPLICABLE,"Applicability requires PropertyType=Condominium or Cooperative; property is explicitly a detached SFH/PUD, not condo/co-op",Precondition not met: Loans.PropertyType in 'Condominium|Cooperative' does not hold for this loan.
O-FNM-15384,Property - Appraisal,O-FNM-50317,Major,Were all condo or co-op project review requirements met?,The subject co-op occupancy intent is for investment purposes which is prohibited by FNMA.,threshold_eligibility,B4-2.1-01 General Information on Project Standards; B4-2.2-02 Full Review Process; B4-2.3-03 Legal Requirements for Co-op Projects,NOT_APPLICABLE,PRECONDITION_NOT_APPLICABLE,"Trigger requires a condominium or cooperative project; both any_of branches provably false: attachmentType='Detached', projectLegalStructureType='Detached', pudIndicator='Y' (detached single-family home in a PUD), condominiumIndicator=null, cooperativeIndicator=null, and the closed doc inventory carries a 'PUD Rider' documents[16], not a condo/co-op rider.",Precondition not met: Loans.PropertyType in 'Condominium|Cooperative' does not hold for this loan.
O-FNM-15384,Property - Appraisal,COOPPSA,Major,Were all condo or co-op project review requirements met?,The Co-op Seller's Affidavit was not located and/or properly executed.,doc_presence,B4-2.1-01 General Information on Project Standards; B4-2.2-02 Full Review Process; B4-2.3-03 Legal Requirements for Co-op Projects,NOT_APPLICABLE,PRECONDITION_NOT_APPLICABLE,Co-op Seller's Affidavit is a co-op-specific requirement; property is not a Condominium or Cooperative,Precondition not met: Loans.PropertyType in 'Condominium|Cooperative' does not hold for this loan.
O-FNM-15384,Property - Appraisal,O-FNM-53024,Critical,Were all condo or co-op project review requirements met?,The file did not contain a Co-op Corporation’s Recognition Agreement.,doc_presence,B4-2.1-01 General Information on Project Standards; B4-2.2-02 Full Review Process; B4-2.3-03 Legal Requirements for Co-op Projects,NOT_APPLICABLE,PRECONDITION_NOT_APPLICABLE,Applicability requires PropertyType=Condominium/Cooperative; property is not condo/co-op,Precondition not met: Loans.PropertyType in 'Condominium|Cooperative' does not hold for this loan.
O-FNM-15384,Property - Appraisal,COOPStkCert,Major,Were all condo or co-op project review requirements met?,The stock certificate for the co-op unit is not located and/or the stock certificate does not match the number of shares in the Loan Security Agreement.,cross_doc_consistency,B4-2.1-01 General Information on Project Standards; B4-2.2-02 Full Review Process; B4-2.3-03 Legal Requirements for Co-op Projects,NOT_APPLICABLE,PRECONDITION_NOT_APPLICABLE,"Co-op stock-certificate requirement; card any_of requires PropertyType Condominium or Cooperative -- both provably false: Property is provably a detached single-family home in a PUD, not a Condominium or Cooperative: pudIndicator='Y', attachmentType='Detached', projectLegalStructureType='Detached', condominiumIndicator=null, cooperativeIndicator=null, and a 'PUD Rider' (not a condo rider) is in the closed doc inventory.",Precondition not met: Loans.PropertyType in 'Condominium|Cooperative' does not hold for this loan.
O-FNM-15384,Property - Appraisal,O-FNM-58744,Critical,Were all condo or co-op project review requirements met?,The file did not document that the lender completed their own certification in CPM including the CPM decision with the unexpired CPM Certification.,doc_presence,B4-2.1-01 General Information on Project Standards; B4-2.2-02 Full Review Process; B4-2.3-03 Legal Requirements for Co-op Projects,NOT_APPLICABLE,PRECONDITION_NOT_APPLICABLE,"Property is a Detached single-family home in a PUD, not a Condominium or Cooperative",Precondition not met: Loans.PropertyType in 'Condominium|Cooperative' does not hold for this loan.
O-FNM-15384,Property - Appraisal,O-FNM-56978,Critical,Were all condo or co-op project review requirements met?,More than 15% of the total units in a project are 60 days or more past due on common expense assessments/HOA fees.,threshold_eligibility,B4-2.1-01 General Information on Project Standards; B4-2.2-02 Full Review Process; B4-2.3-03 Legal Requirements for Co-op Projects,NOT_APPLICABLE,PRECONDITION_NOT_APPLICABLE,"Trigger requires a condominium or cooperative project; both any_of branches provably false: attachmentType='Detached', projectLegalStructureType='Detached', pudIndicator='Y' (detached single-family home in a PUD), condominiumIndicator=null, cooperativeIndicator=null, and the closed doc inventory carries a 'PUD Rider' documents[16], not a condo/co-op rider.",Precondition not met: Loans.PropertyType in 'Condominium|Cooperative' does not hold for this loan.
O-FNM-15384,Property - Appraisal,O-FNM-56979,Critical,Were all condo or co-op project review requirements met?,More than 15% of the total units in a project are 60 days or more past due in the payment of each special assessment.,threshold_eligibility,B4-2.1-01 General Information on Project Standards; B4-2.2-02 Full Review Process; B4-2.3-03 Legal Requirements for Co-op Projects,NOT_APPLICABLE,PRECONDITION_NOT_APPLICABLE,"Trigger requires a condominium or cooperative project; both any_of branches provably false: attachmentType='Detached', projectLegalStructureType='Detached', pudIndicator='Y' (detached single-family home in a PUD), condominiumIndicator=null, cooperativeIndicator=null, and the closed doc inventory carries a 'PUD Rider' documents[16], not a condo/co-op rider.",Precondition not met: Loans.PropertyType in 'Condominium|Cooperative' does not hold for this loan.
O-FNM-15384,Property - Appraisal,O-FNM-53788,Critical,Were all condo or co-op project review requirements met?,There is no documentation in the file to ensure the project association has a minimum annual budgeted replacement reserve allocation of 10%.,computation,B4-2.1-01 General Information on Project Standards; B4-2.2-02 Full Review Process; B4-2.3-03 Legal Requirements for Co-op Projects,NOT_APPLICABLE,PRECONDITION_NOT_APPLICABLE,"Card any_of requires Loans.PropertyType Condominium or Cooperative -- both disjuncts provably false: Property is provably a detached single-family home in a PUD, not a Condominium or Cooperative: pudIndicator='Y', attachmentType='Detached', projectLegalStructureType='Detached', condominiumIndicator=null, cooperativeIndicator=null, and a 'PUD Rider' (not a condo rider) is in the closed doc inventory.",Precondition not met: Loans.PropertyType in 'Condominium|Cooperative' does not hold for this loan.
O-FNM-15384,Property - Appraisal,O-FNM-50315,Critical,Were all condo or co-op project review requirements met?,A Limited or Full Project Review was not conducted as required.,threshold_eligibility,B4-2.1-01 General Information on Project Standards; B4-2.2-02 Full Review Process; B4-2.3-03 Legal Requirements for Co-op Projects,NOT_APPLICABLE,PRECONDITION_NOT_APPLICABLE,"Trigger requires a condominium or cooperative project; both any_of branches provably false: attachmentType='Detached', projectLegalStructureType='Detached', pudIndicator='Y' (detached single-family home in a PUD), condominiumIndicator=null, cooperativeIndicator=null, and the closed doc inventory carries a 'PUD Rider' documents[16], not a condo/co-op rider.",Precondition not met: Loans.PropertyType in 'Condominium|Cooperative' does not hold for this loan.
O-FNM-15384,Property - Appraisal,O-FNM-56977,Critical,Were all condo or co-op project review requirements met?,The project unit is not on a separate meter and it was not evidenced that multiple units on a single meter is common and customary in the local market and/or that the project budget includes adequate funding for utility payments.,scripted_review,B4-2.1-01 General Information on Project Standards; B4-2.2-02 Full Review Process; B4-2.3-03 Legal Requirements for Co-op Projects,NOT_APPLICABLE,PRECONDITION_NOT_APPLICABLE,"collateralDetail.collateral[0].propertyDetail: condominiumIndicator=null, cooperativeIndicator=null, pudIndicator=""Y"" -- shared-utility-metering requirement is a condo/co-op project review item; this property is a PUD.",Precondition not met: Loans.PropertyType in 'Condominium|Cooperative' does not hold for this loan.
O-FNM-15384,Property - Appraisal,ProRata,Major,Were all condo or co-op project review requirements met?,The Pro Rata form confirming the underlying mortgage shares is either not found or inaccurate/incomplete,doc_completeness,B4-2.1-01 General Information on Project Standards; B4-2.2-02 Full Review Process; B4-2.3-03 Legal Requirements for Co-op Projects,NOT_APPLICABLE,PRECONDITION_NOT_APPLICABLE,Pro Rata form is a co-op-specific requirement; property is not a Condominium or Cooperative,Precondition not met: Loans.PropertyType in 'Condominium|Cooperative' does not hold for this loan.
O-FNM-15844,Property - Appraisal,O-FNM-55423,Critical,Were all condo or co-op project deferred maintenance requirements met?,"[Best Practice] There is no evidence available condo or co-op inspection, engineering, or other certification reports completed within the past five years were reviewed to identify deferred maintenance that may need to be addressed.",doc_presence,B4-2.1-03 Ineligible Projects,NOT_APPLICABLE,PRECONDITION_NOT_APPLICABLE,Property is not a Condominium or Cooperative (Detached single-family PUD),Precondition not met: Loans.PropertyType in 'Condominium|Cooperative' does not hold for this loan.
O-FNM-15844,Property - Appraisal,O-FNM-55422,Critical,Were all condo or co-op project deferred maintenance requirements met?,[Best Practice] The past six months of a condo/co-op project’s HOA meeting minutes were not reviewed.,doc_presence,B4-2.1-03 Ineligible Projects,NOT_APPLICABLE,PRECONDITION_NOT_APPLICABLE,"Property is a detached single-family PUD, explicitly NOT a condo or co-op, so the condo/co-op-only PropertyType gate is false.",Precondition not met: Loans.PropertyType in 'Condominium|Cooperative' does not hold for this loan.
O-FNM-15844,Property - Appraisal,O-FNM-55416,Critical,Were all condo or co-op project deferred maintenance requirements met?,The subject condo or co-op project did not obtain an acceptable certificate of occupancy or did not pass local regulatory inspections or recertifications.,doc_presence,B4-2.1-03 Ineligible Projects,NOT_APPLICABLE,PRECONDITION_NOT_APPLICABLE,"Property is PUD Detached, not Condominium or Cooperative",Precondition not met: Loans.PropertyType in 'Condominium|Cooperative' does not hold for this loan.
O-FNM-15844,Property - Appraisal,O-FNM-55415,Critical,Were all condo or co-op project deferred maintenance requirements met?,"The condo or co-op project file did not include the required satisfactory engineering or inspection report, certificate of occupancy, or other substantially similar documentation evidencing completed repairs/maintenance.",doc_presence,B4-2.1-03 Ineligible Projects,NOT_APPLICABLE,PRECONDITION_NOT_APPLICABLE,"Property is a detached single-family PUD, explicitly NOT a condo or co-op, so the condo/co-op-only PropertyType gate is false.",Precondition not met: Loans.PropertyType in 'Condominium|Cooperative' does not hold for this loan.
O-FNM-15844,Property - Appraisal,O-FNM-55418,Critical,Were all condo or co-op project deferred maintenance requirements met?,The condo/co-op financial documents were not obtained to confirm the association has the ability to fund any repairs.,doc_presence,B4-2.1-03 Ineligible Projects,NOT_APPLICABLE,PRECONDITION_NOT_APPLICABLE,"Property is PUD Detached, not Condominium or Cooperative -> any_of PropertyType (Condo/Coop only) trigger is false",Precondition not met: Loans.PropertyType in 'Condominium|Cooperative' does not hold for this loan.
O-FNM-15844,Property - Appraisal,O-FNM-55417,Critical,Were all condo or co-op project deferred maintenance requirements met?,The file did not document the condo or co-op project's reason/terms of current or planned special assessments were reviewed to determine acceptability.,doc_presence,B4-2.1-03 Ineligible Projects,NOT_COMPILED,DEMO_EXCLUDED,not_automatable_for_demo,
O-FNM-15844,Property - Appraisal,O-FNM-55419,Critical,Were all condo or co-op project deferred maintenance requirements met?,"The condo/co-op special assessment is related to safety, soundness, structural integrity, or habitability and all related repairs were not fully completed or has adverse impact.",threshold_eligibility,B4-2.1-03 Ineligible Projects,NOT_APPLICABLE,PRECONDITION_NOT_APPLICABLE,"Trigger requires a condominium or cooperative project; both any_of branches provably false: attachmentType='Detached', projectLegalStructureType='Detached', pudIndicator='Y' (detached single-family home in a PUD), condominiumIndicator=null, cooperativeIndicator=null, and the closed doc inventory carries a 'PUD Rider' documents[16], not a condo/co-op rider.",Precondition not met: Loans.PropertyType in 'Condominium|Cooperative' does not hold for this loan.
O-FNM-15844,Property - Appraisal,O-FNM-55414,Critical,Were all condo or co-op project deferred maintenance requirements met?,The subject condo or co-op project has significant deferred maintenance or has received a directive from a regulatory authority or inspection agency to make repairs due to unsafe conditions.,threshold_eligibility,B4-2.1-03 Ineligible Projects,NOT_APPLICABLE,PRECONDITION_NOT_APPLICABLE,"Trigger requires a condominium or cooperative project; both any_of branches provably false: attachmentType='Detached', projectLegalStructureType='Detached', pudIndicator='Y' (detached single-family home in a PUD), condominiumIndicator=null, cooperativeIndicator=null, and the closed doc inventory carries a 'PUD Rider' documents[16], not a condo/co-op rider.",Precondition not met: Loans.PropertyType in 'Condominium|Cooperative' does not hold for this loan.
O-FNM-15846,Property - Appraisal,O-FNM-55388,Critical,"Where the property has energy-efficient improvements, were all requirements met?","The subject was not built under the International Residential Code (IRC) as required for a  modular, prefabricated, panelized, or sectional housing.",threshold_eligibility,B2-3-02 Special Property Eligibility and Underwriting Considerations: Factory-Built Housing; B2-3-04 Special Property Eligibility Considerations,NOT_COMPILED,NOT_COMPILED_THRESHOLD_NOT_PARSEABLE,"Rule cites a threshold but the compiler could not extract one unambiguous number+direction from the text (compile-time gap, same for every loan)",
O-FNM-15846,Property - Appraisal,O-FNM-53034,Critical,"Where the property has energy-efficient improvements, were all requirements met?",The subject's solar panels were not valued properly based on the ownership structure of the panels.,scripted_review,B2-3-02 Special Property Eligibility and Underwriting Considerations: Factory-Built Housing; B2-3-04 Special Property Eligibility Considerations,NOT_APPLICABLE,PRECONDITION_NOT_APPLICABLE,"Trigger requires the subject to have solar panels needing valuation. ASSUMED (demo-scoped, Gordon 2026-08-02): no solar panels / no ADU / no 4506-C rejection on this loan -- not derived from any real field (none exist for this concept in the payload or schema), a deliberate policy decision for this demo build, same standing as the Category C assume-DU-underwritten decision. Revisit if this demo's audience or purpose changes, or the moment real data on any of these three facts becomes available.",Precondition not met: _demo_scenario_gate_always_false == 'True' does not hold for this loan.
O-FNM-15946,Property - Appraisal,O-FNM-55584,Critical,Were all Gross Living Area (GLA) appraisal requirements met?,The subject property has an area that does not meet the ANSI minimum ceiling height requirements and the appraiser did not explain how this area was handled to comply with the ANSI standard and also acknowledge any contribution of the additional square footage in a non-apartment style project or single-family property.,scripted_review,B4-1.3-05 Improvements Section of the Appraisal Report,NEEDS_REVIEW,EXTRACTION_GAP_DOC_PRESENT,grossLivingAreaSquareFeetNumber null; gla_sqft catalogued but unpopulated,No data present for scripted_review_checklist__the_subject_property_has_an_area_that_does_not_mee__95ffdc57 -- cannot determine whether this condition is true or false; needs SME review.
O-FNM-15946,Property - Appraisal,O-FNM-55583,Critical,Were all Gross Living Area (GLA) appraisal requirements met?,The subject property has an area that does not meet the ANSI minimum ceiling height requirements and the additional square footage was not reported on an additional line in the adjustment grid and/or an appropriate market adjustment was warranted but not applied in a non-apartment style project or single-family property.,doc_completeness,B4-1.3-05 Improvements Section of the Appraisal Report,NOT_COMPILED,NOT_COMPILED_PRESENCE_GATE_NEEDS_CONDITIONAL_LOGIC,"Concerns ANSI measurement and adjustment-grid reporting within the appraisal's content, not mere presence.",
O-FNM-15946,Property - Appraisal,O-FNM-55582,Critical,Were all Gross Living Area (GLA) appraisal requirements met?,The subject has detached structures and the finished square footage was not reported on a different line in the adjustment grid and/or was not included as part of the subject's reported gross living area.,doc_completeness,B4-1.3-05 Improvements Section of the Appraisal Report,NOT_COMPILED,NOT_COMPILED_PRESENCE_GATE_NEEDS_CONDITIONAL_LOGIC,"Checks how detached-structure square footage is reported in the (present) appraisal's adjustment grid and GLA total — content completeness, not presence.",
O-FNM-15946,Property - Appraisal,O-FNM-55579,Critical,Were all Gross Living Area (GLA) appraisal requirements met?,"The appraiser did not use the Square Footage-Method for Calculating: ANSI Z765-2021 when measuring, calculating, and reporting the gross living area and non-gross living areas in a non-apartment style project or single-family property.",doc_completeness,B4-1.3-05 Improvements Section of the Appraisal Report,NOT_COMPILED,NOT_COMPILED_PRESENCE_GATE_NEEDS_CONDITIONAL_LOGIC,"Requires the appraiser to use the ANSI Z765-2021 method when calculating GLA, a methodology/content check on the appraisal; no specific form is named.",
O-FNM-15946,Property - Appraisal,O-FNM-55580,Critical,Were all Gross Living Area (GLA) appraisal requirements met?,"The appraiser was inconsistent when reporting the finished above-grade gross living area, below-grade square footage, and/or room count.",doc_completeness,B4-1.3-05 Improvements Section of the Appraisal Report,NOT_COMPILED,NOT_COMPILED_PRESENCE_GATE_NEEDS_CONDITIONAL_LOGIC,"A standard appraisal accuracy check (GLA reporting) applicable whenever an appraisal exists; presence isn't sufficient, the reported figures must be consistent.",
O-FNM-15946,Property - Appraisal,O-FNM-55586,Critical,Were all Gross Living Area (GLA) appraisal requirements met?,The appraiser was unable to adhere to the Square Footage-Method for Calculating: ANSI Z765-2021 standard and an explanation of non-compliance was not provided in a non-apartment style project or single-family property.,doc_completeness,B4-1.3-05 Improvements Section of the Appraisal Report,NOT_COMPILED,NOT_COMPILED_TRIGGER_GATED_NEEDS_FACT_MACHINERY,"Only applies to specific property styles, a property attribute not derivable from document inventory.",
O-FNM-15946,Property - Appraisal,O-FNM-55581,Critical,Were all Gross Living Area (GLA) appraisal requirements met?,The appraiser used sketching or 3D scanning software and the resulting output did not conform to the Square Footage Method for Calculating: ANSI Z765-2021 standards.,doc_completeness,B4-1.3-05 Improvements Section of the Appraisal Report,NOT_COMPILED,NOT_COMPILED_PRESENCE_GATE_NEEDS_CONDITIONAL_LOGIC,"The appraisal is present, but its GLA sketch/3D-scan output must conform to the ANSI Z765-2021 standard — a technical content requirement embedded in the appraisal, beyond mere presence.",
O-FNM-55582,Property - Appraisal,O-FNM-55584,Critical,Were all Gross Living Area (GLA) appraisal requirements met?,The subject property has an area that does not meet the ANSI minimum ceiling height requirements and the appraiser did not explain how this area was handled to comply with the ANSI standard and also acknowledge any contribution of the additional square footage in a non-apartment style project or single-family property.,scripted_review,B4-1.3-05 Improvements Section of the Appraisal Report,NEEDS_REVIEW,EXTRACTION_GAP_DOC_PRESENT,"same GLA gap, sibling card",No data present for scripted_review_checklist__the_subject_property_has_an_area_that_does_not_mee__ee501cf4 -- cannot determine whether this condition is true or false; needs SME review.
O-FNM-55582,Property - Appraisal,O-FNM-55583,Critical,Were all Gross Living Area (GLA) appraisal requirements met?,The subject property has an area that does not meet the ANSI minimum ceiling height requirements and the additional square footage was not reported on an additional line in the adjustment grid and/or an appropriate market adjustment was warranted but not applied in a non-apartment style project or single-family property.,doc_completeness,B4-1.3-05 Improvements Section of the Appraisal Report,NOT_COMPILED,NOT_COMPILED_PRESENCE_GATE_NEEDS_CONDITIONAL_LOGIC,"Duplicate GLA/ANSI defect, explicitly gated on appraisal_in_file; same content-level requirement beyond mere presence.",
O-FNM-55582,Property - Appraisal,O-FNM-55582,Critical,Were all Gross Living Area (GLA) appraisal requirements met?,The subject has detached structures and the finished square footage was not reported on a different line in the adjustment grid and/or was not included as part of the subject's reported gross living area.,doc_completeness,B4-1.3-05 Improvements Section of the Appraisal Report,NOT_COMPILED,NOT_COMPILED_PRESENCE_GATE_NEEDS_CONDITIONAL_LOGIC,Duplicate GLA check (appraisal_in_file-gated); same content-completeness reasoning as the sibling row for this exception code.,
O-FNM-55582,Property - Appraisal,O-FNM-55580,Critical,Were all Gross Living Area (GLA) appraisal requirements met?,"The appraiser was inconsistent when reporting the finished above-grade gross living area, below-grade square footage, and/or room count.",doc_completeness,B4-1.3-05 Improvements Section of the Appraisal Report,NOT_COMPILED,NOT_COMPILED_PRESENCE_GATE_NEEDS_CONDITIONAL_LOGIC,"Requires internal consistency of GLA/square footage/room count across the appraisal, a content-quality check; no specific form is named.",
O-FNM-55582,Property - Appraisal,O-FNM-55581,Critical,Were all Gross Living Area (GLA) appraisal requirements met?,The appraiser used sketching or 3D scanning software and the resulting output did not conform to the Square Footage Method for Calculating: ANSI Z765-2021 standards.,doc_completeness,B4-1.3-05 Improvements Section of the Appraisal Report,NOT_COMPILED,NOT_COMPILED_TRIGGER_GATED_NEEDS_FACT_MACHINERY,"Only applies when this specific measurement method was used, a fact about how the appraisal was produced, not from doc inventory.",
O-FNM-16205,Property - Appraisal,O-FNM-56228,Critical,Were all value acceptance + property data requirements met?,Property data collection was not obtained after the initial DU offer and prior to the note date.,date_window,B4-1.4-11 Value Acceptance + Property Data; B4-1.2-05 Requirements for Verifying Completion and Postponed Improvements,NOT_APPLICABLE,PRECONDITION_NOT_APPLICABLE,"Trigger requires value acceptance + property data (appraisal waiver) to have been the transaction's valuation path; the valuation of record is a full traditional appraisal: documents[52] 'Form 1004 Uniform Residential Appraisal' plus a populated valuationServices[0].valuationReport used for the collateral valuation (352000); piw=null, ace=null. Matches the table's established standard (existing NA rows O-FNM-55740/56088/56225/56231/56232/56227, incl. same-card siblings).",Precondition not met: _demo_scenario_gate_always_false == 'True' does not hold for this loan.
O-FNM-16205,Property - Appraisal,O-FNM-56231,Critical,Were all value acceptance + property data requirements met?,"Property data collection evidences items failing eligibility requirements, and a professionally prepared report from a qualified professional to confirm the eligibility of the property and if repairs are required was not obtained.",doc_presence,B4-1.4-11 Value Acceptance + Property Data; B4-1.2-05 Requirements for Verifying Completion and Postponed Improvements,NOT_APPLICABLE,PRECONDITION_NOT_APPLICABLE,context_flag value_acceptance_property_data_exercised: full URAR (Form 1004 Uniform Residential Appraisal) present contradicts a value acceptance + property data (appraisal waiver) path,Precondition not met: _demo_scenario_gate_always_false == 'True' does not hold for this loan.
O-FNM-16205,Property - Appraisal,O-FNM-56230,Critical,Were all value acceptance + property data requirements met?,The represent and warrant property conditions were not met for property data collection with needed repairs or completion verification.,threshold_eligibility,B4-1.4-11 Value Acceptance + Property Data; B4-1.2-05 Requirements for Verifying Completion and Postponed Improvements,NOT_APPLICABLE,PRECONDITION_NOT_APPLICABLE,"Trigger requires value acceptance + property data (appraisal waiver) to have been the transaction's valuation path; the valuation of record is a full traditional appraisal: documents[52] 'Form 1004 Uniform Residential Appraisal' plus a populated valuationServices[0].valuationReport used for the collateral valuation (352000); piw=null, ace=null. Matches the table's established standard (existing NA rows O-FNM-55740/56088/56225/56231/56232/56227, incl. same-card siblings).",Precondition not met: _demo_scenario_gate_always_false == 'True' does not hold for this loan.
O-FNM-16205,Property - Appraisal,O-FNM-57149,Critical,Were all value acceptance + property data requirements met?,Property data collection was not submitted to the Property Data API prior to the note date.,date_window,B4-1.4-11 Value Acceptance + Property Data; B4-1.2-05 Requirements for Verifying Completion and Postponed Improvements,NOT_APPLICABLE,PRECONDITION_NOT_APPLICABLE,"Trigger requires value acceptance + property data (appraisal waiver) to have been the transaction's valuation path; the valuation of record is a full traditional appraisal: documents[52] 'Form 1004 Uniform Residential Appraisal' plus a populated valuationServices[0].valuationReport used for the collateral valuation (352000); piw=null, ace=null. Matches the table's established standard (existing NA rows O-FNM-55740/56088/56225/56231/56232/56227, incl. same-card siblings).",Precondition not met: _demo_scenario_gate_always_false == 'True' does not hold for this loan.
O-FNM-16205,Property - Appraisal,O-FNM-56225,Critical,Were all value acceptance + property data requirements met?,The property data collector was not professionally trained with competent knowledge to complete the property data collection and/or vetted through an annual background check.,doc_presence,B4-1.4-11 Value Acceptance + Property Data; B4-1.2-05 Requirements for Verifying Completion and Postponed Improvements,NOT_APPLICABLE,PRECONDITION_NOT_APPLICABLE,"context_flag value_acceptance_property_data_exercised is false -- a traditional 'Form 1004 Uniform Residential Appraisal' is in file, not a Value Acceptance + Property Data alternative.",Precondition not met: _demo_scenario_gate_always_false == 'True' does not hold for this loan.
O-FNM-16205,Property - Appraisal,O-FNM-56226,Critical,Were all value acceptance + property data requirements met?,The property data collection did not meet Fannie Mae's Property Data Standard minimum requirements.,scripted_review,B4-1.4-11 Value Acceptance + Property Data; B4-1.2-05 Requirements for Verifying Completion and Postponed Improvements,NEEDS_REVIEW,EXTRACTION_GAP_DOC_PRESENT,valuationAssignmentType null -- property-data-collection type not captured,No data present for scripted_review_checklist__the_property_data_collection_did_not_meet_fannie_m__b2935647 -- cannot determine whether this condition is true or false; needs SME review.
O-FNM-16205,Property - Appraisal,O-FNM-56224,Critical,Were all value acceptance + property data requirements met?,The loan had a characteristic that was not eligible for value acceptance + property data.,threshold_eligibility,B4-1.4-11 Value Acceptance + Property Data; B4-1.2-05 Requirements for Verifying Completion and Postponed Improvements,NOT_APPLICABLE,PRECONDITION_NOT_APPLICABLE,"Trigger requires value acceptance + property data (appraisal waiver) to have been the transaction's valuation path; the valuation of record is a full traditional appraisal: documents[52] 'Form 1004 Uniform Residential Appraisal' plus a populated valuationServices[0].valuationReport used for the collateral valuation (352000); piw=null, ace=null. Matches the table's established standard (existing NA rows O-FNM-55740/56088/56225/56231/56232/56227, incl. same-card siblings).",Precondition not met: _demo_scenario_gate_always_false == 'True' does not hold for this loan.
O-FNM-16205,Property - Appraisal,O-FNM-56229,Critical,Were all value acceptance + property data requirements met?,The value acceptance + property data offer is over 4 months old on the Note date.,date_window,B4-1.4-11 Value Acceptance + Property Data; B4-1.2-05 Requirements for Verifying Completion and Postponed Improvements,NOT_APPLICABLE,PRECONDITION_NOT_APPLICABLE,"Trigger requires value acceptance + property data (appraisal waiver) to have been the transaction's valuation path; the valuation of record is a full traditional appraisal: documents[52] 'Form 1004 Uniform Residential Appraisal' plus a populated valuationServices[0].valuationReport used for the collateral valuation (352000); piw=null, ace=null. Matches the table's established standard (existing NA rows O-FNM-55740/56088/56225/56231/56232/56227, incl. same-card siblings).",Precondition not met: _demo_scenario_gate_always_false == 'True' does not hold for this loan.
O-FNM-16205,Property - Appraisal,O-FNM-56232,Critical,Were all value acceptance + property data requirements met?,Form 1004D and Completion Alternatives is not in the file as applicable for repairs or alterations.,doc_presence,B4-1.4-11 Value Acceptance + Property Data; B4-1.2-05 Requirements for Verifying Completion and Postponed Improvements,NOT_APPLICABLE,PRECONDITION_NOT_APPLICABLE,context_flag value_acceptance_property_data_exercised: full URAR appraisal present contradicts a PDC/value-acceptance path,Precondition not met: _demo_scenario_gate_always_false == 'True' does not hold for this loan.
O-FNM-16205,Property - Appraisal,O-FNM-56227,Critical,Were all value acceptance + property data requirements met?,Special feature code 774 was not included at delivery where value acceptance + property data was exercised.,doc_completeness,B4-1.4-11 Value Acceptance + Property Data; B4-1.2-05 Requirements for Verifying Completion and Postponed Improvements,NOT_APPLICABLE,PRECONDITION_NOT_APPLICABLE,"Form 1004 Uniform Residential Appraisal (a full traditional appraisal) is in file, contradicting a value-acceptance + property-data (appraisal-waiver) track",Precondition not met: _demo_scenario_gate_always_false == 'True' does not hold for this loan.
O-FNM-16446,Property - Appraisal,O-FNM-57786,Critical,Does the appraisal evidence unacceptable appraisal practices?,A disclosure was not provided to the borrower outlining the reconsideration of value (ROV) process at the time the appraisal report was provided to the borrower.,doc_presence,B4-1.1-04 Unacceptable Appraisal Practices; B4-1.3-12 Appraisal Quality Matters,NOT_COMPILED,NOT_COMPILED_PRESENCE_GATE_NEEDS_CONDITIONAL_LOGIC,"Requires an ROV-process disclosure be provided to the borrower at the time the appraisal report was delivered, a timing requirement beyond mere presence; no closed-list document matches.",
O-FNM-16446,Property - Appraisal,O-FNM-57524,Critical,Does the appraisal evidence unacceptable appraisal practices?,A review of the appraisal revealed that the report contains unacceptable terms and phrases identified as prohibited language.,scripted_review,B4-1.1-04 Unacceptable Appraisal Practices; B4-1.3-12 Appraisal Quality Matters,NEEDS_REVIEW,IRREDUCIBLE_JUDGMENT,prohibited-language text review,No data present for scripted_review_checklist__a_review_of_the_appraisal_revealed_that_the_report__665cc0f5 -- cannot determine whether this condition is true or false; needs SME review.
O-FNM-16446,Property - Appraisal,O-FNM-57787,Critical,Does the appraisal evidence unacceptable appraisal practices?,All documentation and communications related to the initiation and outcome of the ROV were not in the file.,doc_presence,B4-1.1-04 Unacceptable Appraisal Practices; B4-1.3-12 Appraisal Quality Matters,NOT_COMPILED,NOT_COMPILED_TRIGGER_GATED_NEEDS_FACT_MACHINERY,"Only applies once an ROV occurred, an event fact not derivable from document-type inventory.",
O-FNM-16446,Property - Appraisal,O-FNM-57523,Critical,Does the appraisal evidence unacceptable appraisal practices?,A review of the appraisal revealed unacceptable appraisal practices were used in the report.,scripted_review,B4-1.1-04 Unacceptable Appraisal Practices; B4-1.3-12 Appraisal Quality Matters,NEEDS_REVIEW,IRREDUCIBLE_JUDGMENT,general unacceptable-appraisal-practices review,No data present for scripted_review_checklist__a_review_of_the_appraisal_revealed_unacceptable_ap__0cdced29 -- cannot determine whether this condition is true or false; needs SME review.
O-FNM-16519,Property - Appraisal,O-FNM-57985,Critical,Were all requirements met for a property with an accessory dwelling unit?,An aged settled sale and an active listing or under contract sale was not provided as a supplemental exhibit to show marketability.,doc_presence,B2-3-04 Special Property Eligibility Considerations; B4-1.3-05 Improvements Section of the Appraisal Report; B2-3-02 Special Property Eligibility and Underwriting Considerations: Factory-Built Housing,NOT_APPLICABLE,PRECONDITION_NOT_APPLICABLE,Detached single-family home in a PUD; no accessory dwelling unit is evidenced anywhere in the profile.,Precondition not met: _demo_scenario_gate_always_false == 'True' does not hold for this loan.
O-FNM-16519,Property - Appraisal,O-FNM-57984,Critical,Were all requirements met for a property with an accessory dwelling unit?,The appraisal did not include a description of the ADU and analysis of any effect it has on the value or marketability of the subject property.,doc_completeness,B2-3-04 Special Property Eligibility Considerations; B4-1.3-05 Improvements Section of the Appraisal Report; B2-3-02 Special Property Eligibility and Underwriting Considerations: Factory-Built Housing,NOT_COMPILED,NOT_COMPILED_PRESENCE_GATE_NEEDS_CONDITIONAL_LOGIC,"The appraisal is present, but must also describe the ADU and its effect on value/marketability — a content requirement beyond presence.",
O-FNM-16519,Property - Appraisal,O-FNM-57983,Critical,Were all requirements met for a property with an accessory dwelling unit?,The ADU was included with the Gross Living Area calculation of the primary dwelling.,doc_completeness,B2-3-04 Special Property Eligibility Considerations; B4-1.3-05 Improvements Section of the Appraisal Report; B2-3-02 Special Property Eligibility and Underwriting Considerations: Factory-Built Housing,NOT_APPLICABLE,PRECONDITION_NOT_APPLICABLE,Detached single-family home in a PUD; no accessory dwelling unit is evidenced anywhere in the profile.,Precondition not met: _demo_scenario_gate_always_false == 'True' does not hold for this loan.
O-FNM-16519,Property - Appraisal,O-FNM-57981,Critical,Were all requirements met for a property with an accessory dwelling unit?,The ADU is a HUD Code manufactured home and the additional requirements applicable were not met.,scripted_review,B2-3-04 Special Property Eligibility Considerations; B4-1.3-05 Improvements Section of the Appraisal Report; B2-3-02 Special Property Eligibility and Underwriting Considerations: Factory-Built Housing,NOT_APPLICABLE,PRECONDITION_NOT_APPLICABLE,"Trigger requires an ADU that is a HUD Code manufactured home. ASSUMED (demo-scoped, Gordon 2026-08-02): no solar panels / no ADU / no 4506-C rejection on this loan -- not derived from any real field (none exist for this concept in the payload or schema), a deliberate policy decision for this demo build, same standing as the Category C assume-DU-underwritten decision. Revisit if this demo's audience or purpose changes, or the moment real data on any of these three facts becomes available.",Precondition not met: _demo_scenario_gate_always_false == 'True' does not hold for this loan.
O-FNM-16519,Property - Appraisal,O-FNM-57980,Critical,Were all requirements met for a property with an accessory dwelling unit?,The ADU does not comply with zoning requirements and does not meet the additional conditions to be considered eligible.,threshold_eligibility,B2-3-04 Special Property Eligibility Considerations; B4-1.3-05 Improvements Section of the Appraisal Report; B2-3-02 Special Property Eligibility and Underwriting Considerations: Factory-Built Housing,NOT_COMPILED,NOT_COMPILED_THRESHOLD_NOT_PARSEABLE,"Rule cites a threshold but the compiler could not extract one unambiguous number+direction from the text (compile-time gap, same for every loan)",
O-FNM-16519,Property - Appraisal,O-FNM-57979,Critical,Were all requirements met for a property with an accessory dwelling unit?,The subject is an ineligible property type to have an accessory dwelling unit (ADU).,threshold_eligibility,B2-3-04 Special Property Eligibility Considerations; B4-1.3-05 Improvements Section of the Appraisal Report; B2-3-02 Special Property Eligibility and Underwriting Considerations: Factory-Built Housing,NOT_COMPILED,NOT_COMPILED_THRESHOLD_NOT_PARSEABLE,"Rule cites a threshold but the compiler could not extract one unambiguous number+direction from the text (compile-time gap, same for every loan)",
O-FNM-16519,Property - Appraisal,O-FNM-57982,Critical,Were all requirements met for a property with an accessory dwelling unit?,The ADU was not subordinate in size to the primary dwelling and/or did not have the required separate features.,threshold_eligibility,B2-3-04 Special Property Eligibility Considerations; B4-1.3-05 Improvements Section of the Appraisal Report; B2-3-02 Special Property Eligibility and Underwriting Considerations: Factory-Built Housing,NOT_COMPILED,NOT_COMPILED_THRESHOLD_NOT_PARSEABLE,"Rule cites a threshold but the compiler could not extract one unambiguous number+direction from the text (compile-time gap, same for every loan)",
O-FNM-16519,Property - Appraisal,O-FNM-50289,Major,Were all requirements met for a property with an accessory dwelling unit?,The subject has an accessory unit and one or more requirements were not met.,scripted_review,B2-3-04 Special Property Eligibility Considerations; B4-1.3-05 Improvements Section of the Appraisal Report; B2-3-02 Special Property Eligibility and Underwriting Considerations: Factory-Built Housing,NOT_APPLICABLE,PRECONDITION_NOT_APPLICABLE,"Trigger requires the subject to have an accessory dwelling unit. ASSUMED (demo-scoped, Gordon 2026-08-02): no solar panels / no ADU / no 4506-C rejection on this loan -- not derived from any real field (none exist for this concept in the payload or schema), a deliberate policy decision for this demo build, same standing as the Category C assume-DU-underwritten decision. Revisit if this demo's audience or purpose changes, or the moment real data on any of these three facts becomes available.",Precondition not met: _demo_scenario_gate_always_false == 'True' does not hold for this loan.
O-FNM-16635,Property - Appraisal,O-FNM-58737,Critical,Were all additional leasehold estate appraisal requirements met?,"Where the lease includes an option for the borrower to purchase the fee interest in the land, requirements were not met to establish the purchase price of the land.",threshold_eligibility,B2-3-03 Special Property Eligibility and Underwriting Considerations: Leasehold Estates; B4-1.4-05 Leasehold Interests Appraisal Requirements,NOT_APPLICABLE,PRECONDITION_NOT_APPLICABLE,Trigger requires the subject be held as a leasehold estate; propertyDetail.propertyEstateType='FeeSimple' (positive extracted enum) directly contradicts a leasehold.,Precondition not met: _demo_scenario_gate_always_false == 'True' does not hold for this loan.
O-FNM-16635,Property - Appraisal,O-FNM-58734,Critical,Were all additional leasehold estate appraisal requirements met?,The loan is not secured by a first lien in the property improvements and the borrower's rights in the leasehold interest in the land.,doc_completeness,B2-3-03 Special Property Eligibility and Underwriting Considerations: Leasehold Estates; B4-1.4-05 Leasehold Interests Appraisal Requirements,NOT_APPLICABLE,PRECONDITION_NOT_APPLICABLE,"Trigger requires a leasehold interest in the land; propertyDetail.propertyEstateType='FeeSimple' (positive extracted enum) -- provably not a leasehold. (Replaces existing UNKNOWN row, whose reason 'leasehold vs fee simple not stated' is contradicted by this extracted field.)",Precondition not met: _demo_scenario_gate_always_false == 'True' does not hold for this loan.
O-FNM-16635,Property - Appraisal,O-FNM-58735,Critical,Were all additional leasehold estate appraisal requirements met?,All leasehold lease requirements were not met where the HOA or Co-op Corporation is the lessee.,scripted_review,B2-3-03 Special Property Eligibility and Underwriting Considerations: Leasehold Estates; B4-1.4-05 Leasehold Interests Appraisal Requirements,NOT_APPLICABLE,PRECONDITION_NOT_APPLICABLE,"collateralDetail.collateral[0].propertyDetail.propertyEstateType=""FeeSimple"" -- HOA/Co-op-as-lessee leasehold requirement can only apply to a leasehold estate.",Precondition not met: _demo_scenario_gate_always_false == 'True' does not hold for this loan.
O-FNM-16635,Property - Appraisal,O-FNM-58732,Critical,Were all additional leasehold estate appraisal requirements met?,"Appraiser did not comment what effect, if any, the terms, restrictions, and conditions of the lease agreement or ground lease have on the value and marketability of the subject property.",scripted_review,B2-3-03 Special Property Eligibility and Underwriting Considerations: Leasehold Estates; B4-1.4-05 Leasehold Interests Appraisal Requirements,NOT_APPLICABLE,PRECONDITION_NOT_APPLICABLE,"collateralDetail.collateral[0].propertyDetail.propertyEstateType=""FeeSimple"" -- appraiser lease-effects-on-value commentary requirement can only apply to a leasehold estate.",Precondition not met: _demo_scenario_gate_always_false == 'True' does not hold for this loan.
O-FNM-16635,Property - Appraisal,O-FNM-58736,Critical,Were all additional leasehold estate appraisal requirements met?,All leasehold lease requirements were not met where the borrower is the lessee.,scripted_review,B2-3-03 Special Property Eligibility and Underwriting Considerations: Leasehold Estates; B4-1.4-05 Leasehold Interests Appraisal Requirements,NOT_APPLICABLE,PRECONDITION_NOT_APPLICABLE,"collateralDetail.collateral[0].propertyDetail.propertyEstateType=""FeeSimple"" -- borrower-as-lessee leasehold requirement can only apply to a leasehold estate.",Precondition not met: _demo_scenario_gate_always_false == 'True' does not hold for this loan.
O-FNM-16635,Property - Appraisal,O-FNM-58733,Critical,Were all additional leasehold estate appraisal requirements met?,"New leasehold entered into on or after Sept. 01, 2025: The fee estate is subject to prior secured loans or other liens, unless the secured party or lienholder has agreed to recognize and not disturb the lease if it becomes the owner of the fee estate, as evidenced by an agreement recorded in the appropriate land records.",doc_presence,B2-3-03 Special Property Eligibility and Underwriting Considerations: Leasehold Estates; B4-1.4-05 Leasehold Interests Appraisal Requirements,NOT_APPLICABLE,PRECONDITION_NOT_APPLICABLE,Trigger requires subject is a leasehold estate; property is a fee PUD (PUD Rider present) with no Ground Lease/leasehold documentation in the closed 54-doc inventory,Precondition not met: _demo_scenario_gate_always_false == 'True' does not hold for this loan.
O-FNM-50280,Property - Appraisal,O-FNM-50280,Critical,"Did the appraiser address external influences impacting value or marketability, and did the comparables provided have similar external influences as per aerial image(s)?","Form 1033 #40, #41 - The appraiser did not address external influences impacting value or marketability, and/or the comparables provided did not have similar external influences as per aerial image(s).",scripted_review,B4-1.3-03 Neighborhood Section of the Appraisal Report; B4-1.3-04 Site Section of the Appraisal Report,NEEDS_REVIEW,IRREDUCIBLE_JUDGMENT,aerial-image/external-influence visual review,No data present for scripted_review_checklist__form_1033_40_41_the_appraiser_did_not_address_exte__5ca0cf3a -- cannot determine whether this condition is true or false; needs SME review.
O-FNM-50298,Property - Appraisal,O-FNM-50298,Critical,"Was it confirmed that the appraisal complies with B4-1.1-04, Unacceptable Appraisal Practices, and does not contain subjective or prohibited language?","Form 1033 #20, #21 - The appraisal does not comply with B4-1.1-04, Unacceptable Appraisal Practices, and/or contains subjective or prohibited language.",scripted_review,B4-1.1-04 Unacceptable Appraisal Practices,NEEDS_REVIEW,IRREDUCIBLE_JUDGMENT,B4-1.1-04 compliance narrative read,No data present for scripted_review_checklist__form_1033_20_21_the_appraisal_does_not_comply_with__656b2046 -- cannot determine whether this condition is true or false; needs SME review.
O-FNM-50346,Property - Appraisal,O-FNM-50346,Critical,Did the review appraisal or desk review of the appraisal support the original appraised value?,The review appraisal or desk review of the appraisal did not support the original appraised value.,reverification,D1-3-03 Lender Post-Closing Quality Control Reverifications,NOT_COMPILED,NOT_COMPILED_NOT_CONVERTED_BY_DESIGN,Check type not in this build's scope (e.g. reverification / list_screening -- deliberately out of scope),
O-FNM-54348,Property - Appraisal,O-FNM-54348,Critical,Were the photos reviewed to confirm the quality and condition ratings meet rating definitions?,"Form 1033 #24, #25 -The photos reviewed do not confirm the quality and condition ratings meet rating definitions.",scripted_review,B4-1.3-06 Property Condition and Quality of Construction of the Improvements; B4-1.2-01 Appraisal Report Forms and Exhibits,NEEDS_REVIEW,IRREDUCIBLE_JUDGMENT,photos-confirm-C/Q-ratings -- canonical visual judgment (taxonomy.md example),No data present for scripted_review_checklist__form_1033_24_25_the_photos_reviewed_do_not_confirm__2e1d7469 -- cannot determine whether this condition is true or false; needs SME review.
O-FNM-54818,Property - Appraisal,O-FNM-54818,Critical,"Were the comparable property characteristics reported accurately, comparables described accurately and was the CU comparables tab reviewed for messages and alerts?","Form 1033 #26 - The comparable property characteristics were reported inaccurately, comparables described inaccurately and/or the CU comparables tab was not reviewed for messages and alerts.",scripted_review,B4-1.3-08 Comparable Sales; A2-2-06 Representations and Warranties on Property Value,NEEDS_REVIEW,EXTRACTION_GAP_DOC_PRESENT,comparableProperty null (CU comps tab also absent -- see EXTERNAL note),No data present for scripted_review_checklist__form_1033_26_the_comparable_property_characteristi__a2360b6b -- cannot determine whether this condition is true or false; needs SME review.
PropFlip,Property - Appraisal,FlipGuide,Critical,Are all requirements met when the seller acquired the property within 180 days of the contract ( including Full Appraisal regardless of DU)?,The property does not comply with the flipping guidelines,scripted_review,B4-1.1-02 Lender Responsibilities,NEEDS_REVIEW,EXTRACTION_GAP_DOC_PRESENT,"propertyAcquiredYear exists in schema, null for this loan",No data present for scripted_review_checklist__the_property_does_not_comply_with_the_flipping_gui__f87bee4b -- cannot determine whether this condition is true or false; needs SME review.
PropFlip,Property - Appraisal,FlipGuide-2,Critical,Are all requirements met when the seller acquired the property within 180 days of the contract ( including Full Appraisal regardless of DU)?,"This is an assignments of contract sale and is not a resale under an employee relocation program; therefore, is not acceptable to Citizens Bank",threshold_eligibility,B4-1.1-02 Lender Responsibilities,NOT_COMPILED,NOT_COMPILED_THRESHOLD_NOT_PARSEABLE,"Rule cites a threshold but the compiler could not extract one unambiguous number+direction from the text (compile-time gap, same for every loan)",
PropFlip,Property - Appraisal,FlipGuide-1,Critical,Are all requirements met when the seller acquired the property within 180 days of the contract ( including Full Appraisal regardless of DU)?,The title commitment or title report was not reviewed by the underwriter to search for any recorded options contracts on the subject property and any recent title transfer activity,doc_presence,B4-1.1-02 Lender Responsibilities,PASS,REAL_DATA_MATCH,Predicate satisfied.,Predicate satisfied.
AUS Findings,Underwriting,Property Type/Appr,Major,Do the final AUS findings match all other documentation in the file?,Property type on the appraisal does not match the property type submitted to DU,cross_doc_consistency,"B3-2-10 Accuracy of DU Data, DU Tolerances, and Errors in the Credit Report; B4-1.4-10 Value Acceptance",NOT_COMPILED,NOT_COMPILED_CROSS_DOC_NO_CURATED_COMPARISON,Rule requires comparing two documents to each other; no curated comparison logic exists yet (compile-time gap),
AUS Findings,Underwriting,DUFindings-A,Major,Do the final AUS findings match all other documentation in the file?,The cash to close on the final AUS does not match the final 1003 and/or the final 1008 and cash to close requirements aren't met.,cross_doc_consistency,"B3-2-10 Accuracy of DU Data, DU Tolerances, and Errors in the Credit Report; B4-1.4-10 Value Acceptance",NOT_COMPILED,NOT_COMPILED_CROSS_DOC_NO_CURATED_COMPARISON,Rule requires comparing two documents to each other; no curated comparison logic exists yet (compile-time gap),
AUS Findings,Underwriting,DUFindings-D,Major,Do the final AUS findings match all other documentation in the file?,The appraised value on the Final AUS does not match the final 1003 and/or the final 1008,cross_doc_consistency,"B3-2-10 Accuracy of DU Data, DU Tolerances, and Errors in the Credit Report; B4-1.4-10 Value Acceptance",NOT_COMPILED,NOT_COMPILED_CROSS_DOC_NO_CURATED_COMPARISON,Rule requires comparing two documents to each other; no curated comparison logic exists yet (compile-time gap),
AUS Findings,Underwriting,DUFindings-C,Major,Do the final AUS findings match all other documentation in the file?,The DTI on the final AUS does not match the final 1003 and/or the final 1008,cross_doc_consistency,"B3-2-10 Accuracy of DU Data, DU Tolerances, and Errors in the Credit Report; B4-1.4-10 Value Acceptance",NOT_COMPILED,NOT_COMPILED_CROSS_DOC_NO_CURATED_COMPARISON,Rule requires comparing two documents to each other; no curated comparison logic exists yet (compile-time gap),
AUS Findings,Underwriting,DUFindings-B,Major,Do the final AUS findings match all other documentation in the file?,The LTV on the final AUS does not match the final 1003 and/or the final 1008,cross_doc_consistency,"B3-2-10 Accuracy of DU Data, DU Tolerances, and Errors in the Credit Report; B4-1.4-10 Value Acceptance",NOT_COMPILED,NOT_COMPILED_CROSS_DOC_NO_CURATED_COMPARISON,Rule requires comparing two documents to each other; no curated comparison logic exists yet (compile-time gap),
AUS Findings,Underwriting,DUFindings-E,Major,Do the final AUS findings match all other documentation in the file?,The property type on the final AUS findings do not match the final 1003 and/or the final 1008,cross_doc_consistency,"B3-2-10 Accuracy of DU Data, DU Tolerances, and Errors in the Credit Report; B4-1.4-10 Value Acceptance",NOT_COMPILED,NOT_COMPILED_CROSS_DOC_NO_CURATED_COMPARISON,Rule requires comparing two documents to each other; no curated comparison logic exists yet (compile-time gap),
AUS Findings,Underwriting,DUFindings-F,Major,Do the final AUS findings match all other documentation in the file?,The total verified assets submitted to AUS does not match the 1003 & 1008,cross_doc_consistency,"B3-2-10 Accuracy of DU Data, DU Tolerances, and Errors in the Credit Report; B4-1.4-10 Value Acceptance",NOT_COMPILED,NOT_COMPILED_CROSS_DOC_NO_CURATED_COMPARISON,Rule requires comparing two documents to each other; no curated comparison logic exists yet (compile-time gap),
AUS Findings,Underwriting,Value acceptance,Critical,Do the final AUS findings match all other documentation in the file?,"The value acceptance (appraisal waiver) was exercised; however. data in DU (LPA) is not accurate (address, property type, occupancy type is incorrect) which may impact requirements",cross_doc_consistency,"B3-2-10 Accuracy of DU Data, DU Tolerances, and Errors in the Credit Report; B4-1.4-10 Value Acceptance",NOT_APPLICABLE,PRECONDITION_NOT_APPLICABLE,"Trigger 'value acceptance (appraisal waiver) was exercised' provably false: a full Form 1004 Uniform Residential Appraisal is in the closed doc inventory (documents[52]) -- under FNMA rules a loan documented with a full appraisal did not exercise value acceptance. NOTE: loanConditions.loanCondition[0] ('Form 1004 not available', status OPEN) contradicts the doc inventory; documents[] is the closed-world authority.",Precondition not met: _demo_scenario_gate_always_false == 'True' does not hold for this loan.
Counter-offer,Underwriting,Adverse Action,Critical,Was a counter-offer made (final terms were less favorable based on initial loan application & price/lock history screen)?,"Notice of Adverse Action and Commitment verifying the new terms was not found, or completed incorrectly.",doc_completeness,"A3-2-01 Compliance With Laws; D1-3-02 Lender Post-Closing Quality Control Review of Approval Conditions, Underwriting Decisions, Data, and Documentation",NOT_COMPILED,NOT_COMPILED_TRIGGER_GATED_NEEDS_FACT_MACHINERY,"Only applies when a counter-offer occurred, a loan-history fact not derivable from doc inventory; no exact closed-list match for the adverse-action notice.",
Counter-offer,Underwriting,Dec Screen,Major,Was a counter-offer made (final terms were less favorable based on initial loan application & price/lock history screen)?,"The supplemental decision screen is incomplete such as missing rationale, details on discussion including date/time stamps.",doc_completeness,"A3-2-01 Compliance With Laws; D1-3-02 Lender Post-Closing Quality Control Review of Approval Conditions, Underwriting Decisions, Data, and Documentation",NOT_COMPILED,NOT_COMPILED_TRIGGER_GATED_NEEDS_FACT_MACHINERY,"Only applies when a counter-offer occurred during pricing/lock, a process fact not derivable from document inventory; the 'decision screen' is a system record, not a closed-list document.",
DATA-POINTS,Underwriting,Data Points-7,Major,"Have all data points, including ULDD been verified as complete to avoid early check errors/defects?",The credit reference # in EPIC does not match AUS.,cross_doc_consistency,"B3-2-10 Accuracy of DU Data, DU Tolerances, and Errors in the Credit Report",NOT_COMPILED,NOT_COMPILED_CROSS_DOC_NO_CURATED_COMPARISON,Rule requires comparing two documents to each other; no curated comparison logic exists yet (compile-time gap),
DUValid,Underwriting,DUValid-A,Critical,Have conditions required by DU been met?,Condition for second job documentation when no second job applicable was not cleared - Primary current employer must be selected,doc_completeness,"D1-3-02 Lender Post-Closing Quality Control Review of Approval Conditions, Underwriting Decisions, Data, and Documentation; B5-6-01 HomeReady Mortgage Loan and Borrower Eligibility; B3-4.1-02 Interested Party Contributions (IPCs); B2-2-04 Guarantors, Co-Signers, or Non-Occupant Borrowers on the Subject Transaction",PASS,AUTOPASS_DU_NOT_ACCESSIBLE,"auto-pass: requires verification inside du_not_accessible, which this project has no connection to (demo-scoped decision, see autopass_no_system_access.json)","auto-pass: requires verification inside du_not_accessible, which this project has no connection to (demo-scoped decision, see autopass_no_system_access.json)"
DUValid,Underwriting,DUValid-B,Critical,Have conditions required by DU been met?,"Funds are required for closing; however, no funds submitted and/or short funds to close",computation,"D1-3-02 Lender Post-Closing Quality Control Review of Approval Conditions, Underwriting Decisions, Data, and Documentation; B5-6-01 HomeReady Mortgage Loan and Borrower Eligibility; B3-4.1-02 Interested Party Contributions (IPCs); B2-2-04 Guarantors, Co-Signers, or Non-Occupant Borrowers on the Subject Transaction",NOT_COMPILED,NOT_COMPILED_COMPUTATION_NOT_LTV_DTI,Rule requires a recomputation this project only builds for LTV/DTI today (compile-time gap),
DUValid,Underwriting,DUValid-C,Critical,Have conditions required by DU been met?,"Loan registered as a HomeReady product; however, the documentation or Underwriter notes that the borrower meets the income limits was not found",doc_presence,"D1-3-02 Lender Post-Closing Quality Control Review of Approval Conditions, Underwriting Decisions, Data, and Documentation; B5-6-01 HomeReady Mortgage Loan and Borrower Eligibility; B3-4.1-02 Interested Party Contributions (IPCs); B2-2-04 Guarantors, Co-Signers, or Non-Occupant Borrowers on the Subject Transaction",PASS,AUTOPASS_DU_NOT_ACCESSIBLE,"auto-pass: requires verification inside du_not_accessible, which this project has no connection to (demo-scoped decision, see autopass_no_system_access.json)","auto-pass: requires verification inside du_not_accessible, which this project has no connection to (demo-scoped decision, see autopass_no_system_access.json)"
DUValid,Underwriting,DUValid-G,Critical,Have conditions required by DU been met?,There are debts omitted from the AUS incorrectly or without proper documentation,cross_doc_consistency,"D1-3-02 Lender Post-Closing Quality Control Review of Approval Conditions, Underwriting Decisions, Data, and Documentation; B5-6-01 HomeReady Mortgage Loan and Borrower Eligibility; B3-4.1-02 Interested Party Contributions (IPCs); B2-2-04 Guarantors, Co-Signers, or Non-Occupant Borrowers on the Subject Transaction",NOT_COMPILED,NOT_COMPILED_CROSS_DOC_NO_CURATED_COMPARISON,Rule requires comparing two documents to each other; no curated comparison logic exists yet (compile-time gap),
DUValid,Underwriting,DUValid-E,Critical,Have conditions required by DU been met?,The required 12 month history for debt not properly reporting on credit was not obtained,doc_presence,"D1-3-02 Lender Post-Closing Quality Control Review of Approval Conditions, Underwriting Decisions, Data, and Documentation; B5-6-01 HomeReady Mortgage Loan and Borrower Eligibility; B3-4.1-02 Interested Party Contributions (IPCs); B2-2-04 Guarantors, Co-Signers, or Non-Occupant Borrowers on the Subject Transaction",PASS,AUTOPASS_DU_NOT_ACCESSIBLE,"auto-pass: requires verification inside du_not_accessible, which this project has no connection to (demo-scoped decision, see autopass_no_system_access.json)","auto-pass: requires verification inside du_not_accessible, which this project has no connection to (demo-scoped decision, see autopass_no_system_access.json)"
DUValid,Underwriting,DUValid-F,Critical,Have conditions required by DU been met?,"The standardized address used in approval of the PIW does not match the address submitted; therefore, the PIW is not acceptable",cross_doc_consistency,"D1-3-02 Lender Post-Closing Quality Control Review of Approval Conditions, Underwriting Decisions, Data, and Documentation; B5-6-01 HomeReady Mortgage Loan and Borrower Eligibility; B3-4.1-02 Interested Party Contributions (IPCs); B2-2-04 Guarantors, Co-Signers, or Non-Occupant Borrowers on the Subject Transaction",NOT_APPLICABLE,PRECONDITION_NOT_APPLICABLE,PIW (property inspection waiver) trigger provably false: a full Form 1004 Uniform Residential Appraisal is in the closed doc inventory (documents[52]) -- a PIW loan has no appraisal. Same OPEN-condition contradiction noted as on 'Value acceptance'.,Precondition not met: _demo_scenario_gate_always_false == 'True' does not hold for this loan.
DUValid,Underwriting,DUValid-D,Critical,Have conditions required by DU been met?,The total amount of the Seller Credits and/or CCA Lender combined credits exceeds the total estimated closing costs.,computation,"D1-3-02 Lender Post-Closing Quality Control Review of Approval Conditions, Underwriting Decisions, Data, and Documentation; B5-6-01 HomeReady Mortgage Loan and Borrower Eligibility; B3-4.1-02 Interested Party Contributions (IPCs); B2-2-04 Guarantors, Co-Signers, or Non-Occupant Borrowers on the Subject Transaction",NOT_COMPILED,NOT_COMPILED_COMPUTATION_NOT_LTV_DTI,Rule requires a recomputation this project only builds for LTV/DTI today (compile-time gap),
DUValid,Underwriting,CoSignDebt,Critical,Have conditions required by DU been met?,The declarations indicate the borrower is a co-signer or guarantor on a debt or a loan.  Unable to validate a contingent liability does not need to be included in qualifying the borrower.,scripted_review,"D1-3-02 Lender Post-Closing Quality Control Review of Approval Conditions, Underwriting Decisions, Data, and Documentation; B5-6-01 HomeReady Mortgage Loan and Borrower Eligibility; B3-4.1-02 Interested Party Contributions (IPCs); B2-2-04 Guarantors, Co-Signers, or Non-Occupant Borrowers on the Subject Transaction",NOT_APPLICABLE,PRECONDITION_NOT_APPLICABLE,"Option trigger is declaration-conditioned (""The declarations indicate the borrower is a co-signer or guarantor on a debt or a loan""); the sole borrower's URLA declaration answers this exact question No (borrowersDetail.borrowerPairs[0].borrowers[0].declaration.coMakerEndorserOfNote=""N"" -- the MISMO name for the URLA co-signer/guarantor declaration item). Direction-safe: the defect requires a YES declaration whose contingent liability could not be validated; a NO declaration means no contingent-liability question arises. Found 2026-08-01 while classifying the post-Category-C residual; card siblings (DUValid-A/C/E, DU Secured Funds) are separately autopassed and unaffected.",Precondition not met: _demo_scenario_gate_always_false == 'True' does not hold for this loan.
DUValid,Underwriting,DU Secured Funds,Major,Have conditions required by DU been met?,Secured funds were not entered correctly into DU and/or they were not identified separately,doc_completeness,"D1-3-02 Lender Post-Closing Quality Control Review of Approval Conditions, Underwriting Decisions, Data, and Documentation; B5-6-01 HomeReady Mortgage Loan and Borrower Eligibility; B3-4.1-02 Interested Party Contributions (IPCs); B2-2-04 Guarantors, Co-Signers, or Non-Occupant Borrowers on the Subject Transaction",PASS,AUTOPASS_DU_NOT_ACCESSIBLE,"auto-pass: requires verification inside du_not_accessible, which this project has no connection to (demo-scoped decision, see autopass_no_system_access.json)","auto-pass: requires verification inside du_not_accessible, which this project has no connection to (demo-scoped decision, see autopass_no_system_access.json)"
Final 1008 Transmittal,Underwriting,O-FNM-00715-C,Major,Is the final 1008 Transmittal Summary accurate & complete?,The appraiser name and/or license # field is incomplete or incorrect,doc_completeness,B1-1-01 Contents of the Application Package; B3-2-01 General Information on DU,NOT_COMPILED,NOT_COMPILED_PRESENCE_GATE_NEEDS_CONDITIONAL_LOGIC,"The Final 1008 Transmittal Summary is the identifiable document, but a specific field (appraiser name/license #) must also be complete and correct — a content requirement beyond presence; not a closed-list entry.",
Final 1008 Transmittal,Underwriting,O-FNM-00715-B,Major,Is the final 1008 Transmittal Summary accurate & complete?,The Homebuyer Education Cert field is incomplete or incorrect,doc_completeness,B1-1-01 Contents of the Application Package; B3-2-01 General Information on DU,NOT_COMPILED,DEMO_EXCLUDED,not_automatable_for_demo,
Final 1008 Transmittal,Underwriting,O-FNM-00715-D,Major,Is the final 1008 Transmittal Summary accurate & complete?,The level of property review field is incomplete or incorrect,doc_completeness,B1-1-01 Contents of the Application Package; B3-2-01 General Information on DU,NOT_COMPILED,DEMO_EXCLUDED,not_automatable_for_demo,
Final 1008 Transmittal,Underwriting,O-FNM-00715-E,Major,Is the final 1008 Transmittal Summary accurate & complete?,The loan purpose field is incomplete or incorrect,doc_completeness,B1-1-01 Contents of the Application Package; B3-2-01 General Information on DU,NOT_COMPILED,NOT_COMPILED_PRESENCE_GATE_NEEDS_CONDITIONAL_LOGIC,"Concerns the accuracy of the loan purpose field on the Final 1008 Transmittal Summary, a content-accuracy check; the 1008 is not a document type in the closed 54-type list.",
Final 1008 Transmittal,Underwriting,O-FNM-00715-F,Major,Is the final 1008 Transmittal Summary accurate & complete?,The project review field is incorrect or incomplete,doc_completeness,B1-1-01 Contents of the Application Package; B3-2-01 General Information on DU,NOT_COMPILED,NOT_COMPILED_PRESENCE_GATE_NEEDS_CONDITIONAL_LOGIC,"The 1008 Transmittal is assumed to exist; the defect is that a specific field on it is inaccurate/incomplete, a content issue, and the form isn't in the closed vocabulary.",
Final 1008 Transmittal,Underwriting,O-FNM-00715,Major,Is the final 1008 Transmittal Summary accurate & complete?,"The 1008/1077, Uniform Underwriting and Transmittal Summary, or a similar document was incomplete, incorrect or not in the file for this manually underwritten loan.",doc_completeness,B1-1-01 Contents of the Application Package; B3-2-01 General Information on DU,NOT_COMPILED,NOT_COMPILED_TRIGGER_GATED_NEEDS_FACT_MACHINERY,"Only applies to specific loan types, a loan-level attribute not derivable from document inventory; the 1008 transmittal isn't in the closed document-type list.",
Final 1008 Transmittal,Underwriting,O-FNM-00715-A,Major,Is the final 1008 Transmittal Summary accurate & complete?,The risk assessment field is incomplete or incorrect. Manual Underwriting or AUS type not selected; AUS recommendation incorrect or incomplete; DU Case ID/ LP AUS key # incorrect or incomplete; and/or LPA Doc Class ( FRD) incorrect or incomplete,doc_completeness,B1-1-01 Contents of the Application Package; B3-2-01 General Information on DU,PASS,AUTOPASS_DU_NOT_ACCESSIBLE,"auto-pass: requires verification inside du_not_accessible, which this project has no connection to (demo-scoped decision, see autopass_no_system_access.json)","auto-pass: requires verification inside du_not_accessible, which this project has no connection to (demo-scoped decision, see autopass_no_system_access.json)"
MaterialDisc,Underwriting,UW-MatDiscrep/Other,Critical,Were all material discrepancies identified and the required documentation or commentary provided to address?,All material discrepancies have not been addressed by underwriting,doc_presence,"D1-3-02 Lender Post-Closing Quality Control Review of Approval Conditions, Underwriting Decisions, Data, and Documentation; B3-2-11 DU Underwriting Findings Report",NOT_COMPILED,DEMO_EXCLUDED,not_automatable_for_demo,
O-FED-14350,Underwriting,O-ECOA-53164,Critical,Were all ECOA requirements met (part 1)?,"There is evidence that alimony, child support, or separate maintenance payments relied on by the applicant was included in consideration where the income is not likely to be consistently made.",scripted_review,"A3-2-01 Compliance With Laws; B3-3.4-02 Alimony, Child Support, Equalization Payments, or Separate Maintenance; B3-3.4-03 Annuity, Pension, or Retirement Income",NEEDS_REVIEW,EXTRACTION_GAP_DOC_PRESENT,income typing unpopulated (all incomeType null); income data confirmed NOT closed-world -- cannot establish alimony reliance either way,No data present for scripted_review_checklist__there_is_evidence_that_alimony_child_support_or_se__e6f29a5c -- cannot determine whether this condition is true or false; needs SME review.
O-FED-14350,Underwriting,O-ECOA-53163,Critical,Were all ECOA requirements met (part 1)?,"There is evidence that part time income, pension, annuity, or retirement income was discounted or excluded from consideration.",scripted_review,"A3-2-01 Compliance With Laws; B3-3.4-02 Alimony, Child Support, Equalization Payments, or Separate Maintenance; B3-3.4-03 Annuity, Pension, or Retirement Income",NEEDS_REVIEW,IRREDUCIBLE_JUDGMENT,income-discounted/excluded fair-lending reasoning review,No data present for scripted_review_checklist__there_is_evidence_that_part_time_income_pension_an__3247170a -- cannot determine whether this condition is true or false; needs SME review.
O-FED-14350,Underwriting,O-ECOA-02035,Critical,Were all ECOA requirements met (part 1)?,"The ECOA notice did not provide the specific reason(s) for denial, the name and address of the creditor, credit score and CRA details if the reason for denial was based on the credit score or information obtained from a CRA, or all required disclosure language.",doc_completeness,"A3-2-01 Compliance With Laws; B3-3.4-02 Alimony, Child Support, Equalization Payments, or Separate Maintenance; B3-3.4-03 Annuity, Pension, or Retirement Income",NOT_APPLICABLE,PRECONDITION_NOT_APPLICABLE,"Loan closed (Note, Security Instrument, Closing Disclosure x3 present) evidencing approval/funding, so no adverse-action/denial-notice scenario applies",Precondition not met: _demo_scenario_gate_always_false == 'True' does not hold for this loan.
O-FED-14350,Underwriting,O-ECOA-00582,Critical,Were all ECOA requirements met (part 1)?,The applicant was not notified of the action taken within 30 days after receiving a completed application.,date_window,"A3-2-01 Compliance With Laws; B3-3.4-02 Alimony, Child Support, Equalization Payments, or Separate Maintenance; B3-3.4-03 Annuity, Pension, or Retirement Income",NOT_COMPILED,NOT_COMPILED_NOT_CONVERTED_BY_DESIGN,Check type not in this build's scope (e.g. reverification / list_screening -- deliberately out of scope),
O-FED-14350,Underwriting,O-ECOA-51103,Critical,Were all ECOA requirements met (part 1)?,The applicant was not notified of the action taken within 90 days after notifying the applicant of a counteroffer where the applicant does not expressly accept or use the credit offered.,date_window,"A3-2-01 Compliance With Laws; B3-3.4-02 Alimony, Child Support, Equalization Payments, or Separate Maintenance; B3-3.4-03 Annuity, Pension, or Retirement Income",NOT_APPLICABLE,PRECONDITION_NOT_APPLICABLE,"Trigger clause requires that the applicant 'does not expressly accept or use the credit offered' after a counteroffer; the loan consummated -- executed Note documents[35], Closing Disclosure documents[34], Title Policy documents[31] -- so the credit on this application was used, falsifying that clause regardless of whether a counteroffer occurred. Flagged: one inferential step (consummation => credit used).",Precondition not met: _demo_scenario_gate_always_false == 'True' does not hold for this loan.
O-FED-14350,Underwriting,O-ECOA-51104,Critical,Were all ECOA requirements met (part 1)?,"A notice of incompleteness was not mailed to the applicants within 30 days of receipt of the incomplete application specifying the information needed to complete the application, providing a reasonable period of time for the applicant to provide the information, and informing the applicant that failure to provide the information will result in no further credit considerations.",date_window,"A3-2-01 Compliance With Laws; B3-3.4-02 Alimony, Child Support, Equalization Payments, or Separate Maintenance; B3-3.4-03 Annuity, Pension, or Retirement Income",NOT_COMPILED,NOT_COMPILED_NOT_CONVERTED_BY_DESIGN,Check type not in this build's scope (e.g. reverification / list_screening -- deliberately out of scope),
O-FED-14350,Underwriting,O-ECOA-00584,Critical,Were all ECOA requirements met (part 1)?,The final loan approval was based on manual underwriting analyses or included a documented credit underwriting exception and the file evidences that the application was treated differently on a prohibited basis that would inadvertently cause disparate treatment to a similarly situated applicant.,scripted_review,"A3-2-01 Compliance With Laws; B3-3.4-02 Alimony, Child Support, Equalization Payments, or Separate Maintenance; B3-3.4-03 Annuity, Pension, or Retirement Income",NEEDS_REVIEW,IRREDUCIBLE_JUDGMENT,disparate-treatment comparison vs similarly situated applicants,No data present for scripted_review_checklist__the_final_loan_approval_was_based_on_manual_underw__5db69073 -- cannot determine whether this condition is true or false; needs SME review.
O-FED-15820,Underwriting,O-ECOA-00583,Critical,Were all ECOA requirements met (part 2)?,The file evidences that the underwriting decision was made based on subjective standards that can result in discriminatory effects.,scripted_review,A3-2-01 Compliance With Laws,NEEDS_REVIEW,IRREDUCIBLE_JUDGMENT,subjective-standards fair-lending process judgment,No data present for scripted_review_checklist__the_file_evidences_that_the_underwriting_decision__b2b9cf21 -- cannot determine whether this condition is true or false; needs SME review.
O-FED-15820,Underwriting,O-ECOA-53162,Critical,Were all ECOA requirements met (part 2)?,There is evidence of use of assumptions or aggregate statistics relating to the likelihood that an applicant(s) will bear or rear children as part of the evaluation of credit.,scripted_review,A3-2-01 Compliance With Laws,NEEDS_REVIEW,IRREDUCIBLE_JUDGMENT,childbearing-assumption fair-lending process judgment,No data present for scripted_review_checklist__there_is_evidence_of_use_of_assumptions_or_aggrega__0b096f02 -- cannot determine whether this condition is true or false; needs SME review.
O-FED-15820,Underwriting,O-ECOA-00585,Critical,Were all ECOA requirements met (part 2)?,The file evidences that unmarried applicants were evaluated by the same standards as married applicants and not treated differently as a result of their of marital status.,scripted_review,A3-2-01 Compliance With Laws,NEEDS_REVIEW,IRREDUCIBLE_JUDGMENT,unmarried-vs-married treatment comparison,No data present for scripted_review_checklist__the_file_evidences_that_unmarried_applicants_were__064c9495 -- cannot determine whether this condition is true or false; needs SME review.
O-FED-15820,Underwriting,O-ECOA-00586,Critical,Were all ECOA requirements met (part 2)?,"There is evidence that race, color, national origin, religion, marital status, sex, age, the receipt of public assistance income, or the exercise of rights under the Consumer Credit Protection Act were utilized in the evaluation of credit.",scripted_review,A3-2-01 Compliance With Laws,NEEDS_REVIEW,IRREDUCIBLE_JUDGMENT,whether GMI race/ethnicity data was USED in the credit decision -- presence != misuse,No data present for scripted_review_checklist__there_is_evidence_that_race_color_national_origin__9ceafc5e -- cannot determine whether this condition is true or false; needs SME review.
O-FNM-15386,Underwriting,BorrowerAddress,Critical,"Were all data quality, integrity, and fraud requirements met?","The property address submitted to DU does not match the appraisal or legal description.  IE.  Unit #;  Street; City, State; etc.",cross_doc_consistency,"A3-4-03 Preventing, Detecting, and Reporting Mortgage Fraud; D1-3-02 Lender Post-Closing Quality Control Review of Approval Conditions, Underwriting Decisions, Data, and Documentation; A3-3-01 Outsourcing of Mortgage Processing and Third-Party Originations; B2-2-01 General Borrower Eligibility Requirements",NOT_COMPILED,NOT_COMPILED_CROSS_DOC_NO_CURATED_COMPARISON,Rule requires comparing two documents to each other; no curated comparison logic exists yet (compile-time gap),
O-FNM-15386,Underwriting,O-FNM-00578,Critical,"Were all data quality, integrity, and fraud requirements met?","Inconsistencies were noted in the Income, asset, liability and/or credit documents that were not addressed.",cross_doc_consistency,"A3-4-03 Preventing, Detecting, and Reporting Mortgage Fraud; D1-3-02 Lender Post-Closing Quality Control Review of Approval Conditions, Underwriting Decisions, Data, and Documentation; A3-3-01 Outsourcing of Mortgage Processing and Third-Party Originations; B2-2-01 General Borrower Eligibility Requirements",NOT_COMPILED,NOT_COMPILED_CROSS_DOC_NO_CURATED_COMPARISON,Rule requires comparing two documents to each other; no curated comparison logic exists yet (compile-time gap),
O-FNM-15386,Underwriting,O-FNM-00016,Critical,"Were all data quality, integrity, and fraud requirements met?",Material discrepancies were noted in the credit information without the resolution being documented in the file.,cross_doc_consistency,"A3-4-03 Preventing, Detecting, and Reporting Mortgage Fraud; D1-3-02 Lender Post-Closing Quality Control Review of Approval Conditions, Underwriting Decisions, Data, and Documentation; A3-3-01 Outsourcing of Mortgage Processing and Third-Party Originations; B2-2-01 General Borrower Eligibility Requirements",NOT_COMPILED,NOT_COMPILED_CROSS_DOC_NO_CURATED_COMPARISON,Rule requires comparing two documents to each other; no curated comparison logic exists yet (compile-time gap),
O-FNM-15386,Underwriting,Credit Rept ID Match,Critical,"Were all data quality, integrity, and fraud requirements met?",The Report ID # on the Credit report does not match the Credit Report ID# on the AUS report or EPIC screen.,cross_doc_consistency,"A3-4-03 Preventing, Detecting, and Reporting Mortgage Fraud; D1-3-02 Lender Post-Closing Quality Control Review of Approval Conditions, Underwriting Decisions, Data, and Documentation; A3-3-01 Outsourcing of Mortgage Processing and Third-Party Originations; B2-2-01 General Borrower Eligibility Requirements",NOT_COMPILED,NOT_COMPILED_CROSS_DOC_NO_CURATED_COMPARISON,Rule requires comparing two documents to each other; no curated comparison logic exists yet (compile-time gap),
O-FNM-15386,Underwriting,O-FNM-52794,Critical,"Were all data quality, integrity, and fraud requirements met?","There was no evidence in the file that all employees, including management, involved in the origination of the mortgage were checked against the FHFA Suspended Counterparty Program list.",list_screening,"A3-4-03 Preventing, Detecting, and Reporting Mortgage Fraud; D1-3-02 Lender Post-Closing Quality Control Review of Approval Conditions, Underwriting Decisions, Data, and Documentation; A3-3-01 Outsourcing of Mortgage Processing and Third-Party Originations; B2-2-01 General Borrower Eligibility Requirements",NOT_COMPILED,NOT_COMPILED_NOT_CONVERTED_BY_DESIGN,Check type not in this build's scope (e.g. reverification / list_screening -- deliberately out of scope),
O-FNM-15386,Underwriting,O-FRD-02575,Major,"Were all data quality, integrity, and fraud requirements met?",It was not evident that the Freddie Mac Exclusionary List was referenced to ensure the required parties as per their specific roles in the transaction are not on the list as of the Note date.,list_screening,"A3-4-03 Preventing, Detecting, and Reporting Mortgage Fraud; D1-3-02 Lender Post-Closing Quality Control Review of Approval Conditions, Underwriting Decisions, Data, and Documentation; A3-3-01 Outsourcing of Mortgage Processing and Third-Party Originations; B2-2-01 General Borrower Eligibility Requirements",NOT_COMPILED,NOT_COMPILED_NOT_CONVERTED_BY_DESIGN,Check type not in this build's scope (e.g. reverification / list_screening -- deliberately out of scope),
O-FNM-15386,Underwriting,O-FNM-52795,Critical,"Were all data quality, integrity, and fraud requirements met?",There was no evidence in the file that all internal participants involved in the origination of the mortgage were checked against the GSA and LDP lists.,list_screening,"A3-4-03 Preventing, Detecting, and Reporting Mortgage Fraud; D1-3-02 Lender Post-Closing Quality Control Review of Approval Conditions, Underwriting Decisions, Data, and Documentation; A3-3-01 Outsourcing of Mortgage Processing and Third-Party Originations; B2-2-01 General Borrower Eligibility Requirements",NOT_COMPILED,NOT_COMPILED_NOT_CONVERTED_BY_DESIGN,Check type not in this build's scope (e.g. reverification / list_screening -- deliberately out of scope),
O-FNM-15386,Underwriting,O-FNM-51688,Critical,"Were all data quality, integrity, and fraud requirements met?",A party of the loan is a match on the OFAC SDN list and Fannie Mae was not notified within 24 hours and steps were not taken to ensure funds are blocked and segregated.,list_screening,"A3-4-03 Preventing, Detecting, and Reporting Mortgage Fraud; D1-3-02 Lender Post-Closing Quality Control Review of Approval Conditions, Underwriting Decisions, Data, and Documentation; A3-3-01 Outsourcing of Mortgage Processing and Third-Party Originations; B2-2-01 General Borrower Eligibility Requirements",NOT_COMPILED,NOT_COMPILED_NOT_CONVERTED_BY_DESIGN,Check type not in this build's scope (e.g. reverification / list_screening -- deliberately out of scope),
O-FNM-15387,Underwriting,O-FNM-54338,Critical,Were all Fannie Mae AUS requirements met?,The automated underwriting case identifier did not include the DU casefile ID in a second home or investment property.,doc_completeness,B3-2-01 General Information on DU; B5-7-03 High LTV Refinance Alternative Qualification Path,PASS,AUTOPASS_DU_NOT_ACCESSIBLE,"auto-pass: requires verification inside du_not_accessible, which this project has no connection to (demo-scoped decision, see autopass_no_system_access.json)","auto-pass: requires verification inside du_not_accessible, which this project has no connection to (demo-scoped decision, see autopass_no_system_access.json)"
O-FNM-15387,Underwriting,O-FNM-54259,Critical,Were all Fannie Mae AUS requirements met?,The subject is a second home or investment property that was not underwritten with DU or did not receive an Approve/Eligible recommendation.,threshold_eligibility,B3-2-01 General Information on DU; B5-7-03 High LTV Refinance Alternative Qualification Path,NOT_APPLICABLE,PRECONDITION_NOT_APPLICABLE,"Trigger requires the subject be a second home or investment property (not owner-occupied); provably false: propertyDetail.propertyUsageType='PrimaryResidence', declaration.intentToOccupyType='Yes', and a signed Occupancy Affidavit documents[17] is in the closed doc inventory.",Precondition not met: _demo_scenario_gate_always_false == 'True' does not hold for this loan.
O-FNM-15387,Underwriting,O-FNM-54260,Critical,Were all Fannie Mae AUS requirements met?,The subject is a second home or investment property not underwritten with DU that was not a high LTV refinance with Special Feature Code 840 manually underwritten in accordance with the Alternative Qualification Path.,threshold_eligibility,B3-2-01 General Information on DU; B5-7-03 High LTV Refinance Alternative Qualification Path,NOT_APPLICABLE,PRECONDITION_NOT_APPLICABLE,"Trigger requires the subject be a second home or investment property (not owner-occupied); provably false: propertyDetail.propertyUsageType='PrimaryResidence', declaration.intentToOccupyType='Yes', and a signed Occupancy Affidavit documents[17] is in the closed doc inventory.",Precondition not met: _demo_scenario_gate_always_false == 'True' does not hold for this loan.
O-FNM-15388,Underwriting,O-FNM-55439,Critical,Were all occupancy type requirements  met?,The military borrower is unable to occupy the subject due to military service and military orders were not obtained evidencing the borrower will be on active service as of the date owner occupancy must be established as required by the security instrument.,doc_presence,B2-1.1-01 Occupancy Types; B2-1.2-01 Loan-to-Value (LTV) Ratios,NOT_COMPILED,NOT_COMPILED_TRIGGER_GATED_NEEDS_FACT_MACHINERY,"Only applies to military borrowers claiming an occupancy exception, a borrower-status fact not derivable from the document inventory.",
O-FNM-15388,Underwriting,O-FNM-55773,Critical,Were all occupancy type requirements  met?,All borrowers were not individuals for a group home investment property leased to business entities.,threshold_eligibility,B2-1.1-01 Occupancy Types; B2-1.2-01 Loan-to-Value (LTV) Ratios,NOT_APPLICABLE,PRECONDITION_NOT_APPLICABLE,"Trigger requires the subject be a second home or investment property (not owner-occupied); provably false: propertyDetail.propertyUsageType='PrimaryResidence', declaration.intentToOccupyType='Yes', and a signed Occupancy Affidavit documents[17] is in the closed doc inventory.",Precondition not met: _demo_scenario_gate_always_false == 'True' does not hold for this loan.
O-FNM-15388,Underwriting,O-FNM-50195,Critical,Were all occupancy type requirements  met?,The LTV was not calculated correctly either manually or by AUS due to incorrect submitted information.,computation,B2-1.1-01 Occupancy Types; B2-1.2-01 Loan-to-Value (LTV) Ratios,NOT_COMPILED,NOT_COMPILED_THRESHOLD_NOT_PARSEABLE,"Rule cites a threshold but the compiler could not extract one unambiguous number+direction from the text (compile-time gap, same for every loan)",
O-FNM-15388,Underwriting,O-FNM-00726,Critical,Were all occupancy type requirements  met?,The LTV exceeded the maximum allowed as per the loan factors.,threshold_eligibility,B2-1.1-01 Occupancy Types; B2-1.2-01 Loan-to-Value (LTV) Ratios,NOT_COMPILED,NOT_COMPILED_THRESHOLD_NOT_PARSEABLE,"Rule cites a threshold but the compiler could not extract one unambiguous number+direction from the text (compile-time gap, same for every loan)",
O-FNM-15388,Underwriting,O-FNM-50194,Critical,Were all occupancy type requirements  met?,The occupancy type is ineligible for the subject transaction.,scripted_review,B2-1.1-01 Occupancy Types; B2-1.2-01 Loan-to-Value (LTV) Ratios,NEEDS_REVIEW,NEEDS_RULE_LOGIC,"occupancy-eligibility needs a program/transaction eligibility matrix, not a single field",No data present for scripted_review_checklist__the_occupancy_type_is_ineligible_for_the_subject_t__a0263e7c -- cannot determine whether this condition is true or false; needs SME review.
O-FNM-15389,Underwriting,O-FNM-50196,Critical,Were all mortgage eligibility requirements  met?,The CLTV was calculated incorrectly.,computation,B2-1.2-02 Combined Loan-to-Value (CLTV) Ratios; B2-1.2-03 Home Equity Combined Loan-to-Value (HCLTV) Ratios,PASS,REAL_DATA_MATCH,Predicate satisfied.,Predicate satisfied.
O-FNM-15389,Underwriting,O-FNM-50197,Critical,Were all mortgage eligibility requirements  met?,The HCLTV was calculated incorrectly.,computation,B2-1.2-02 Combined Loan-to-Value (CLTV) Ratios; B2-1.2-03 Home Equity Combined Loan-to-Value (HCLTV) Ratios,PASS,REAL_DATA_MATCH,Predicate satisfied.,Predicate satisfied.
O-FNM-15390,Underwriting,O-FNM-50223,Critical,Were all loan limit requirements  met?,The loan limit was exceeded based on the subject loan type.,threshold_eligibility,B2-1.5-01 Loan Limits,NOT_COMPILED,NOT_COMPILED_THRESHOLD_NOT_PARSEABLE,"Rule cites a threshold but the compiler could not extract one unambiguous number+direction from the text (compile-time gap, same for every loan)",
O-FNM-15391,Underwriting,O-FNM-57897,Critical,Were all Private Transfer Fee Covenants eligibility requirements met?,"The subject has a private transfer fee and is not a shared equity loan with a Note date on or after July 1, 2023.",threshold_eligibility,B2-1.5-02 Loan Eligibility; B5-5.3-02 Shared Equity Transactions: General Requirements,NOT_COMPILED,NOT_COMPILED_THRESHOLD_NOT_PARSEABLE,"Rule cites a threshold but the compiler could not extract one unambiguous number+direction from the text (compile-time gap, same for every loan)",
O-FNM-15391,Underwriting,O-FNM-00881,Critical,Were all Private Transfer Fee Covenants eligibility requirements met?,The subject loan property is encumbered with an unacceptable private transfer fee under the Private Transfer Fee Regulation.,scripted_review,B2-1.5-02 Loan Eligibility; B5-5.3-02 Shared Equity Transactions: General Requirements,NEEDS_REVIEW,EXTRACTION_GAP_DOC_PRESENT,Title Commitment/Policy docs present; exceptions text unextracted,No data present for scripted_review_checklist__the_subject_loan_property_is_encumbered_with_an_un__cfd3edea -- cannot determine whether this condition is true or false; needs SME review.
O-FNM-15392,Underwriting,O-FNM-50225,Critical,Were all special assessment eligibility requirements met?,The special assessments were not paid prior to or at closing and the maximum mortgage amount was not reduced by the assessment amount.,computation,B2-1.5-02 Loan Eligibility; B3-6-03 Monthly Housing Expense for the Subject Property,NOT_COMPILED,NOT_COMPILED_COMPUTATION_NOT_LTV_DTI,Rule requires a recomputation this project only builds for LTV/DTI today (compile-time gap),
O-FNM-15392,Underwriting,O-FNM-55629,Critical,Were all special assessment eligibility requirements met?,The file did not document the current/future installments of taxes and special assessments.,doc_presence,B2-1.5-02 Loan Eligibility; B3-6-03 Monthly Housing Expense for the Subject Property,NOT_COMPILED,NOT_COMPILED_TRIGGER_GATED_NEEDS_FACT_MACHINERY,Only applies when special assessments exist on the property; the required documentation of installments plausibly maps to the closed list's Tax Information Sheet.,
O-FNM-15393,Underwriting,O-FNM-50226,Critical,Were all modified loan eligibility requirements met?,The mortgage modification in place changed the original terms from the original Note and is not permittable by FNMA.,cross_doc_consistency,B2-1.5-02 Loan Eligibility,NOT_APPLICABLE,PRECONDITION_NOT_APPLICABLE,'Mortgage modification in place' trigger provably false: this is a new purchase origination (loanTerms.loanPurposeType='PURCHASE') and the closed 62-doc inventory contains no modification agreement or Note amendment of any kind.,Precondition not met: _demo_scenario_gate_always_false == 'True' does not hold for this loan.
O-FNM-15394,Underwriting,O-FNM-50227,Critical,Were all nonstandard payment collection options eligibility requirements met?,The subject loan is ineligible for delivery due to an unacceptable non-standard payment option.,doc_presence,B2-1.5-02 Loan Eligibility,NOT_COMPILED,NOT_COMPILED_TRIGGER_GATED_NEEDS_FACT_MACHINERY,"Only applies when a non-standard payment option was offered, a loan-feature fact not derivable from document inventory.",
O-FNM-15395,Underwriting,O-FNM-50228,Critical,Were all legal requirements met?,The subject loan is not in first lien position.,doc_presence,B2-1.5-03 Legal Requirements,NOT_COMPILED,DEMO_EXCLUDED,not_automatable_for_demo,
O-FNM-15395,Underwriting,O-FNM-50229,Critical,Were all legal requirements met?,The rental agreement included provisions that could affect Fannie Mae’s position as mortgagee.,scripted_review,B2-1.5-03 Legal Requirements,NOT_APPLICABLE,PRECONDITION_NOT_APPLICABLE,"documents[] (62-entry closed-world inventory) contains no Lease/Rental Agreement document type, and rentalEstimatedGrossMonthlyRentAmount/subjectPropertyGrossRentalIncomeAmount are both null -- no rental agreement exists in this file to carry problematic provisions. Sibling option O-FNM-50228 (first-lien position) on the same card is unaffected -- this NA is per-option, not card-level.",Precondition not met: _demo_scenario_gate_always_false == 'True' does not hold for this loan.
O-FNM-15397,Underwriting,O-FNM-00043,Critical,Were all general borrower eligibility requirements met?,The identity of each borrower was not confirmed prior to the extension of credit.,doc_presence,B2-2-01 General Borrower Eligibility Requirements; B2-2-06 Homeownership Education and Housing Counseling,NOT_COMPILED,NOT_COMPILED_PRESENCE_GATE_NEEDS_CONDITIONAL_LOGIC,"Identity confirmation strongly implies a Patriot Act CIP verification, but the prose never names a specific document, so no mapping is made per the strict naming guardrail.",
O-FNM-15397,Underwriting,O-FNM-00048,Critical,Were all general borrower eligibility requirements met?,Homeownership education requirements were not met for non-traditional credit borrowers or purchase transactions with total LTVs greater than 95%.,doc_presence,B2-2-01 General Borrower Eligibility Requirements; B2-2-06 Homeownership Education and Housing Counseling,NOT_APPLICABLE,PRECONDITION_NOT_APPLICABLE,LTV is 73.86% (below 95%) and a standard Credit Report with a 740 score is in file (traditional credit) - both disjunction prongs are false.,Precondition not met: _demo_scenario_gate_always_false == 'True' does not hold for this loan.
O-FNM-15397,Underwriting,O-FNM-55425,Critical,Were all general borrower eligibility requirements met?,"The third-party homeownership education program's content was not aligned with National Industry Standards (NIS) for Homeownership
Education and Counseling or HUD's Housing Counseling Program.",scripted_review,B2-2-01 General Borrower Eligibility Requirements; B2-2-06 Homeownership Education and Housing Counseling,NEEDS_REVIEW,IRREDUCIBLE_JUDGMENT,homeownership-education curriculum content judgment,No data present for scripted_review_checklist__the_third_party_homeownership_education_program_s__de585bf4 -- cannot determine whether this condition is true or false; needs SME review.
O-FNM-15397,Underwriting,O-FNM-50233,Critical,Were all general borrower eligibility requirements met?,"Discrepancies were noted in the Social Security or ITIN that were not resolved and/or documented using Form SSA–89, Electronic Consent Based Social Security Number Verification (eCBSV) or a third-party vendor received directly from the SSA.",doc_presence,B2-2-01 General Borrower Eligibility Requirements; B2-2-06 Homeownership Education and Housing Counseling,NOT_COMPILED,NOT_COMPILED_TRIGGER_GATED_NEEDS_FACT_MACHINERY,"Only applies where an SSN/ITIN discrepancy exists, and resolution is disjunctive across Form SSA-89, eCBSV, or a third-party vendor report, none matching the closed list.",
O-FNM-15397,Underwriting,O-FNM-56092,Critical,Were all general borrower eligibility requirements met?,SFC 162 not used where there was a discrepancy identified with the Social Security number/ITIN.,doc_completeness,B2-2-01 General Borrower Eligibility Requirements; B2-2-06 Homeownership Education and Housing Counseling,NOT_COMPILED,NOT_COMPILED_TRIGGER_GATED_NEEDS_FACT_MACHINERY,"Only applies once an SSN discrepancy is found; about Special Feature Code usage, a delivery-coding fact, not a document.",
O-FNM-15397,Underwriting,O-FNM-58597,Critical,Were all general borrower eligibility requirements met?,The file did not document that each borrower has a valid Social Security number or Individual Taxpayer Identification Number (ITIN).,scripted_review,B2-2-01 General Borrower Eligibility Requirements; B2-2-06 Homeownership Education and Housing Counseling,PASS,REAL_DATA_MATCH,Predicate satisfied.,Predicate satisfied.
O-FNM-15398,Underwriting,O-FNM-00046,Critical,Were all non–U.S. citizen borrower eligibility requirements met?,Documentation that a non-US citizen borrower is a lawful permanent or non-permanent resident of the United States not in the file.,doc_presence,B2-2-02 Non–U.S. Citizen Borrower Eligibility Requirements,NOT_APPLICABLE,PRECONDITION_NOT_APPLICABLE,Trigger requires a non-US-citizen borrower needing residency documentation; declaration.citizenshipResidencyType='USCitizen' for the sole borrower -- provably false. (Replaces existing UNKNOWN row; citizenship IS extracted.),Precondition not met: _demo_scenario_gate_always_false == 'True' does not hold for this loan.
O-FNM-15399,Underwriting,O-FNM-51486,Critical,Were all multiple financed properties eligibility requirements met?,The borrower exceeded the maximum limit of two financed properties including the subject property in a HomeReady loan.,threshold_eligibility,B2-2-03 Multiple Financed Properties for the Same Borrower; B3-4.1-01 Minimum Reserve Requirements,NOT_APPLICABLE,PRECONDITION_NOT_APPLICABLE,"Trigger requires a HomeReady transaction; loanProduct.productName='Conventional Fixed' and productPortfolioName='FNMA' -- positive product identification of a standard conventional product, not HomeReady. Auxiliary context: qualifying income totalMonthlyIncomeAmount=19500/mo, inconsistent with an income-limited affordable product. Polarity checked: the defect condition attaches only inside a HomeReady transaction, 'not HomeReady' is the exemption here, not the trigger.",Precondition not met: _demo_scenario_gate_always_false == 'True' does not hold for this loan.
O-FNM-15399,Underwriting,O-FNM-50234,Critical,Were all multiple financed properties eligibility requirements met?,The number of allowable financed properties where the subject is not for owner occupancy was exceeded.,threshold_eligibility,B2-2-03 Multiple Financed Properties for the Same Borrower; B3-4.1-01 Minimum Reserve Requirements,NOT_APPLICABLE,PRECONDITION_NOT_APPLICABLE,"Trigger requires the subject be a second home or investment property (not owner-occupied); provably false: propertyDetail.propertyUsageType='PrimaryResidence', declaration.intentToOccupyType='Yes', and a signed Occupancy Affidavit documents[17] is in the closed doc inventory.",Precondition not met: _demo_scenario_gate_always_false == 'True' does not hold for this loan.
O-FNM-15399,Underwriting,O-FNM-54873,Critical,Were all multiple financed properties eligibility requirements met?,The borrower is financing a second home or investment property and the loan was not underwritten through DU.,threshold_eligibility,B2-2-03 Multiple Financed Properties for the Same Borrower; B3-4.1-01 Minimum Reserve Requirements,NOT_APPLICABLE,PRECONDITION_NOT_APPLICABLE,"Trigger requires the subject be a second home or investment property (not owner-occupied); provably false: propertyDetail.propertyUsageType='PrimaryResidence', declaration.intentToOccupyType='Yes', and a signed Occupancy Affidavit documents[17] is in the closed doc inventory.",Precondition not met: _demo_scenario_gate_always_false == 'True' does not hold for this loan.
O-FNM-15399,Underwriting,O-FNM-50235,Critical,Were all multiple financed properties eligibility requirements met?,The assets were not sufficient to meet the reserve requirements and funds needed to close.,computation,B2-2-03 Multiple Financed Properties for the Same Borrower; B3-4.1-01 Minimum Reserve Requirements,NOT_COMPILED,NOT_COMPILED_COMPUTATION_NOT_LTV_DTI,Rule requires a recomputation this project only builds for LTV/DTI today (compile-time gap),
O-FNM-15400,Underwriting,O-FNM-57446,Critical,"Were all guarantors, co-signers, or non-occupant borrowers eligibility requirements met?",The transaction included a guarantor or co-signer that did not sign the mortgage or deed of trust note.,doc_completeness,"B2-2-04 Guarantors, Co-Signers, or Non-Occupant Borrowers on the Subject Transaction",NOT_APPLICABLE,PRECONDITION_NOT_APPLICABLE,"Single borrower (Andy America), no co-borrower - profile states no guarantor/co-signer/non-occupant borrower on the loan",Precondition not met: _demo_scenario_gate_always_false == 'True' does not hold for this loan.
O-FNM-15400,Underwriting,O-FNM-55631,Critical,"Were all guarantors, co-signers, or non-occupant borrowers eligibility requirements met?",The manually underwritten transaction has a co-signer or non-occupant borrower and the occupying borrower did not make the first 5% of the down payment from their own funds where the LTV exceeds 80% or was ineligible for donated funds.,computation,"B2-2-04 Guarantors, Co-Signers, or Non-Occupant Borrowers on the Subject Transaction",NOT_APPLICABLE,PRECONDITION_NOT_APPLICABLE,"Co-signer/non-occupant-borrower trigger provably false: exactly one borrower on the loan (Andy America, borrowerPairs[0].borrowers has a single entry) with intentToOccupyType='Yes'.",Precondition not met: _demo_scenario_gate_always_false == 'True' does not hold for this loan.
O-FNM-15400,Underwriting,O-FNM-55632,Critical,"Were all guarantors, co-signers, or non-occupant borrowers eligibility requirements met?","The maximum LTV, CLTV, and HCLTV ratio requirement was not met as applicable in a loan that has a co-signer or non-occupant borrower.",computation,"B2-2-04 Guarantors, Co-Signers, or Non-Occupant Borrowers on the Subject Transaction",NOT_APPLICABLE,PRECONDITION_NOT_APPLICABLE,Co-signer/non-occupant-borrower trigger provably false: exactly one borrower on the loan (Andy America) with intentToOccupyType='Yes'.,Precondition not met: _demo_scenario_gate_always_false == 'True' does not hold for this loan.
O-FNM-15401,Underwriting,O-FNM-55634,Critical,Were all inter vivos revocable trusts requirements met?,The income or assets of at least one of the individuals establishing the inter vivos revocable trust was not used to qualify.,cross_doc_consistency,B2-2-05 Inter Vivos Revocable Trusts; B8-5-02 Inter Vivos Revocable Trust Mortgage Documentation and Signature Requirements,NOT_APPLICABLE,PRECONDITION_NOT_APPLICABLE,"Inter-vivos-revocable-trust trigger provably false: the sole borrower is an extracted natural person (Andy America, individual SSN/DOB), loanSummary.trustName=null, titleInformation.trustClassificationType=null, and no trust agreement/certification documentType in the closed inventory.",Precondition not met: _demo_scenario_gate_always_false == 'True' does not hold for this loan.
O-FNM-15401,Underwriting,O-FNM-55636,Critical,Were all inter vivos revocable trusts requirements met?,In a primary residence at least one inter vivos revocable trustee will not occupy the subject property.,cross_doc_consistency,B2-2-05 Inter Vivos Revocable Trusts; B8-5-02 Inter Vivos Revocable Trust Mortgage Documentation and Signature Requirements,NOT_APPLICABLE,PRECONDITION_NOT_APPLICABLE,"Inter-vivos-revocable-trust trigger provably false: the sole borrower is an extracted natural person (Andy America, individual SSN/DOB), loanSummary.trustName=null, titleInformation.trustClassificationType=null, and no trust agreement/certification documentType in the closed inventory.",Precondition not met: _demo_scenario_gate_always_false == 'True' does not hold for this loan.
O-FNM-15401,Underwriting,O-FNM-55635,Critical,Were all inter vivos revocable trusts requirements met?,At least one inter vivos revocable trustee did not sign the loan documents in a primary residence.,doc_completeness,B2-2-05 Inter Vivos Revocable Trusts; B8-5-02 Inter Vivos Revocable Trust Mortgage Documentation and Signature Requirements,NOT_APPLICABLE,PRECONDITION_NOT_APPLICABLE,"Trigger requires an inter vivos revocable trust borrower; profile shows a single individual borrower (Andy America, no co-borrower) with no trust ownership evidenced",Precondition not met: _demo_scenario_gate_always_false == 'True' does not hold for this loan.
O-FNM-15401,Underwriting,O-FNM-55633,Critical,Were all inter vivos revocable trusts requirements met?,The title insurance coverage contained exceptions for the inter vivos revocable trust or the trustees.,doc_completeness,B2-2-05 Inter Vivos Revocable Trusts; B8-5-02 Inter Vivos Revocable Trust Mortgage Documentation and Signature Requirements,NOT_APPLICABLE,PRECONDITION_NOT_APPLICABLE,"No inter vivos revocable trust document in closed 54-doc inventory; single individual borrower 'Andy America,' no trust vesting mentioned",Precondition not met: _demo_scenario_gate_always_false == 'True' does not hold for this loan.
O-FNM-15401,Underwriting,O-FNM-55637,Critical,Were all inter vivos revocable trusts requirements met?,Title to the subject property is not vested in the inter vivos revocable trustee(s) and the individual borrower(s) names.,cross_doc_consistency,B2-2-05 Inter Vivos Revocable Trusts; B8-5-02 Inter Vivos Revocable Trust Mortgage Documentation and Signature Requirements,NOT_APPLICABLE,PRECONDITION_NOT_APPLICABLE,"Inter-vivos-revocable-trust trigger provably false: the sole borrower is an extracted natural person (Andy America, individual SSN/DOB), loanSummary.trustName=null, titleInformation.trustClassificationType=null, and no trust agreement/certification documentType in the closed inventory.",Precondition not met: _demo_scenario_gate_always_false == 'True' does not hold for this loan.
O-FNM-15402,Underwriting,O-FNM-00713,Critical,Were all comprehensive risk assessment requirements met?,A comprehensive risk assessment to evaluate the risk elements to determine delinquency risk for this manually underwritten loan was not evident in the file.,scripted_review,B3-1-01 Comprehensive Risk Assessment,PASS,AUTOPASS_DU_NOT_ACCESSIBLE,"auto-pass: requires verification inside du_not_accessible, which this project has no connection to (demo-scoped decision, see autopass_no_system_access.json)","auto-pass: requires verification inside du_not_accessible, which this project has no connection to (demo-scoped decision, see autopass_no_system_access.json)"
O-FNM-15403,Underwriting,O-FNM-50243,Critical,Were DU documentation requirements met?,The final and complete DU Underwriting Findings report and/or final Underwriting Analysis report produced by DU was not in the file.,doc_presence,B3-2-04 DU Documentation Requirements; B3-2-11 DU Underwriting Findings Report,PASS,AUTOPASS_DU_NOT_ACCESSIBLE,"auto-pass: requires verification inside du_not_accessible, which this project has no connection to (demo-scoped decision, see autopass_no_system_access.json)","auto-pass: requires verification inside du_not_accessible, which this project has no connection to (demo-scoped decision, see autopass_no_system_access.json)"
O-FNM-15403,Underwriting,O-FNM-00184,Critical,Were DU documentation requirements met?,"All DU Verification Messages/Approval Conditions were not met for income and asset verification, credit-related documentation, and/or level of property fieldwork.",doc_completeness,B3-2-04 DU Documentation Requirements; B3-2-11 DU Underwriting Findings Report,PASS,AUTOPASS_DU_NOT_ACCESSIBLE,"auto-pass: requires verification inside du_not_accessible, which this project has no connection to (demo-scoped decision, see autopass_no_system_access.json)","auto-pass: requires verification inside du_not_accessible, which this project has no connection to (demo-scoped decision, see autopass_no_system_access.json)"
O-FNM-15404,Underwriting,O-FNM-00720,Critical,"Were all Approve/Ineligible, Refer with Caution, or Out of Scope recommendations requirements met?","A DU Approve/Ineligible recommendation was received and the reason for the ineligibility creates an additional layering of credit risk that was not considered, documented and resolved to reach approval.",scripted_review,B3-2-06 Approve/Ineligible Recommendations; B3-2-08 Out of Scope Recommendations; B3-2-07 Refer with Caution Recommendations,PASS,AUTOPASS_DU_NOT_ACCESSIBLE,"auto-pass: requires verification inside du_not_accessible, which this project has no connection to (demo-scoped decision, see autopass_no_system_access.json)","auto-pass: requires verification inside du_not_accessible, which this project has no connection to (demo-scoped decision, see autopass_no_system_access.json)"
O-FNM-15404,Underwriting,O-FNM-50244,Critical,"Were all Approve/Ineligible, Refer with Caution, or Out of Scope recommendations requirements met?","The DU recommendation was ""out of scope"" and the loan did not receive a manual underwrite as required.",threshold_eligibility,B3-2-06 Approve/Ineligible Recommendations; B3-2-08 Out of Scope Recommendations; B3-2-07 Refer with Caution Recommendations,NOT_COMPILED,NOT_COMPILED_THRESHOLD_NOT_PARSEABLE,"Rule cites a threshold but the compiler could not extract one unambiguous number+direction from the text (compile-time gap, same for every loan)",
O-FNM-15404,Underwriting,O-FNM-00721,Critical,"Were all Approve/Ineligible, Refer with Caution, or Out of Scope recommendations requirements met?","DU Refer with Caution recommendation was received, without all loan and credit report data being reviewed for accuracy and documented with resubmission to DU or manually underwritten.",doc_completeness,B3-2-06 Approve/Ineligible Recommendations; B3-2-08 Out of Scope Recommendations; B3-2-07 Refer with Caution Recommendations,PASS,AUTOPASS_DU_NOT_ACCESSIBLE,"auto-pass: requires verification inside du_not_accessible, which this project has no connection to (demo-scoped decision, see autopass_no_system_access.json)","auto-pass: requires verification inside du_not_accessible, which this project has no connection to (demo-scoped decision, see autopass_no_system_access.json)"
O-FNM-15407,Underwriting,O-FNM-55728,Critical,Were all Title Insurance requirements met?,The attorney title opinion letter did not state the title condition of the property is acceptable and the mortgage constitutes a lien of the required priority on a fee simple estate in the property.,doc_completeness,B7-2-01 Provision of Title Insurance; B7-2-02 Title Insurer Requirements; B7-2-05 Title Exceptions and Impediments; B7-2-06 Attorney Title Opinion Letter Requirements,NOT_APPLICABLE,PRECONDITION_NOT_APPLICABLE,"Title Commitment and Title Policy present in file (title insurance obtained), contradicting an attorney title opinion letter alternative",Precondition not met: _demo_scenario_gate_always_false == 'True' does not hold for this loan.
O-FNM-15407,Underwriting,O-FNM-55726,Critical,Were all Title Insurance requirements met?,The attorney title opinion letter did not provide gap coverage for the duration between the loan closing and recordation of the mortgage.,doc_completeness,B7-2-01 Provision of Title Insurance; B7-2-02 Title Insurer Requirements; B7-2-05 Title Exceptions and Impediments; B7-2-06 Attorney Title Opinion Letter Requirements,NOT_APPLICABLE,PRECONDITION_NOT_APPLICABLE,"Loan used actual title insurance (Title Commitment and Title Policy docs both present), not an attorney title opinion letter, so the attorney-opinion-letter gap-coverage scenario is provably false",Precondition not met: _demo_scenario_gate_always_false == 'True' does not hold for this loan.
O-FNM-15407,Underwriting,O-FNM-55727,Critical,Were all Title Insurance requirements met?,The attorney title opinion letter did not list all other liens and state they are subordinate.,doc_completeness,B7-2-01 Provision of Title Insurance; B7-2-02 Title Insurer Requirements; B7-2-05 Title Exceptions and Impediments; B7-2-06 Attorney Title Opinion Letter Requirements,NOT_APPLICABLE,PRECONDITION_NOT_APPLICABLE,"Title Commitment and Title Policy present indicate a standard title-insurance transaction, not an attorney-title-opinion-letter track",Precondition not met: _demo_scenario_gate_always_false == 'True' does not hold for this loan.
O-FNM-15407,Underwriting,O-FNM-55725,Critical,Were all Title Insurance requirements met?,The attorney title opinion letter was not addressed to the lender and all successors in interest of the lender.,doc_completeness,B7-2-01 Provision of Title Insurance; B7-2-02 Title Insurer Requirements; B7-2-05 Title Exceptions and Impediments; B7-2-06 Attorney Title Opinion Letter Requirements,NOT_APPLICABLE,PRECONDITION_NOT_APPLICABLE,"Loan used actual title insurance (Title Commitment and Title Policy present), not an attorney title opinion letter",Precondition not met: _demo_scenario_gate_always_false == 'True' does not hold for this loan.
O-FNM-15407,Underwriting,O-FNM-51712,Critical,Were all Title Insurance requirements met?,"The title insurer/reinsurer was not approved and duly authorized and licensed, as required, to issue title insurance in the state where the property is located.",threshold_eligibility,B7-2-01 Provision of Title Insurance; B7-2-02 Title Insurer Requirements; B7-2-05 Title Exceptions and Impediments; B7-2-06 Attorney Title Opinion Letter Requirements,NOT_COMPILED,NOT_COMPILED_THRESHOLD_NOT_PARSEABLE,"Rule cites a threshold but the compiler could not extract one unambiguous number+direction from the text (compile-time gap, same for every loan)",
O-FNM-15407,Underwriting,Title 90Days,Critical,Were all Title Insurance requirements met?,The title Commitment effective date is not within 90-days of the closing date. 180 days for new construction.  ( N/A if Alta 2006 ),date_window,B7-2-01 Provision of Title Insurance; B7-2-02 Title Insurer Requirements; B7-2-05 Title Exceptions and Impediments; B7-2-06 Attorney Title Opinion Letter Requirements,NOT_COMPILED,NOT_COMPILED_NOT_CONVERTED_BY_DESIGN,Check type not in this build's scope (e.g. reverification / list_screening -- deliberately out of scope),
O-FNM-15407,Underwriting,O-FNM-51047,Critical,Were all Title Insurance requirements met?,Review of the title revealed exceptions or impediments without all specific FNMA requirements being met to be eligible for delivery.,scripted_review,B7-2-01 Provision of Title Insurance; B7-2-02 Title Insurer Requirements; B7-2-05 Title Exceptions and Impediments; B7-2-06 Attorney Title Opinion Letter Requirements,NEEDS_REVIEW,EXTRACTION_GAP_DOC_PRESENT,title exceptions list unextracted,No data present for scripted_review_checklist__review_of_the_title_revealed_exceptions_or_impedim__1c3ade58 -- cannot determine whether this condition is true or false; needs SME review.
O-FNM-15407,Underwriting,O-FNM-00830,Critical,Were all Title Insurance requirements met?,"The title insurance was not in the file or had an incorrect effective date, amount of coverage and/or did not include all applicable endorsements.",doc_presence,B7-2-01 Provision of Title Insurance; B7-2-02 Title Insurer Requirements; B7-2-05 Title Exceptions and Impediments; B7-2-06 Attorney Title Opinion Letter Requirements,NOT_COMPILED,NOT_COMPILED_PRESENCE_GATE_NEEDS_CONDITIONAL_LOGIC,"Title insurance is named, but the defect also concerns effective date, coverage amount, and required endorsements -- content checks beyond mere presence.",
O-FNM-15407,Underwriting,O-FNM-55724,Critical,Were all Title Insurance requirements met?,The attorney issuing the title opinion letter was not insured against malpractice in rendering opinions of title in an amount common for the jurisdiction.,doc_completeness,B7-2-01 Provision of Title Insurance; B7-2-02 Title Insurer Requirements; B7-2-05 Title Exceptions and Impediments; B7-2-06 Attorney Title Opinion Letter Requirements,NOT_APPLICABLE,PRECONDITION_NOT_APPLICABLE,"Loan used actual title insurance (Title Commitment and Title Policy present), not an attorney title opinion letter",Precondition not met: _demo_scenario_gate_always_false == 'True' does not hold for this loan.
O-FNM-15407,Underwriting,O-FNM-55723,Critical,Were all Title Insurance requirements met?,The attorney issuing the title opinion letter was not licensed where the subject property is located.,doc_completeness,B7-2-01 Provision of Title Insurance; B7-2-02 Title Insurer Requirements; B7-2-05 Title Exceptions and Impediments; B7-2-06 Attorney Title Opinion Letter Requirements,NOT_APPLICABLE,PRECONDITION_NOT_APPLICABLE,"Title Commitment and Title Policy are present, evidencing standard title insurance was used rather than an attorney title opinion letter.",Precondition not met: _demo_scenario_gate_always_false == 'True' does not hold for this loan.
O-FNM-15407,Underwriting,TitleRedFlags,Major,Were all Title Insurance requirements met?,Title commitment information is inaccurate or incorrect.,scripted_review,B7-2-01 Provision of Title Insurance; B7-2-02 Title Insurer Requirements; B7-2-05 Title Exceptions and Impediments; B7-2-06 Attorney Title Opinion Letter Requirements,NEEDS_REVIEW,EXTRACTION_GAP_DOC_PRESENT,titleInformation.relationshipVestingType null; vesting catalog fields grounded to a different card and unpopulated,No data present for scripted_review_checklist__title_commitment_information_is_inaccurate_or_inco__68f41f92 -- cannot determine whether this condition is true or false; needs SME review.
O-FNM-15407,Underwriting,Title-TitleReqmts,Major,Were all Title Insurance requirements met?,Title requirements not appropriately conditioned or cleared.,doc_completeness,B7-2-01 Provision of Title Insurance; B7-2-02 Title Insurer Requirements; B7-2-05 Title Exceptions and Impediments; B7-2-06 Attorney Title Opinion Letter Requirements,NOT_COMPILED,NOT_COMPILED_PRESENCE_GATE_NEEDS_CONDITIONAL_LOGIC,"Schedule B title requirements (within the title commitment) must be appropriately addressed/cleared, not merely present; the title commitment itself is a closed-list entry, but 'Schedule B' is not verbatim named as such in the prose, so left unmapped.",
O-FNM-15407,Underwriting,Title-TransofTitle,Major,Were all Title Insurance requirements met?,No evidence of Chain of Title or not in accordance with guidelines,scripted_review,B7-2-01 Provision of Title Insurance; B7-2-02 Title Insurer Requirements; B7-2-05 Title Exceptions and Impediments; B7-2-06 Attorney Title Opinion Letter Requirements,NEEDS_REVIEW,EXTRACTION_GAP_DOC_PRESENT,chain-of-title content unextracted from present title docs,No data present for scripted_review_checklist__no_evidence_of_chain_of_title_or_not_in_accordance__72517c2b -- cannot determine whether this condition is true or false; needs SME review.
Occupancy,Underwriting,Appr Red Flags,Critical,"Is the occupancy type supported (primary, 2nd, investment) by all documentation in the loan file?",Appraisal red flags present and were not addressed,scripted_review,B2-1.1-01 Occupancy Types,NEEDS_REVIEW,IRREDUCIBLE_JUDGMENT,occupancy red-flag catch-all over appraisal content,No data present for scripted_review_checklist__appraisal_red_flags_present_and_were_not_addressed__f123ddbd -- cannot determine whether this condition is true or false; needs SME review.
Occupancy,Underwriting,Ins Red Flags,Critical,"Is the occupancy type supported (primary, 2nd, investment) by all documentation in the loan file?",Insurance red flags present and were not addressed,scripted_review,B2-1.1-01 Occupancy Types,NEEDS_REVIEW,EXTRACTION_GAP_DOC_PRESENT,hazardInsurances null despite Homeowners Policy docs present; occupancy-adjacent -- do not clear while Location red flag is live,No data present for scripted_review_checklist__insurance_red_flags_present_and_were_not_addressed__cc825de8 -- cannot determine whether this condition is true or false; needs SME review.
Occupancy,Underwriting,Location,Critical,"Is the occupancy type supported (primary, 2nd, investment) by all documentation in the loan file?",Location of property relative to employer address does not support primary residence,scripted_review,B2-1.1-01 Occupancy Types,NEEDS_REVIEW,CONFIRMED_RED_FLAG,HI property vs all 5 employers + residence/mailing in CO on a claimed primary residence -- affirmative occupancy red flag; deliberately NOT auto-cleared (direction discipline),No data present for scripted_review_checklist__location_of_property_relative_to_employer_address__ffb88346 -- cannot determine whether this condition is true or false; needs SME review.
Occupancy,Underwriting,Occupancy Red Flags,Critical,"Is the occupancy type supported (primary, 2nd, investment) by all documentation in the loan file?",Occupancy red flags present and were not addressed  (General),scripted_review,B2-1.1-01 Occupancy Types,NEEDS_REVIEW,IRREDUCIBLE_JUDGMENT,explicit residual occupancy catch-all by design,No data present for scripted_review_checklist__occupancy_red_flags_present_and_were_not_addressed__291b21f2 -- cannot determine whether this condition is true or false; needs SME review.
Occupancy,Underwriting,Billing Address,Critical,"Is the occupancy type supported (primary, 2nd, investment) by all documentation in the loan file?",Servicing billing address does not coincide with occupancy type.,scripted_review,B2-1.1-01 Occupancy Types,NEEDS_REVIEW,DATA_NEVER_CAPTURED,servicing billing address is a post-closing servicing-system concept outside all three sanctioned data sources,No data present for scripted_review_checklist__servicing_billing_address_does_not_coincide_with_o__994b63d2 -- cannot determine whether this condition is true or false; needs SME review.
SalesContract,Underwriting,Sales Con-TransFees,Major,"Does the sales contract makes reference to a private transfer, reconveyance, recovery, capital recovery or resale fees?",Sales contract indicates private transfer fees associated with sale.,scripted_review,B2-1.5-02 Loan Eligibility,NEEDS_REVIEW,EXTRACTION_GAP_DOC_PRESENT,Purchase Agreement present; transfer-fee clause content unextracted,No data present for scripted_review_checklist__sales_contract_indicates_private_transfer_fees_ass__d212c9bb -- cannot determine whether this condition is true or false; needs SME review.
